symbol,company,sector,industry,price,prev_close,vwap,market_cap,shares_outstanding,ret_1d,ret_5d,ret_1m,ret_3m,ret_6m,ret_1y,rsi14,adx,macd,macd_signal,bb_pct,sma20,sma50,sma200,above_ma20,above_ma50,above_ma200,golden_cross,trend_strength,range_pct,vol_20d,vol_60d,vol_252d,avg_vol_20d,pe_ratio,pb_ratio,ps_ratio,peg_ratio,roe,roa,roic,profit_margin,gross_margin,operating_margin,debt_equity,current_ratio,interest_coverage,revenue_growth,earnings_growth,fcf_growth,eps_growth,dcf_value,dcf_upside,eps,eps_estimate,eps_surprise_pct,earnings_beat_count,analyst_score,strong_buy,buy,hold,sell,total_analysts,beta,short_ratio,short_pct,adj_close_tiingo,tiingo_ret1m,sec_revenue,sec_net_income,high_52w,low_52w,fed_rate,yield_spread,vix,regime,data_confidence,last_updated
AMGN,NA,NA,NA,366.25,366.25,366.678,NA,NA,NA,NA,NA,NA,NA,NA,47.29,17.86223,0.6705,1.4452,0.098,376.34,357.62,315.28,FALSE,TRUE,TRUE,TRUE,55,82.6,23.76,29.93,28.59,2500175,NA,NA,NA,NA,NA,NA,NA,NA,NA,NA,NA,NA,NA,NA,NA,NA,NA,NA,NA,5.29,4.72,12.08,4,63.7,6,15,18,2,42,0.47561342,NA,NA,361.13,-3.276,NA,NA,388.16,262.28,3.64,0.5500000000000003,23.51,NEUTRAL,50,2026-03-17
BA,NA,NA,NA,213.47,NA,NA,NA,NA,NA,NA,NA,NA,NA,NA,39.18,25.49041,-2.7373,-1.8257,0.174,225.96,234.21,219.26,FALSE,FALSE,FALSE,TRUE,35,66.5,33.86,28.61,37.55,6636370,NA,NA,NA,NA,NA,NA,NA,NA,NA,NA,NA,NA,NA,NA,NA,NA,NA,NA,NA,NA,NA,NA,NA,79.1,13,17,7,0,37,1.1673999,NA,NA,NA,NA,NA,NA,252.15,136.59,3.64,0.5500000000000003,23.51,NEUTRAL,50,2026-03-17
BAX,NA,NA,NA,17.08,17.08,17.0958,NA,NA,NA,NA,NA,NA,NA,NA,32.71,26.90595,-4.273,-2.8475,0.119,19.44,19.95,22.86,FALSE,FALSE,FALSE,FALSE,35,0,44.49,51.98,48.92,10845435,NA,NA,NA,NA,NA,NA,NA,NA,NA,NA,NA,NA,NA,NA,NA,NA,NA,NA,NA,NA,NA,NA,NA,55.7,1,4,16,1,22,0.5805583,NA,NA,17.62,-15.002,NA,NA,34.85,17.08,3.64,0.5500000000000003,23.51,NEUTRAL,50,2026-03-17
BDX,NA,NA,NA,160.27,160.27,160.6651,NA,NA,NA,NA,NA,NA,NA,NA,33.99,27.99437,-1.3694,0.0523,0.131,173,166.78,151.14,FALSE,FALSE,TRUE,TRUE,25,54.8,20.14,24.84,31.85,2770480,NA,NA,NA,NA,NA,NA,NA,NA,NA,NA,NA,NA,NA,NA,NA,NA,NA,NA,NA,2.91,3.24,-10.19,3,67.5,5,4,11,0,20,0.26323053,NA,NA,161.64,-8.29,NA,NA,185.39,129.83,3.64,0.5500000000000003,23.51,NEUTRAL,50,2026-03-17
BKNG,NA,NA,NA,4293.02,4293.02,4293.1434,NA,NA,NA,NA,NA,NA,NA,NA,46.14,24.83314,-1.6892,-2.4178,0.584,4236.21,4673.08,5203.94,TRUE,FALSE,FALSE,FALSE,45,21.7,52.36,41.24,32.46,566475,NA,NA,NA,NA,NA,NA,NA,NA,NA,NA,NA,NA,NA,NA,NA,NA,NA,NA,NA,48.8,48.04,1.58,4,76.7,11,26,8,0,45,1.2237358,NA,NA,4442.33,7.546,NA,NA,5815.92,3870.83,3.64,0.5500000000000003,23.51,NEUTRAL,50,2026-03-17
BMY,NA,NA,NA,59.71,59.71,59.5206,NA,NA,NA,NA,NA,NA,NA,NA,49.87,23.44434,0.5904,1.3592,0.245,60.7,58.19,50.17,FALSE,TRUE,TRUE,TRUE,45,86.5,19.07,23.57,28.82,12173805,NA,NA,NA,NA,NA,NA,NA,NA,NA,NA,NA,NA,NA,NA,NA,NA,NA,NA,NA,NA,NA,NA,NA,63.2,6,9,19,2,36,0.2859269,NA,NA,59.71,-1.06,NA,NA,62.37,42.6,3.64,0.5500000000000003,23.51,NEUTRAL,50,2026-03-17
BSX,NA,NA,NA,69.79,69.79,69.5769,NA,NA,NA,NA,NA,NA,NA,NA,32.81,44.68176,-4.6809,-4.7316,0.179,73.2,82.51,96.42,FALSE,FALSE,FALSE,FALSE,40,3.1,27.42,46.6,31.43,12955420,NA,NA,NA,NA,NA,NA,NA,NA,NA,NA,NA,NA,NA,NA,NA,NA,NA,NA,NA,0.8,0.78,2.56,4,81.9,14,23,3,0,40,0.6991332,NA,NA,71.2,-6.672,NA,NA,108.14,68.55,3.64,0.5500000000000003,23.51,NEUTRAL,50,2026-03-17
CAT,NA,NA,NA,699.78,699.78,700.8558,NA,NA,NA,NA,NA,NA,NA,NA,46.1,21.5979,-0.1702,0.9982,0.211,732.05,691.45,527.07,FALSE,TRUE,TRUE,TRUE,35,85,31.2,36.82,33.51,2863445,NA,NA,NA,NA,NA,NA,NA,NA,NA,NA,NA,NA,NA,NA,NA,NA,NA,NA,NA,NA,NA,NA,NA,67.6,8,10,14,2,34,1.5851445,NA,NA,702,-8.206,NA,NA,775,273.94,3.64,0.5500000000000003,23.51,NEUTRAL,50,2026-03-17
CL,NA,NA,NA,90.3,NA,NA,NA,NA,NA,NA,NA,NA,NA,NA,43.86,NA,-0.4321,0.835,0.181,94.27,89.88,84.77,FALSE,TRUE,TRUE,TRUE,40,63.4,25.12,24.74,21.83,6454000,NA,NA,NA,NA,NA,NA,NA,NA,NA,NA,NA,NA,NA,NA,NA,NA,NA,NA,NA,NA,NA,NA,NA,68.3,5,14,10,0,30,0.29028141,NA,NA,89.94,-5.97,NA,NA,99.14,74.98,3.64,0.5500000000000003,23.51,NEUTRAL,50,2026-03-17
CMG,NA,NA,NA,34.08,34.08,33.6382,NA,NA,NA,NA,NA,NA,NA,NA,38.97,23.092533,-3.4296,-2.4314,0.203,36.19,37.95,41.22,FALSE,FALSE,FALSE,FALSE,35,15,39.67,33.84,40.6,15621595,NA,NA,NA,NA,NA,NA,NA,NA,NA,NA,NA,NA,NA,NA,NA,NA,NA,NA,NA,NA,NA,NA,NA,73.3,10,20,13,0,43,1.0397085,NA,NA,34.41,-9.161,NA,NA,58.24,29.81,3.64,0.5500000000000003,23.51,NEUTRAL,50,2026-03-17
COP,NA,NA,NA,121.32,NA,NA,NA,NA,NA,NA,NA,NA,NA,NA,68.38,NA,3.4225,3.2831,0.904,114.7,106.76,95.83,TRUE,TRUE,TRUE,TRUE,60,98.5,28.22,31.82,34.54,10142675,NA,NA,NA,NA,NA,NA,NA,NA,NA,NA,NA,NA,NA,NA,NA,NA,NA,NA,NA,NA,NA,NA,NA,73.5,8,16,8,1,33,0.29494932,NA,NA,122.87,13.811,NA,NA,121.89,82.66,3.64,0.5500000000000003,23.51,NEUTRAL,50,2026-03-17
COST,NA,NA,NA,1001.74,1001.74,1001.9661,NA,NA,NA,NA,NA,NA,NA,NA,54.29,15.48479,0.7988,0.9738,0.599,998.21,973.01,950.51,TRUE,TRUE,TRUE,TRUE,40,73.4,17.96,19.96,21.76,1917275,NA,NA,NA,NA,NA,NA,NA,NA,NA,NA,NA,NA,NA,NA,NA,NA,NA,NA,NA,4.58,4.54,0.88,4,73.9,13,17,13,1,44,1.0044314,NA,NA,996.16,-1.57,NA,NA,1056.85,850,3.64,0.5500000000000003,23.51,NEUTRAL,50,2026-03-17
CRWD,NA,NA,NA,423.84,433.2,432.9786,NA,NA,NA,NA,NA,NA,NA,NA,51.7,21.32777,0.9425,-0.6423,0.65,405.83,428.5,468.5,TRUE,FALSE,FALSE,FALSE,65,43.3,63.64,50.42,46.82,5274715,NA,NA,NA,NA,NA,NA,NA,NA,NA,NA,NA,NA,NA,NA,NA,NA,NA,NA,NA,NA,NA,NA,NA,70.4,11,30,17,1,60,1.0454733,NA,NA,433.2,4.566,NA,NA,557.53,321.63,3.64,0.5500000000000003,23.51,NEUTRAL,50,2026-03-17
CSX,NA,NA,NA,39.78,NA,NA,NA,NA,NA,NA,NA,NA,NA,NA,44.79,NA,0.0991,1.2727,0.161,41.41,39.13,35.7,FALSE,TRUE,TRUE,TRUE,65,79.4,25.2,21.73,23.93,12446490,NA,NA,NA,NA,NA,NA,NA,NA,NA,NA,NA,NA,NA,NA,NA,NA,NA,NA,NA,NA,NA,NA,NA,75.8,8,15,7,0,30,1.2867653,NA,NA,NA,NA,NA,NA,43.17,26.69,3.64,0.5500000000000003,23.51,NEUTRAL,50,2026-03-17
CVX,NA,NA,NA,196.84,NA,NA,NA,NA,NA,NA,NA,NA,NA,NA,70.82,NA,2.6936,2.5557,0.982,188.05,177.4,158.37,TRUE,TRUE,TRUE,TRUE,55,99.8,21.37,23.84,25.32,12166520,NA,NA,NA,NA,NA,NA,NA,NA,NA,NA,NA,NA,NA,NA,NA,NA,NA,NA,NA,NA,NA,NA,NA,70.3,6,15,10,1,32,0.67532814,NA,NA,197.97,9.648,NA,NA,196.97,133.73,3.64,0.5500000000000003,23.51,NEUTRAL,50,2026-03-17
DDOG,NA,NA,NA,126.57,128.87,129.2386,NA,NA,NA,NA,NA,NA,NA,NA,54.7,11.50875,0.7677,-0.6552,0.761,118.65,123.39,139.13,TRUE,TRUE,FALSE,FALSE,50,35.1,67.16,64.64,53.68,5380235,NA,NA,NA,NA,NA,NA,NA,NA,NA,NA,NA,NA,NA,NA,NA,NA,NA,NA,NA,NA,NA,NA,NA,79.6,17,31,5,1,54,1.3417047,NA,NA,128.87,5.148,NA,NA,199.72,87,3.64,0.5500000000000003,23.51,NEUTRAL,50,2026-03-17
DE,NA,NA,NA,572.48,572.48,574.7165,NA,NA,NA,NA,NA,NA,NA,NA,42.18,32.12224,0.4505,1.9873,0.121,612.47,562.88,505.22,FALSE,TRUE,TRUE,TRUE,30,63.9,47.27,36.46,30.01,1850905,NA,NA,NA,NA,NA,NA,NA,NA,NA,NA,NA,NA,NA,NA,NA,NA,NA,NA,NA,NA,NA,NA,NA,68.4,6,15,12,0,34,1.0099839,NA,NA,574.26,-4.424,NA,NA,662.49,412.99,3.64,0.5500000000000003,23.51,NEUTRAL,50,2026-03-17
DHR,NA,NA,NA,191.39,191.39,190.6107,NA,NA,NA,NA,NA,NA,NA,NA,32.39,48.20598,-3.7963,-3.2306,0.148,202.58,218.28,210.27,FALSE,FALSE,FALSE,TRUE,45,24.8,28.02,25.6,31.95,4110890,NA,NA,NA,NA,NA,NA,NA,NA,NA,NA,NA,NA,NA,NA,NA,NA,NA,NA,NA,2.23,2.19,1.83,4,80.8,11,15,4,0,30,0.9265038,NA,NA,195.21,-5.403,NA,NA,242.05,174.64,3.64,0.5500000000000003,23.51,NEUTRAL,50,2026-03-17
EOG,NA,NA,NA,134.51,NA,NA,NA,NA,NA,NA,NA,NA,NA,NA,71.31,NA,3.8958,3.7796,0.899,127.14,116.71,114.7,TRUE,TRUE,TRUE,TRUE,60,100,26.37,28.48,29.56,6071570,NA,NA,NA,NA,NA,NA,NA,NA,NA,NA,NA,NA,NA,NA,NA,NA,NA,NA,NA,NA,NA,NA,NA,67.8,6,15,17,0,38,0.41959015,NA,NA,135.72,13.336,NA,NA,134.51,101.78,3.64,0.5500000000000003,23.51,NEUTRAL,50,2026-03-17
EW,NA,NA,NA,83.56,83.56,83.5414,NA,NA,NA,NA,NA,NA,NA,NA,51.35,16.71275,0.738,0.8251,0.53,83.25,82.6,80.32,TRUE,TRUE,TRUE,TRUE,55,82,31.51,26.2,23.77,4824520,NA,NA,NA,NA,NA,NA,NA,NA,NA,NA,NA,NA,NA,NA,NA,NA,NA,NA,NA,0.58,0.6196,-6.39,3,74.4,11,20,12,0,43,0.8864841,NA,NA,84.27,7.419,NA,NA,87.18,67.07,3.64,0.5500000000000003,23.51,NEUTRAL,50,2026-03-17
FDX,NA,NA,NA,352.35,NA,NA,NA,NA,NA,NA,NA,NA,NA,NA,41.27,NA,0.3101,1.9106,0.092,374.15,345.81,268.83,FALSE,TRUE,TRUE,TRUE,55,81,23.14,24.96,32.28,1626520,NA,NA,NA,NA,NA,NA,NA,NA,NA,NA,NA,NA,NA,NA,NA,NA,NA,NA,NA,NA,NA,NA,NA,69.1,8,13,10,3,34,1.3222839,NA,NA,NA,NA,NA,NA,388.48,198.07,3.64,0.5500000000000003,23.51,NEUTRAL,50,2026-03-17
GD,NA,NA,NA,354.36,NA,NA,NA,NA,NA,NA,NA,NA,NA,NA,49.02,14.59467,0.1746,0.3457,0.474,355.06,356,329.82,FALSE,FALSE,TRUE,TRUE,50,88.2,21.83,24.43,22.16,1190285,NA,NA,NA,NA,NA,NA,NA,NA,NA,NA,NA,NA,NA,NA,NA,NA,NA,NA,NA,NA,NA,NA,NA,70.3,6,15,10,1,32,0.3704469,NA,NA,356.29,4.02,NA,NA,368.69,247.68,3.64,0.5500000000000003,23.51,NEUTRAL,50,2026-03-17
GE,NA,NA,NA,304,NA,NA,NA,NA,NA,NA,NA,NA,NA,NA,37.96,NA,-0.866,0.6044,0.018,329.95,319.73,290.85,FALSE,FALSE,TRUE,TRUE,50,76.7,37.1,35.58,32.12,5188635,NA,NA,NA,NA,NA,NA,NA,NA,NA,NA,NA,NA,NA,NA,NA,NA,NA,NA,NA,NA,NA,NA,NA,78.3,9,17,3,1,30,1.4708787,NA,NA,302.09,-7.505,NA,NA,345.74,166.81,3.64,0.5500000000000003,23.51,NEUTRAL,50,2026-03-17
GILD,NA,NA,NA,145.21,145.21,144.9722,NA,NA,NA,NA,NA,NA,NA,NA,49.25,19.50143,0.4798,1.1615,0.269,147.98,140.35,122.4,FALSE,TRUE,TRUE,TRUE,40,82,22.86,29.62,28.6,6439525,NA,NA,NA,NA,NA,NA,NA,NA,NA,NA,NA,NA,NA,NA,NA,NA,NA,NA,NA,1.86,1.85,0.54,4,76.3,10,20,8,0,38,0.409044,NA,NA,144.4,-6.475,NA,NA,155.8,96.91,3.64,0.5500000000000003,23.51,NEUTRAL,50,2026-03-17
HD,NA,NA,NA,342.58,342.58,342.7414,NA,NA,NA,NA,NA,NA,NA,NA,32.23,28.717,-2.5301,-1.5134,0.1,366.44,372.22,375.96,FALSE,FALSE,FALSE,FALSE,40,11.2,24.17,23.09,23.59,4003700,NA,NA,NA,NA,NA,NA,NA,NA,NA,NA,NA,NA,NA,NA,NA,NA,NA,NA,NA,2.72,2.52,7.94,1,69.6,10,19,15,1,46,1.0653367,NA,NA,341.43,-10.25,NA,NA,423.42,332.38,3.64,0.5500000000000003,23.51,NEUTRAL,50,2026-03-17
HLT,NA,NA,NA,296,296,296.3705,NA,NA,NA,NA,NA,NA,NA,NA,41.47,28.27746,-1.0754,-0.344,0.176,306.6,304.14,277.39,FALSE,FALSE,TRUE,TRUE,45,76.5,20.95,22.01,26.27,1933425,NA,NA,NA,NA,NA,NA,NA,NA,NA,NA,NA,NA,NA,NA,NA,NA,NA,NA,NA,NA,NA,NA,NA,66.4,5,12,14,1,32,1.1437068,NA,NA,301.31,-5.149,NA,NA,325.13,201.28,3.64,0.5500000000000003,23.51,NEUTRAL,50,2026-03-17
HON,NA,NA,NA,234.51,NA,NA,NA,NA,NA,NA,NA,NA,NA,NA,47.17,32.61676,0.5588,1.408,0.107,240.67,229.17,210.14,FALSE,TRUE,TRUE,TRUE,50,82.1,20.63,22.53,24.95,3626390,NA,NA,NA,NA,NA,NA,NA,NA,NA,NA,NA,NA,NA,NA,NA,NA,NA,NA,NA,NA,NA,NA,NA,68.4,5,16,12,1,34,0.92943436,NA,NA,231.42,-4.162,NA,NA,248.04,172.35,3.64,0.5500000000000003,23.51,NEUTRAL,50,2026-03-17
IQV,NA,NA,NA,164.89,164.89,165.1404,NA,NA,NA,NA,NA,NA,NA,NA,36.89,38.22103,-4.5029,-4.9954,0.272,170.09,201.29,194.97,FALSE,FALSE,FALSE,TRUE,50,26,44.96,49.35,42.66,2355875,NA,NA,NA,NA,NA,NA,NA,NA,NA,NA,NA,NA,NA,NA,NA,NA,NA,NA,NA,3.42,3.4,0.59,3,78.3,10,14,6,0,30,1.3685747,NA,NA,168.43,2.426,NA,NA,244.29,137,3.64,0.5500000000000003,23.51,NEUTRAL,50,2026-03-17
ISRG,NA,NA,NA,483.46,483.46,482.4738,NA,NA,NA,NA,NA,NA,NA,NA,42.51,29.14639,-1.5298,-1.3887,0.187,494.46,513.75,510.91,FALSE,FALSE,FALSE,TRUE,55,33,24.07,24.63,34.78,1675740,NA,NA,NA,NA,NA,NA,NA,NA,NA,NA,NA,NA,NA,NA,NA,NA,NA,NA,NA,2.53,2.26,11.95,4,72.6,10,19,12,1,42,1.6527596,NA,NA,482.76,-2.147,NA,NA,592.85,429.59,3.64,0.5500000000000003,23.51,NEUTRAL,50,2026-03-17
KO,NA,NA,NA,77.82,NA,NA,NA,NA,NA,NA,NA,NA,NA,NA,50.7,21.034447,0.3819,0.968,0.292,78.97,75.6,71.02,FALSE,TRUE,TRUE,TRUE,50,76.5,14.42,16.25,17.01,17199370,NA,NA,NA,NA,NA,NA,NA,NA,NA,NA,NA,NA,NA,NA,NA,NA,NA,NA,NA,NA,NA,NA,NA,77.1,9,20,6,0,35,0.35396108,NA,NA,77.58,-1.82,NA,NA,81.56,65.67,3.64,0.5500000000000003,23.51,NEUTRAL,50,2026-03-17
LMT,NA,NA,NA,645.2,645.2,644.4188,NA,NA,NA,NA,NA,NA,NA,NA,51.37,32.43575,1.5216,2.4109,0.187,657.05,614.73,503.93,FALSE,TRUE,TRUE,TRUE,40,88.2,25.06,30.03,27.32,1656695,NA,NA,NA,NA,NA,NA,NA,NA,NA,NA,NA,NA,NA,NA,NA,NA,NA,NA,NA,NA,NA,NA,NA,62.5,4,7,16,1,28,0.20631559,NA,NA,636.33,-1.54,NA,NA,676.7,410.74,3.64,0.5500000000000003,23.51,NEUTRAL,50,2026-03-17
LOW,NA,NA,NA,242.11,242.11,242.2821,NA,NA,NA,NA,NA,NA,NA,NA,31.57,37.49984,-3.1216,-2.0589,0.17,260.71,266.88,246.55,FALSE,FALSE,FALSE,TRUE,45,40.9,28.66,27.27,25.42,2801865,NA,NA,NA,NA,NA,NA,NA,NA,NA,NA,NA,NA,NA,NA,NA,NA,NA,NA,NA,1.98,2.07,-4.35,3,71.9,10,16,13,1,40,0.96643317,NA,NA,239.71,-14.742,NA,NA,287.39,210.83,3.64,0.5500000000000003,23.51,NEUTRAL,50,2026-03-17
LULU,NA,NA,NA,159.91,159.91,160.1172,NA,NA,NA,NA,NA,NA,NA,NA,33.58,25.90252,-3.6262,-2.6812,0.109,174.16,184.03,197.13,FALSE,FALSE,FALSE,FALSE,40,1.2,34.32,39.89,52.1,2296960,NA,NA,NA,NA,NA,NA,NA,NA,NA,NA,NA,NA,NA,NA,NA,NA,NA,NA,NA,NA,NA,NA,NA,57.5,5,3,31,1,40,1.0153219,NA,NA,159.27,-10.381,NA,NA,341.53,157.78,3.64,0.5500000000000003,23.51,NEUTRAL,50,2026-03-17
MAR,NA,NA,NA,321.84,321.84,321.2505,NA,NA,NA,NA,NA,NA,NA,NA,42.96,29.90382,-1.1588,-0.1863,0.212,336.58,330.03,288.88,FALSE,FALSE,TRUE,TRUE,45,74.4,27.43,29.22,30.23,1710855,NA,NA,NA,NA,NA,NA,NA,NA,NA,NA,NA,NA,NA,NA,NA,NA,NA,NA,NA,2.58,2.61,-1.15,3,66.1,5,11,14,1,31,1.1479104,NA,NA,327.28,-8.9,NA,NA,359.94,211.12,3.64,0.5500000000000003,23.51,NEUTRAL,50,2026-03-17
MCD,NA,NA,NA,326.65,326.65,327.3357,NA,NA,NA,NA,NA,NA,NA,NA,49.82,21.36136,0.3467,0.7955,0.284,330.16,320.22,308.42,FALSE,TRUE,TRUE,TRUE,50,74,14.53,14.97,17.8,3212135,NA,NA,NA,NA,NA,NA,NA,NA,NA,NA,NA,NA,NA,NA,NA,NA,NA,NA,NA,3.03,3.04,-0.33,1,68,8,17,16,2,43,0.5013121,NA,NA,326.3,0.155,NA,NA,341.06,285.55,3.64,0.5500000000000003,23.51,NEUTRAL,50,2026-03-17
MPC,NA,NA,NA,228.94,NA,NA,NA,NA,NA,NA,NA,NA,NA,NA,68.83,NA,4.6465,4.0933,0.876,210.03,193.44,182.49,TRUE,TRUE,TRUE,TRUE,55,99,37.88,36.32,35.49,2778330,NA,NA,NA,NA,NA,NA,NA,NA,NA,NA,NA,NA,NA,NA,NA,NA,NA,NA,NA,NA,NA,NA,NA,66,2,12,11,0,25,0.68009293,NA,NA,233.26,16.899,NA,NA,230.07,118.55,3.64,0.5500000000000003,23.51,NEUTRAL,50,2026-03-17
MSFT,NA,NA,NA,399.95,399.95,398.6022,NA,NA,NA,NA,NA,NA,NA,NA,42.72,22.37989,-1.4849,-1.9391,0.488,400.27,427.69,482.97,FALSE,FALSE,FALSE,FALSE,50,24.2,22.72,32.5,26.31,33643815,NA,NA,NA,NA,NA,NA,NA,NA,NA,NA,NA,NA,NA,NA,NA,NA,NA,NA,NA,NA,NA,NA,NA,81.8,24,36,6,0,66,1.0913693,NA,NA,399.95,1.009,NA,NA,542.07,354.56,3.64,0.5500000000000003,23.51,NEUTRAL,50,2026-03-17
NKE,NA,NA,NA,54.79,54.79,54.7147,NA,NA,NA,NA,NA,NA,NA,NA,29.89,25.22927,-4.0058,-2.8621,0.17,60.17,62.35,67.18,FALSE,FALSE,FALSE,FALSE,30,5.9,26.38,38.64,41.21,16243700,NA,NA,NA,NA,NA,NA,NA,NA,NA,NA,NA,NA,NA,NA,NA,NA,NA,NA,NA,0.53,0.38,39.47,4,69.9,11,15,16,2,44,1.3411784,NA,NA,55.12,-14.393,NA,NA,79.24,53.27,3.64,0.5500000000000003,23.51,NEUTRAL,50,2026-03-17
NOC,NA,NA,NA,735.96,735.96,733.7355,NA,NA,NA,NA,NA,NA,NA,NA,55.87,21.69633,1.9422,2.5187,0.531,733.85,690.54,594,TRUE,TRUE,TRUE,TRUE,50,89.7,32.75,32.33,29.11,883670,NA,NA,NA,NA,NA,NA,NA,NA,NA,NA,NA,NA,NA,NA,NA,NA,NA,NA,NA,NA,NA,NA,NA,68.8,5,11,12,0,28,-0.022006929,NA,NA,724.03,3.596,NA,NA,768.02,456.3,3.64,0.5500000000000003,23.51,NEUTRAL,50,2026-03-17
NSC,NA,NA,NA,290.7,NA,NA,NA,NA,NA,NA,NA,NA,NA,NA,31.89,NA,-0.9953,0.1519,0.044,308.5,300.19,284.15,FALSE,FALSE,TRUE,TRUE,45,75.7,16.41,20.06,22.61,1402320,NA,NA,NA,NA,NA,NA,NA,NA,NA,NA,NA,NA,NA,NA,NA,NA,NA,NA,NA,NA,NA,NA,NA,62,3,7,17,0,27,1.3316989,NA,NA,NA,NA,NA,NA,317.83,206.34,3.64,0.5500000000000003,23.51,NEUTRAL,50,2026-03-17
OXY,NA,NA,NA,57.25,NA,NA,NA,NA,NA,NA,NA,NA,NA,NA,68.38,NA,5.307,4.9733,0.843,53.12,47.74,44.52,TRUE,TRUE,TRUE,TRUE,55,94.8,44.8,38.41,38.43,20020390,NA,NA,NA,NA,NA,NA,NA,NA,NA,NA,NA,NA,NA,NA,NA,NA,NA,NA,NA,NA,NA,NA,NA,57.8,4,7,16,5,32,0.36550978,NA,NA,57.73,26.279,NA,NA,58.41,36.11,3.64,0.5500000000000003,23.51,NEUTRAL,50,2026-03-17
PEP,NA,NA,NA,157.72,NA,NA,NA,NA,NA,NA,NA,NA,NA,NA,42.05,21.93355,-0.0431,0.8286,0.099,163.77,156.46,146.19,FALSE,TRUE,TRUE,TRUE,40,69.9,19.4,21.92,22.34,6504150,NA,NA,NA,NA,NA,NA,NA,NA,NA,NA,NA,NA,NA,NA,NA,NA,NA,NA,NA,NA,NA,NA,NA,62.9,3,10,15,1,29,0.40315408,NA,NA,156.5,-2.485,NA,NA,170.49,128.02,3.64,0.5500000000000003,23.51,NEUTRAL,50,2026-03-17
PG,NA,NA,NA,152.12,NA,NA,NA,NA,NA,NA,NA,NA,NA,NA,42.14,22.33332,-0.5968,0.3706,0.189,158.38,153.1,153.29,FALSE,FALSE,FALSE,FALSE,50,41,24.56,20.23,18.98,10117500,NA,NA,NA,NA,NA,NA,NA,NA,NA,NA,NA,NA,NA,NA,NA,NA,NA,NA,NA,NA,NA,NA,NA,70.7,8,14,12,1,35,0.38488147,NA,NA,151.48,-5.058,NA,NA,172.39,138.04,3.64,0.5500000000000003,23.51,NEUTRAL,50,2026-03-17
PLTR,NA,NA,NA,152.72,155.08,155.2306,NA,NA,NA,NA,NA,NA,NA,NA,55,20.13505,0.8984,-0.4309,0.734,143.85,153.35,162.95,TRUE,FALSE,FALSE,FALSE,65,59.1,36.91,53.71,60.23,52296750,NA,NA,NA,NA,NA,NA,NA,NA,NA,NA,NA,NA,NA,NA,NA,NA,NA,NA,NA,NA,NA,NA,NA,69.9,8,14,10,1,34,1.7631309,NA,NA,155.08,16.584,NA,NA,207.18,74.01,3.64,0.5500000000000003,23.51,NEUTRAL,50,2026-03-17
PSX,NA,NA,NA,173.48,NA,NA,NA,NA,NA,NA,NA,NA,NA,NA,71.79,NA,3.6182,3.0753,0.935,161.35,151.56,135.02,TRUE,TRUE,TRUE,TRUE,45,99.2,27.62,30.87,36.48,3385995,NA,NA,NA,NA,NA,NA,NA,NA,NA,NA,NA,NA,NA,NA,NA,NA,NA,NA,NA,NA,NA,NA,NA,63.9,3,10,13,1,27,0.8721456,NA,NA,172.71,10.095,NA,NA,174.09,92.87,3.64,0.5500000000000003,23.51,NEUTRAL,50,2026-03-17
REGN,NA,NA,NA,756.91,756.91,756.6534,NA,NA,NA,NA,NA,NA,NA,NA,46.16,10.56318,-0.4901,-1e-4,0.182,774.55,769.67,647.28,FALSE,FALSE,TRUE,TRUE,40,83.2,29.53,28.08,41.64,613175,NA,NA,NA,NA,NA,NA,NA,NA,NA,NA,NA,NA,NA,NA,NA,NA,NA,NA,NA,11.44,10.52,8.75,3,76.4,11,16,9,0,36,0.41283697,NA,NA,759.05,-4.23,NA,NA,812.27,483.07,3.64,0.5500000000000003,23.51,NEUTRAL,50,2026-03-17
ROST,NA,NA,NA,207.96,207.96,208.4346,NA,NA,NA,NA,NA,NA,NA,NA,57.5,34.62795,2.1727,2.4141,0.598,205.78,196.35,162.97,TRUE,TRUE,TRUE,TRUE,60,92.5,32.47,22.35,26.34,2903210,NA,NA,NA,NA,NA,NA,NA,NA,NA,NA,NA,NA,NA,NA,NA,NA,NA,NA,NA,2,1.85,8.11,4,77,9,9,7,0,25,0.96810794,NA,NA,209.19,5.767,NA,NA,214.83,123.54,3.64,0.5500000000000003,23.51,NEUTRAL,50,2026-03-17
RTX,NA,NA,NA,206.06,206.06,206.3668,NA,NA,NA,NA,NA,NA,NA,NA,54.23,15.58426,1.0593,1.2712,0.591,204.62,199.5,170.74,TRUE,TRUE,TRUE,TRUE,55,93.8,29.7,25.34,27.91,7121650,NA,NA,NA,NA,NA,NA,NA,NA,NA,NA,NA,NA,NA,NA,NA,NA,NA,NA,NA,NA,NA,NA,NA,66.4,6,11,9,2,29,0.39594397,NA,NA,203.33,0.248,NA,NA,212.16,113.75,3.64,0.5500000000000003,23.51,NEUTRAL,50,2026-03-17
SBUX,NA,NA,NA,97.82,97.82,98.4886,NA,NA,NA,NA,NA,NA,NA,NA,51.39,27.26302,1.3164,1.4356,0.495,97.86,95.18,89.39,FALSE,TRUE,TRUE,TRUE,65,84.2,19.8,28.04,34.2,7954415,NA,NA,NA,NA,NA,NA,NA,NA,NA,NA,NA,NA,NA,NA,NA,NA,NA,NA,NA,NA,NA,NA,NA,65,10,14,16,3,45,0.9311085,NA,NA,97.57,2.285,NA,NA,101.44,78.46,3.64,0.5500000000000003,23.51,NEUTRAL,50,2026-03-17
SLB,NA,NA,NA,44.96,NA,NA,NA,NA,NA,NA,NA,NA,NA,NA,34.47,NA,-1.8402,-0.3123,0.085,49.06,48.29,38.59,FALSE,FALSE,TRUE,TRUE,40,65.8,38.07,38.77,38.28,17122715,NA,NA,NA,NA,NA,NA,NA,NA,NA,NA,NA,NA,NA,NA,NA,NA,NA,NA,NA,NA,NA,NA,NA,77.3,9,19,4,1,33,0.77865237,NA,NA,46.13,-7.444,NA,NA,51.85,31.72,3.64,0.5500000000000003,23.51,NEUTRAL,50,2026-03-17
SNOW,NA,NA,NA,174.4,174.6,175.5582,NA,NA,NA,NA,NA,NA,NA,NA,46.48,13.38817,-1.4631,-2.5393,0.546,173.22,189.66,217.61,TRUE,FALSE,FALSE,FALSE,55,29.9,54.39,53.9,51.99,6644705,NA,NA,NA,NA,NA,NA,NA,NA,NA,NA,NA,NA,NA,NA,NA,NA,NA,NA,NA,NA,NA,NA,NA,78.1,17,31,8,1,57,1.2254761,NA,NA,174.6,-1.412,NA,NA,277.14,130.53,3.64,0.5500000000000003,23.51,NEUTRAL,50,2026-03-17
TGT,NA,NA,NA,117.05,117.05,117.248,NA,NA,NA,NA,NA,NA,NA,NA,53.47,35.31365,1.6735,2.1615,0.488,117.17,111.88,99.59,FALSE,TRUE,TRUE,TRUE,45,89.9,31.01,31.63,35.06,6366795,NA,NA,NA,NA,NA,NA,NA,NA,NA,NA,NA,NA,NA,NA,NA,NA,NA,NA,NA,2.44,2.16,12.96,3,59.1,7,8,24,4,44,1.0800333,NA,NA,116.76,0.189,NA,NA,120.8,83.68,3.64,0.5500000000000003,23.51,NEUTRAL,50,2026-03-17
TJX,NA,NA,NA,156.02,156.02,156.1013,NA,NA,NA,NA,NA,NA,NA,NA,47.08,17.13698,0.3115,0.6945,0.203,158.24,155.58,142.51,FALSE,TRUE,TRUE,TRUE,40,88.2,16.54,16.83,18.3,5145190,NA,NA,NA,NA,NA,NA,NA,NA,NA,NA,NA,NA,NA,NA,NA,NA,NA,NA,NA,1.58,1.39,13.67,4,81,11,10,3,1,25,0.73944014,NA,NA,155.38,-1.013,NA,NA,161.73,113.26,3.64,0.5500000000000003,23.51,NEUTRAL,50,2026-03-17
UBER,NA,NA,NA,74.66,77.79,78.3998,NA,NA,NA,NA,NA,NA,NA,NA,48.89,18.39091,-1.0204,-1.3516,0.616,73.85,77.78,87.69,TRUE,FALSE,FALSE,FALSE,70,28.3,31.66,31.08,35.57,19464980,NA,NA,NA,NA,NA,NA,NA,NA,NA,NA,NA,NA,NA,NA,NA,NA,NA,NA,NA,NA,NA,NA,NA,77,16,35,9,1,61,1.236882,NA,NA,77.79,10.293,NA,NA,100.1,64.62,3.64,0.5500000000000003,23.51,NEUTRAL,50,2026-03-17
UNP,NA,NA,NA,242.21,NA,NA,NA,NA,NA,NA,NA,NA,NA,NA,34.01,NA,-0.4806,0.8997,0.007,258.97,246.18,231.39,FALSE,FALSE,TRUE,TRUE,40,57.8,18.82,22.88,22.91,3015505,NA,NA,NA,NA,NA,NA,NA,NA,NA,NA,NA,NA,NA,NA,NA,NA,NA,NA,NA,NA,NA,NA,NA,72.6,9,10,12,0,31,0.99430364,NA,NA,NA,NA,NA,NA,266.97,208.27,3.64,0.5500000000000003,23.51,NEUTRAL,50,2026-03-17
UPS,NA,NA,NA,97.4,NA,NA,NA,NA,NA,NA,NA,NA,NA,NA,26.45,NA,-3.5735,-1.818,0.115,108.97,109.5,97.24,FALSE,FALSE,TRUE,TRUE,30,39.6,29.3,27.39,31.11,6024025,NA,NA,NA,NA,NA,NA,NA,NA,NA,NA,NA,NA,NA,NA,NA,NA,NA,NA,NA,NA,NA,NA,NA,65,8,9,14,4,35,1.0370519,NA,NA,NA,NA,NA,NA,120,82.58,3.64,0.5500000000000003,23.51,NEUTRAL,50,2026-03-17
VLO,NA,NA,NA,232.57,NA,NA,NA,NA,NA,NA,NA,NA,NA,NA,68.11,NA,4.8008,4.2893,0.849,213.77,198.11,166.14,TRUE,TRUE,TRUE,TRUE,70,97.5,37.74,38.13,38.82,3571315,NA,NA,NA,NA,NA,NA,NA,NA,NA,NA,NA,NA,NA,NA,NA,NA,NA,NA,NA,NA,NA,NA,NA,68.3,4,11,11,0,26,0.7029709,NA,NA,235.96,19.57,NA,NA,235.81,104.69,3.64,0.5500000000000003,23.51,NEUTRAL,50,2026-03-17
VRTX,NA,NA,NA,466.1,466.1,466.9288,NA,NA,NA,NA,NA,NA,NA,NA,46.78,17.51659,0.2316,0.5357,0.257,477.2,469.73,438.29,FALSE,FALSE,TRUE,TRUE,35,67.6,41.8,34.6,36.66,1410700,NA,NA,NA,NA,NA,NA,NA,NA,NA,NA,NA,NA,NA,NA,NA,NA,NA,NA,NA,NA,NA,NA,NA,76.3,12,19,7,0,39,0.33611864,NA,NA,462.49,-3.107,NA,NA,513.76,366.54,3.64,0.5500000000000003,23.51,NEUTRAL,50,2026-03-17
WMT,NA,NA,NA,125.99,125.99,125.7955,NA,NA,NA,NA,NA,NA,NA,NA,52.4,14.57032,0.3623,0.6305,0.538,125.74,122.87,107.6,TRUE,TRUE,TRUE,TRUE,45,84.8,26.97,25.12,24.99,23877875,NA,NA,NA,NA,NA,NA,NA,NA,NA,NA,NA,NA,NA,NA,NA,NA,NA,NA,NA,0.74,0.7,5.71,3,80.1,14,31,4,0,49,0.67112905,NA,NA,125.08,-2.926,NA,NA,133.89,81.79,3.64,0.5500000000000003,23.51,NEUTRAL,50,2026-03-17
XOM,NA,NA,NA,157.23,NA,NA,NA,NA,NA,NA,NA,NA,NA,NA,65.79,NA,2.1636,2.2576,1.078,151.01,142.01,120.06,TRUE,TRUE,TRUE,TRUE,55,100,25.33,26.67,24.89,21326765,NA,NA,NA,NA,NA,NA,NA,NA,NA,NA,NA,NA,NA,NA,NA,NA,NA,NA,NA,NA,NA,NA,NA,68,7,11,12,2,32,0.35060683,NA,NA,158.81,8.633,NA,NA,157.23,99.93,3.64,0.5500000000000003,23.51,NEUTRAL,50,2026-03-17
YUM,NA,NA,NA,161.78,161.78,162.7243,NA,NA,NA,NA,NA,NA,NA,NA,53.7,25.36289,0.0541,0.3623,0.483,161.99,158.56,149.96,FALSE,TRUE,TRUE,TRUE,50,78.7,19.25,19.78,22.86,1786990,NA,NA,NA,NA,NA,NA,NA,NA,NA,NA,NA,NA,NA,NA,NA,NA,NA,NA,NA,NA,NA,NA,NA,66.4,6,11,18,0,35,0.6250374,NA,NA,163.69,2.017,NA,NA,168.16,138.21,3.64,0.5500000000000003,23.51,NEUTRAL,50,2026-03-17
ZBH,NA,NA,NA,93.3,93.3,93.8673,NA,NA,NA,NA,NA,NA,NA,NA,46.6,24.69829,-0.0455,0.7676,0.228,96.53,92.4,95.28,FALSE,TRUE,FALSE,FALSE,55,27.6,22.04,23.2,31.77,2102605,NA,NA,NA,NA,NA,NA,NA,NA,NA,NA,NA,NA,NA,NA,NA,NA,NA,NA,NA,2.42,2.3978,0.93,4,59.3,4,8,20,3,35,0.5721352,NA,NA,92.52,-4.766,NA,NA,113.18,85.71,3.64,0.5500000000000003,23.51,NEUTRAL,50,2026-03-17
