phase,n_tranches,days,top,bottom,univ,spy,spread,edge_vs_univ,excess
0,10,560,0.4200765137150462,0.18945370756171576,0.26808820320258286,0.15261615581824262,0.23062280615333042,0.1519883105124633,0.26746035789680356
1,10,560,0.4259167494055218,0.11798397820291773,0.25410968935875755,0.15261615581824262,0.3079327712026041,0.17180706004676427,0.2733005935872792
2,10,560,0.4398070940954948,0.1670610396891199,0.26227346358427095,0.15261615581824262,0.2727460544063749,0.17753363051122384,0.2871909382772522
3,10,560,0.41807832964737757,0.18519140007694168,0.27196906242912977,0.15261615581824262,0.23288692957043589,0.1461092672182478,0.26546217382913495
4,10,560,0.3962272577743835,0.18688387934854633,0.2749341347618104,0.15261615581824262,0.20934337842583717,0.12129312301257311,0.24361110195614089
5,10,560,0.44529286796459,0.17338289737853851,0.2643005662657367,0.15261615581824262,0.2719099705860515,0.18099230169885328,0.2926767121463474
6,10,560,0.43637795402985113,0.2574903879625936,0.2762454256321698,0.15261615581824262,0.17888756606725753,0.16013252839768133,0.2837617982116085
7,10,560,0.49964157056801106,0.08541226530474622,0.26319546223358903,0.15261615581824262,0.41422930526326485,0.23644610833442203,0.34702541474976845
8,10,560,0.4065010099260098,0.06172971434941177,0.2569339598645364,0.15261615581824262,0.344771295576598,0.14956705006147342,0.2538848541077672
9,10,560,0.44101299287820095,0.10263616152748845,0.2558804156292651,0.15261615581824262,0.3383768313507125,0.18513257724893584,0.28839683705995833
10,10,560,0.4618309078870857,0.05915033313700824,0.24923257100394247,0.15261615581824262,0.40268057475007746,0.21259833688314322,0.3092147520688431
11,10,560,0.38207533695035445,0.11129873132808821,0.2551638631222737,0.15261615581824262,0.27077660562226624,0.12691147382808077,0.22945918113211183
12,10,560,0.37099645670560566,0.16781660078016358,0.2587104161105014,0.15261615581824262,0.20317985592544208,0.11228604059510428,0.21838030088736304
13,10,560,0.4891557545932217,0.06433319991043196,0.2504005127242708,0.15261615581824262,0.42482255468278973,0.23875524186895092,0.3365395987749791
14,10,560,0.48077606490697766,0.1193212601003042,0.2610805171480137,0.15261615581824262,0.36145480480667347,0.21969554775896394,0.32815990908873505
15,10,560,0.40684914250900084,0.1357036741541644,0.2664407270583382,0.15261615581824262,0.27114546835483644,0.14040841545066263,0.2542329866907582
16,10,560,0.46878336011734323,0.12438901154976012,0.26779965199204736,0.15261615581824262,0.3443943485675831,0.20098370812529587,0.3161672042991006
17,10,560,0.5046489972841866,0.07908745025383768,0.2775466673948572,0.15261615581824262,0.4255615470303489,0.22710232988932932,0.35203284146594394
18,10,560,0.49014082659013125,0.21995829046635884,0.27646805847293576,0.15261615581824262,0.2701825361237724,0.2136727681171955,0.33752467077188864
19,10,560,0.4908615488258312,0.23822726655083204,0.2741801250281526,0.15261615581824262,0.2526342822749992,0.21668142379767863,0.3382453930075886
20,10,560,0.47503727558030007,0.31432079562972604,0.2772955818860483,0.15261615581824262,0.16071647995057403,0.19774169369425176,0.32242111976205745
21,10,560,0.563632577630746,0.12535218011531457,0.26585708220311566,0.15261615581824262,0.43828039751543146,0.2977754954276304,0.4110164218125034
22,10,560,0.4754249996112234,0.1514214546291246,0.26660457727514664,0.15261615581824262,0.3240035449820988,0.20882042233607678,0.3228088437929808
23,10,560,0.41354705543983883,0.10750973636172789,0.2648764594480535,0.15261615581824262,0.30603731907811094,0.14867059599178534,0.2609308996215962
24,10,560,0.44736972899252025,0.09893925532033898,0.2633135898351493,0.15261615581824262,0.3484304736721813,0.18405613915737096,0.29475357317427764
25,10,560,0.4127953671754334,0.11777336253933779,0.25764989814757855,0.15261615581824262,0.2950220046360956,0.15514546902785487,0.2601792113571908
26,10,560,0.37768598601950565,0.1528530819631273,0.26429629327027193,0.15261615581824262,0.22483290405637835,0.11338969274923372,0.22506983020126303
27,10,560,0.32164892191905636,0.18820184056875333,0.277408539253692,0.15261615581824262,0.13344708135030303,0.04424038266536434,0.16903276610081375
28,10,560,0.4104795260791103,0.1732314400532564,0.2800218969088131,0.15261615581824262,0.2372480860258539,0.13045762917029724,0.2578633702608677
29,10,560,0.3295481549166024,0.11022513817603641,0.27403396681453174,0.15261615581824262,0.21932301674056598,0.05551418810207065,0.17693199909835977
30,10,560,0.41963154911363376,0.14054081634204674,0.27034387148937067,0.15261615581824262,0.279090732771587,0.1492876776242631,0.26701539329539115
31,10,560,0.4591162410210061,0.20085473091473505,0.26772076568040326,0.15261615581824262,0.2582615101062711,0.19139547534060286,0.3065000852027635
32,10,560,0.40762504232861163,0.11428218311696026,0.26233808236935774,0.15261615581824262,0.2933428592116514,0.1452869599592539,0.255008886510369
33,10,560,0.38904050656152656,0.17345181263397413,0.2636718797194446,0.15261615581824262,0.21558869392755242,0.12536862684208194,0.23642435074328394
34,10,560,0.374149336957861,0.1572109638076047,0.26411238496432143,0.15261615581824262,0.21693837315025633,0.11003695199353958,0.2215331811396184
35,10,560,0.4440117334937015,0.09575382589893167,0.25788743159137817,0.15261615581824262,0.3482579075947698,0.18612430190232332,0.29139557767545887
36,10,560,0.4975398030128666,0.16643327311262257,0.2522542704864228,0.15261615581824262,0.33110652990024403,0.2452855325264438,0.344923647194624
37,10,560,0.3671365105908855,0.1017880130039075,0.25117513814352166,0.15261615581824262,0.265348497586978,0.11596137244736382,0.21452035477264286
38,10,560,0.4577769710407702,0.13808290706975557,0.25237573356023857,0.15261615581824262,0.31969406397101463,0.20540123748053163,0.3051608152225276
39,10,560,0.40055461670036685,0.13801844429467658,0.2546776204153107,0.15261615581824262,0.26253617240569027,0.14587699628505613,0.24793846088212423
40,10,560,0.4226558846785957,0.17306989712317766,0.25937908455003034,0.15261615581824262,0.24958598755541805,0.16327680012856538,0.2700397288603531
41,10,560,0.3989829012871695,0.2648575449194237,0.26829971412473275,0.15261615581824262,0.1341253563677458,0.13068318716243676,0.2463667454689269
42,10,560,0.34680540571352036,0.18470469026728042,0.2648411996235853,0.15261615581824262,0.16210071544623994,0.08196420608993504,0.19418924989527775
43,10,560,0.4025616048031613,0.23096326563583003,0.26291899646758554,0.15261615581824262,0.17159833916733125,0.13964260833557574,0.24994544898491866
44,10,560,0.42714564822976553,0.2513358460019204,0.2664297635824462,0.15261615581824262,0.17580980222784515,0.16071588464731934,0.2745294924115229
45,10,560,0.43545339666267835,0.26261971823189834,0.2671054033065252,0.15261615581824262,0.17283367843078,0.16834799335615314,0.28283724084443573
46,10,560,0.3941172384745055,0.2536410888992535,0.272868724854749,0.15261615581824262,0.140476149575252,0.12124851361975653,0.2415010826562629
47,10,560,0.39230825419922444,0.3159875329384312,0.27860066772295844,0.15261615581824262,0.07632072126079326,0.113707586476266,0.23969209838098182
48,10,560,0.4034439222429569,0.35265007366004997,0.29110690980649045,0.15261615581824262,0.05079384858290692,0.11233701243646643,0.25082776642471427
49,10,560,0.33088772597645244,0.38381009782507625,0.2947327511882243,0.15261615581824262,-0.052922371848623806,0.036154974788228156,0.17827157015820982
50,10,560,0.4100111205708401,0.26656097942553725,0.27387797761384514,0.15261615581824262,0.14345014114530286,0.13613314295699497,0.2573949647525975
51,10,560,0.38163795859281135,0.2991768131319841,0.28724898039716384,0.15261615581824262,0.08246114546082728,0.09438897819564751,0.22902180277456874
52,10,560,0.3811278389795525,0.37666605048457336,0.2932578924564426,0.15261615581824262,0.004461788494979135,0.08786994652310987,0.22851168316130988
53,10,560,0.3862718032665784,0.2959354160284715,0.29257826029840817,0.15261615581824262,0.09033638723810689,0.09369354296817023,0.23365564744833578
54,10,560,0.38288044595877646,0.4397756523181551,0.30801682418513954,0.15261615581824262,-0.056895206359378614,0.07486362177363692,0.23026429014053384
55,9,560,0.41628178224768697,0.3899852947445037,0.307087621764345,0.15261615581824262,0.026296487503183252,0.10919416048334196,0.26366562642944436
56,9,560,0.3441272728400149,0.4087026970650829,0.307546507083468,0.15261615581824262,-0.06457542422506801,0.036580765756546896,0.19151111702177226
57,9,560,0.4220960772352855,0.38360189296545455,0.30852426632443297,0.15261615581824262,0.03849418426983098,0.11357181091085256,0.2694799214170429
58,9,560,0.3672186813313374,0.4564811475532913,0.3261482100172952,0.15261615581824262,-0.08926246622195388,0.04107047131404218,0.21460252551309478
59,9,560,0.4034662319360296,0.49519284086556237,0.322443471925278,0.15261615581824262,-0.09172660892953277,0.0810227600107516,0.250850076117787
60,9,560,0.3371250198456308,0.4219193642809089,0.3254026285297089,0.15261615581824262,-0.08479434443527811,0.011722391315921898,0.1845088640273882
61,9,560,0.31493818707123444,0.35614956641168205,0.3108016488557479,0.15261615581824262,-0.04121137934044761,0.0041365382154865404,0.16232203125299183
62,9,560,0.39428209028160355,0.31150259681348635,0.2739888306386564,0.15261615581824262,0.0827794934681172,0.12029325964294713,0.24166593446336093
