rebalance_date,rank_ic,n_stocks
2024-03-08,0.062364060353534145,193
2024-04-09,0.06922376159450618,193
2024-05-08,-0.007589247522733836,193
2024-06-07,-0.1416329233792867,193
2024-07-10,-0.04412496844076679,193
2024-08-08,-0.030491364758389445,193
2024-09-09,-0.09048586020202745,193
2024-10-08,-0.039130587192557575,193
2024-11-06,0.27502548734774146,193
2024-12-06,-0.19829878190557393,193
2025-01-08,-0.02426754391273043,193
2025-02-10,-0.04942565286449166,193
2025-03-12,0.241247497168619,193
2025-04-10,0.021605145640357242,193
2025-05-12,0.07941045385282593,193
2025-06-11,0.1270949598274441,193
2025-07-14,0.17293449897232593,193
2025-08-12,0.060159763901324895,193
2025-09-11,0.07907409973119381,193
2025-10-10,0.055061017315543366,193
2025-11-10,0.10470795615225474,193
2025-12-10,0.08528691042145185,193
2026-01-12,0.35288348904139705,193
2026-02-11,0.29462426438256784,193
2026-03-13,0.14757772767272054,193
2026-04-14,-0.07205319901436402,193
2026-05-13,-0.17690299776542948,193
2026-06-12,-0.2837299053619797,193
