symbol,shares_outstanding,shares_float,market_cap_poly,primary_exchange,locale,cache_date,put_call_ratio,put_call_oi,options_volume,avg_iv,call_volume,put_volume,today_close,vwap,vol_ratio,open_gap_pct,debt_equity_poly,revenue_poly,gross_margin,fcf,options_sentiment,options_score,above_vwap,squeeze_poly
HON,316940010,316940010,78211286267.7,XNAS,us,2026-08-05,NA,NA,NA,NA,NA,NA,NA,NA,NA,NA,NA,NA,NA,NA,Unknown,50,FALSE,FALSE
BAC,7096590651,6992748365,436906917845.1999,XNYS,us,2026-08-05,NA,NA,NA,NA,NA,NA,NA,NA,NA,NA,NA,NA,NA,NA,Unknown,50,FALSE,FALSE
GOOGL,5868000000,12229934831,4568002958726.81,XNAS,us,2026-08-05,NA,NA,NA,NA,NA,NA,NA,NA,NA,NA,NA,NA,NA,NA,Unknown,50,FALSE,FALSE
AMZN,10786313572,10786313572,3063528780719.44,XNAS,us,2026-08-05,NA,NA,NA,NA,NA,NA,NA,NA,NA,NA,NA,NA,NA,NA,Unknown,50,FALSE,FALSE
ACN,667510210,611942109,101435523987.84,XNYS,us,2026-08-05,NA,NA,NA,NA,NA,NA,NA,NA,NA,NA,NA,NA,NA,NA,Unknown,50,FALSE,FALSE
JPM,NA,NA,NA,NA,NA,2026-08-05,NA,NA,NA,NA,NA,NA,NA,NA,NA,NA,NA,NA,NA,NA,Unknown,50,FALSE,FALSE
INTU,NA,NA,NA,NA,NA,2026-08-05,NA,NA,NA,NA,NA,NA,NA,NA,NA,NA,NA,NA,NA,NA,Unknown,50,FALSE,FALSE
IBM,NA,NA,NA,NA,NA,2026-08-05,NA,NA,NA,NA,NA,NA,NA,NA,NA,NA,NA,NA,NA,NA,Unknown,50,FALSE,FALSE
ORCL,NA,NA,NA,NA,NA,2026-08-05,NA,NA,NA,NA,NA,NA,NA,NA,NA,NA,NA,NA,NA,NA,Unknown,50,FALSE,FALSE
NFLX,NA,NA,NA,NA,NA,2026-08-05,NA,NA,NA,NA,NA,NA,NA,NA,NA,NA,NA,NA,NA,NA,Unknown,50,FALSE,FALSE
QCOM,NA,NA,NA,NA,NA,2026-08-05,NA,NA,NA,NA,NA,NA,NA,NA,NA,NA,NA,NA,NA,NA,Unknown,50,FALSE,FALSE
NEE,NA,NA,NA,NA,NA,2026-08-05,NA,NA,NA,NA,NA,NA,NA,NA,NA,NA,NA,NA,NA,NA,Unknown,50,FALSE,FALSE
PEP,NA,NA,NA,NA,NA,2026-08-05,NA,NA,NA,NA,NA,NA,NA,NA,NA,NA,NA,NA,NA,NA,Unknown,50,FALSE,FALSE
PG,NA,NA,NA,NA,NA,2026-08-05,NA,NA,NA,NA,NA,NA,NA,NA,NA,NA,NA,NA,NA,NA,Unknown,50,FALSE,FALSE
MS,NA,NA,NA,NA,NA,2026-08-05,NA,NA,NA,NA,NA,NA,NA,NA,NA,NA,NA,NA,NA,NA,Unknown,50,FALSE,FALSE
MSFT,NA,NA,NA,NA,NA,2026-08-05,NA,NA,NA,NA,NA,NA,NA,NA,NA,NA,NA,NA,NA,NA,Unknown,50,FALSE,FALSE
META,NA,NA,NA,NA,NA,2026-08-05,NA,NA,NA,NA,NA,NA,NA,NA,NA,NA,NA,NA,NA,NA,Unknown,50,FALSE,FALSE
V,NA,NA,NA,NA,NA,2026-08-05,NA,NA,NA,NA,NA,NA,NA,NA,NA,NA,NA,NA,NA,NA,Unknown,50,FALSE,FALSE
MA,NA,NA,NA,NA,NA,2026-08-05,NA,NA,NA,NA,NA,NA,NA,NA,NA,NA,NA,NA,NA,NA,Unknown,50,FALSE,FALSE
NVDA,NA,NA,NA,NA,NA,2026-08-05,NA,NA,NA,NA,NA,NA,NA,NA,NA,NA,NA,NA,NA,NA,Unknown,50,FALSE,FALSE
CRM,NA,NA,NA,NA,NA,2026-08-05,NA,NA,NA,NA,NA,NA,NA,NA,NA,NA,NA,NA,NA,NA,Unknown,50,FALSE,FALSE
KO,NA,NA,NA,NA,NA,2026-08-05,NA,NA,NA,NA,NA,NA,NA,NA,NA,NA,NA,NA,NA,NA,Unknown,50,FALSE,FALSE
SPGI,NA,NA,NA,NA,NA,2026-08-05,NA,NA,NA,NA,NA,NA,NA,NA,NA,NA,NA,NA,NA,NA,Unknown,50,FALSE,FALSE
HD,NA,NA,NA,NA,NA,2026-08-05,NA,NA,NA,NA,NA,NA,NA,NA,NA,NA,NA,NA,NA,NA,Unknown,50,FALSE,FALSE
UPS,NA,NA,NA,NA,NA,2026-08-05,NA,NA,NA,NA,NA,NA,NA,NA,NA,NA,NA,NA,NA,NA,Unknown,50,FALSE,FALSE
BLK,NA,NA,NA,NA,NA,2026-08-05,NA,NA,NA,NA,NA,NA,NA,NA,NA,NA,NA,NA,NA,NA,Unknown,50,FALSE,FALSE
JNJ,NA,NA,NA,NA,NA,2026-08-05,NA,NA,NA,NA,NA,NA,NA,NA,NA,NA,NA,NA,NA,NA,Unknown,50,FALSE,FALSE
XOM,NA,NA,NA,NA,NA,2026-08-05,NA,NA,NA,NA,NA,NA,NA,NA,NA,NA,NA,NA,NA,NA,Unknown,50,FALSE,FALSE
AMGN,539708274,539708274,204479273770.38,XNAS,us,2026-08-05,NA,NA,NA,NA,NA,NA,NA,NA,NA,NA,NA,NA,NA,NA,Unknown,50,FALSE,FALSE
AVGO,4757580198,4757580198,1866065681061.54,XNAS,us,2026-08-05,NA,NA,NA,NA,NA,NA,NA,NA,NA,NA,NA,NA,NA,NA,Unknown,50,FALSE,FALSE
LLY,941741406,891741406,999963143032.16,XNYS,us,2026-08-05,NA,NA,NA,NA,NA,NA,NA,NA,NA,NA,NA,NA,NA,NA,Unknown,50,FALSE,FALSE
TMO,369747286,369747286,212246034582.58,XNYS,us,2026-08-05,NA,NA,NA,NA,NA,NA,NA,NA,NA,NA,NA,NA,NA,NA,Unknown,50,FALSE,FALSE
AAPL,NA,NA,NA,NA,NA,2026-08-05,NA,NA,NA,NA,NA,NA,NA,NA,NA,NA,NA,NA,NA,NA,Unknown,50,FALSE,FALSE
TXN,NA,NA,NA,NA,NA,2026-08-05,NA,NA,NA,NA,NA,NA,NA,NA,NA,NA,NA,NA,NA,NA,Unknown,50,FALSE,FALSE
LIN,NA,NA,NA,NA,NA,2026-08-05,NA,NA,NA,NA,NA,NA,NA,NA,NA,NA,NA,NA,NA,NA,Unknown,50,FALSE,FALSE
GE,NA,NA,NA,NA,NA,2026-08-05,NA,NA,NA,NA,NA,NA,NA,NA,NA,NA,NA,NA,NA,NA,Unknown,50,FALSE,FALSE
DHR,NA,NA,NA,NA,NA,2026-08-05,NA,NA,NA,NA,NA,NA,NA,NA,NA,NA,NA,NA,NA,NA,Unknown,50,FALSE,FALSE
UNH,NA,NA,NA,NA,NA,2026-08-05,NA,NA,NA,NA,NA,NA,NA,NA,NA,NA,NA,NA,NA,NA,Unknown,50,FALSE,FALSE
ISRG,NA,NA,NA,NA,NA,2026-08-05,NA,NA,NA,NA,NA,NA,NA,NA,NA,NA,NA,NA,NA,NA,Unknown,50,FALSE,FALSE
CAT,NA,NA,NA,NA,NA,2026-08-05,NA,NA,NA,NA,NA,NA,NA,NA,NA,NA,NA,NA,NA,NA,Unknown,50,FALSE,FALSE
RTX,NA,NA,NA,NA,NA,2026-08-05,NA,NA,NA,NA,NA,NA,NA,NA,NA,NA,NA,NA,NA,NA,Unknown,50,FALSE,FALSE
ABBV,NA,NA,NA,NA,NA,2026-08-05,NA,NA,NA,NA,NA,NA,NA,NA,NA,NA,NA,NA,NA,NA,Unknown,50,FALSE,FALSE
WMT,NA,NA,NA,NA,NA,2026-08-05,NA,NA,NA,NA,NA,NA,NA,NA,NA,NA,NA,NA,NA,NA,Unknown,50,FALSE,FALSE
CVX,NA,NA,NA,NA,NA,2026-08-05,NA,NA,NA,NA,NA,NA,NA,NA,NA,NA,NA,NA,NA,NA,Unknown,50,FALSE,FALSE
MRK,NA,NA,NA,NA,NA,2026-08-05,NA,NA,NA,NA,NA,NA,NA,NA,NA,NA,NA,NA,NA,NA,Unknown,50,FALSE,FALSE
COST,NA,NA,NA,NA,NA,2026-08-05,NA,NA,NA,NA,NA,NA,NA,NA,NA,NA,NA,NA,NA,NA,Unknown,50,FALSE,FALSE
MCD,NA,NA,NA,NA,NA,2026-08-05,NA,NA,NA,NA,NA,NA,NA,NA,NA,NA,NA,NA,NA,NA,Unknown,50,FALSE,FALSE
PM,NA,NA,NA,NA,NA,2026-08-05,NA,NA,NA,NA,NA,NA,NA,NA,NA,NA,NA,NA,NA,NA,Unknown,50,FALSE,FALSE
AMD,NA,NA,NA,NA,NA,2026-08-05,NA,NA,NA,NA,NA,NA,NA,NA,NA,NA,NA,NA,NA,NA,Unknown,50,FALSE,FALSE
TSLA,NA,NA,NA,NA,NA,2026-08-05,NA,NA,NA,NA,NA,NA,NA,NA,NA,NA,NA,NA,NA,NA,Unknown,50,FALSE,FALSE
ZM,264645644,293232218,29944874102.16,XNAS,us,2026-08-05,NA,NA,NA,NA,NA,NA,NA,NA,NA,NA,NA,NA,NA,NA,Unknown,50,FALSE,FALSE
ANET,1259202593,1259169438,239884369633.37997,XNYS,us,2026-08-05,NA,NA,NA,NA,NA,NA,NA,NA,NA,NA,NA,NA,NA,NA,Unknown,50,FALSE,FALSE
TROW,213315850,213315850,24699842271.5,XNAS,us,2026-08-05,NA,NA,NA,NA,NA,NA,NA,NA,NA,NA,NA,NA,NA,NA,Unknown,50,FALSE,FALSE
ZION,147091817,145939000,10474042030,XNAS,us,2026-08-05,NA,NA,NA,NA,NA,NA,NA,NA,NA,NA,NA,NA,NA,NA,Unknown,50,FALSE,FALSE
WAL,NA,NA,NA,NA,NA,2026-08-05,NA,NA,NA,NA,NA,NA,NA,NA,NA,NA,NA,NA,NA,NA,Unknown,50,FALSE,FALSE
WBS,NA,NA,NA,NA,NA,2026-08-05,NA,NA,NA,NA,NA,NA,NA,NA,NA,NA,NA,NA,NA,NA,Unknown,50,FALSE,FALSE
FHN,NA,NA,NA,NA,NA,2026-08-05,NA,NA,NA,NA,NA,NA,NA,NA,NA,NA,NA,NA,NA,NA,Unknown,50,FALSE,FALSE
CROX,NA,NA,NA,NA,NA,2026-08-05,NA,NA,NA,NA,NA,NA,NA,NA,NA,NA,NA,NA,NA,NA,Unknown,50,FALSE,FALSE
DECK,NA,NA,NA,NA,NA,2026-08-05,NA,NA,NA,NA,NA,NA,NA,NA,NA,NA,NA,NA,NA,NA,Unknown,50,FALSE,FALSE
PD,NA,NA,NA,NA,NA,2026-08-05,NA,NA,NA,NA,NA,NA,NA,NA,NA,NA,NA,NA,NA,NA,Unknown,50,FALSE,FALSE
ACAD,NA,NA,NA,NA,NA,2026-08-05,NA,NA,NA,NA,NA,NA,NA,NA,NA,NA,NA,NA,NA,NA,Unknown,50,FALSE,FALSE
CALM,NA,NA,NA,NA,NA,2026-08-05,NA,NA,NA,NA,NA,NA,NA,NA,NA,NA,NA,NA,NA,NA,Unknown,50,FALSE,FALSE
JBSS,NA,NA,NA,NA,NA,2026-08-05,NA,NA,NA,NA,NA,NA,NA,NA,NA,NA,NA,NA,NA,NA,Unknown,50,FALSE,FALSE
SENEA,NA,NA,NA,NA,NA,2026-08-05,NA,NA,NA,NA,NA,NA,NA,NA,NA,NA,NA,NA,NA,NA,Unknown,50,FALSE,FALSE
VITL,NA,NA,NA,NA,NA,2026-08-05,NA,NA,NA,NA,NA,NA,NA,NA,NA,NA,NA,NA,NA,NA,Unknown,50,FALSE,FALSE
VEEV,NA,NA,NA,NA,NA,2026-08-05,NA,NA,NA,NA,NA,NA,NA,NA,NA,NA,NA,NA,NA,NA,Unknown,50,FALSE,FALSE
FTNT,NA,NA,NA,NA,NA,2026-08-05,NA,NA,NA,NA,NA,NA,NA,NA,NA,NA,NA,NA,NA,NA,Unknown,50,FALSE,FALSE
RJF,NA,NA,NA,NA,NA,2026-08-05,NA,NA,NA,NA,NA,NA,NA,NA,NA,NA,NA,NA,NA,NA,Unknown,50,FALSE,FALSE
NTRS,NA,NA,NA,NA,NA,2026-08-05,NA,NA,NA,NA,NA,NA,NA,NA,NA,NA,NA,NA,NA,NA,Unknown,50,FALSE,FALSE
CFR,NA,NA,NA,NA,NA,2026-08-05,NA,NA,NA,NA,NA,NA,NA,NA,NA,NA,NA,NA,NA,NA,Unknown,50,FALSE,FALSE
INCY,NA,NA,NA,NA,NA,2026-08-05,NA,NA,NA,NA,NA,NA,NA,NA,NA,NA,NA,NA,NA,NA,Unknown,50,FALSE,FALSE
JAZZ,NA,NA,NA,NA,NA,2026-08-05,NA,NA,NA,NA,NA,NA,NA,NA,NA,NA,NA,NA,NA,NA,Unknown,50,FALSE,FALSE
MLI,NA,NA,NA,NA,NA,2026-08-05,NA,NA,NA,NA,NA,NA,NA,NA,NA,NA,NA,NA,NA,NA,Unknown,50,FALSE,FALSE
EXP,NA,NA,NA,NA,NA,2026-08-05,NA,NA,NA,NA,NA,NA,NA,NA,NA,NA,NA,NA,NA,NA,Unknown,50,FALSE,FALSE
OLLI,NA,NA,NA,NA,NA,2026-08-05,NA,NA,NA,NA,NA,NA,NA,NA,NA,NA,NA,NA,NA,NA,Unknown,50,FALSE,FALSE
DKS,NA,NA,NA,NA,NA,2026-08-05,NA,NA,NA,NA,NA,NA,NA,NA,NA,NA,NA,NA,NA,NA,Unknown,50,FALSE,FALSE
DUOL,NA,NA,NA,NA,NA,2026-08-05,NA,NA,NA,NA,NA,NA,NA,NA,NA,NA,NA,NA,NA,NA,Unknown,50,FALSE,FALSE
PRIM,NA,NA,NA,NA,NA,2026-08-05,NA,NA,NA,NA,NA,NA,NA,NA,NA,NA,NA,NA,NA,NA,Unknown,50,FALSE,FALSE
WLDN,NA,NA,NA,NA,NA,2026-08-05,NA,NA,NA,NA,NA,NA,NA,NA,NA,NA,NA,NA,NA,NA,Unknown,50,FALSE,FALSE
LMB,NA,NA,NA,NA,NA,2026-08-05,NA,NA,NA,NA,NA,NA,NA,NA,NA,NA,NA,NA,NA,NA,Unknown,50,FALSE,FALSE
ARHS,NA,NA,NA,NA,NA,2026-08-05,NA,NA,NA,NA,NA,NA,NA,NA,NA,NA,NA,NA,NA,NA,Unknown,50,FALSE,FALSE
FIZZ,NA,NA,NA,NA,NA,2026-08-05,NA,NA,NA,NA,NA,NA,NA,NA,NA,NA,NA,NA,NA,NA,Unknown,50,FALSE,FALSE
QRVO,NA,NA,NA,NA,NA,2026-08-05,NA,NA,NA,NA,NA,NA,NA,NA,NA,NA,NA,NA,NA,NA,Unknown,50,FALSE,FALSE
NBIX,NA,NA,NA,NA,NA,2026-08-05,NA,NA,NA,NA,NA,NA,NA,NA,NA,NA,NA,NA,NA,NA,Unknown,50,FALSE,FALSE
PLNT,NA,NA,NA,NA,NA,2026-08-05,NA,NA,NA,NA,NA,NA,NA,NA,NA,NA,NA,NA,NA,NA,Unknown,50,FALSE,FALSE
ALRM,NA,NA,NA,NA,NA,2026-08-05,NA,NA,NA,NA,NA,NA,NA,NA,NA,NA,NA,NA,NA,NA,Unknown,50,FALSE,FALSE
AMKR,NA,NA,NA,NA,NA,2026-08-05,NA,NA,NA,NA,NA,NA,NA,NA,NA,NA,NA,NA,NA,NA,Unknown,50,FALSE,FALSE
KEYS,NA,NA,NA,NA,NA,2026-08-05,NA,NA,NA,NA,NA,NA,NA,NA,NA,NA,NA,NA,NA,NA,Unknown,50,FALSE,FALSE
NTRA,NA,NA,NA,NA,NA,2026-08-05,NA,NA,NA,NA,NA,NA,NA,NA,NA,NA,NA,NA,NA,NA,Unknown,50,FALSE,FALSE
RBLX,NA,NA,NA,NA,NA,2026-08-05,NA,NA,NA,NA,NA,NA,NA,NA,NA,NA,NA,NA,NA,NA,Unknown,50,FALSE,FALSE
U,NA,NA,NA,NA,NA,2026-08-05,NA,NA,NA,NA,NA,NA,NA,NA,NA,NA,NA,NA,NA,NA,Unknown,50,FALSE,FALSE
COIN,NA,NA,NA,NA,NA,2026-08-05,NA,NA,NA,NA,NA,NA,NA,NA,NA,NA,NA,NA,NA,NA,Unknown,50,FALSE,FALSE
AMPL,NA,NA,NA,NA,NA,2026-08-05,NA,NA,NA,NA,NA,NA,NA,NA,NA,NA,NA,NA,NA,NA,Unknown,50,FALSE,FALSE
ASAN,NA,NA,NA,NA,NA,2026-08-05,NA,NA,NA,NA,NA,NA,NA,NA,NA,NA,NA,NA,NA,NA,Unknown,50,FALSE,FALSE
BRZE,NA,NA,NA,NA,NA,2026-08-05,NA,NA,NA,NA,NA,NA,NA,NA,NA,NA,NA,NA,NA,NA,Unknown,50,FALSE,FALSE
FROG,NA,NA,NA,NA,NA,2026-08-05,NA,NA,NA,NA,NA,NA,NA,NA,NA,NA,NA,NA,NA,NA,Unknown,50,FALSE,FALSE
VERX,NA,NA,NA,NA,NA,2026-08-05,NA,NA,NA,NA,NA,NA,NA,NA,NA,NA,NA,NA,NA,NA,Unknown,50,FALSE,FALSE
INTA,NA,NA,NA,NA,NA,2026-08-05,NA,NA,NA,NA,NA,NA,NA,NA,NA,NA,NA,NA,NA,NA,Unknown,50,FALSE,FALSE
FSLY,NA,NA,NA,NA,NA,2026-08-05,NA,NA,NA,NA,NA,NA,NA,NA,NA,NA,NA,NA,NA,NA,Unknown,50,FALSE,FALSE
BBAI,NA,NA,NA,NA,NA,2026-08-05,NA,NA,NA,NA,NA,NA,NA,NA,NA,NA,NA,NA,NA,NA,Unknown,50,FALSE,FALSE
SOUN,NA,NA,NA,NA,NA,2026-08-05,NA,NA,NA,NA,NA,NA,NA,NA,NA,NA,NA,NA,NA,NA,Unknown,50,FALSE,FALSE
RGTI,NA,NA,NA,NA,NA,2026-08-05,NA,NA,NA,NA,NA,NA,NA,NA,NA,NA,NA,NA,NA,NA,Unknown,50,FALSE,FALSE
QBTS,NA,NA,NA,NA,NA,2026-08-05,NA,NA,NA,NA,NA,NA,NA,NA,NA,NA,NA,NA,NA,NA,Unknown,50,FALSE,FALSE
AI,NA,NA,NA,NA,NA,2026-08-05,NA,NA,NA,NA,NA,NA,NA,NA,NA,NA,NA,NA,NA,NA,Unknown,50,FALSE,FALSE
ANAB,NA,NA,NA,NA,NA,2026-08-05,NA,NA,NA,NA,NA,NA,NA,NA,NA,NA,NA,NA,NA,NA,Unknown,50,FALSE,FALSE
CRNX,NA,NA,NA,NA,NA,2026-08-05,NA,NA,NA,NA,NA,NA,NA,NA,NA,NA,NA,NA,NA,NA,Unknown,50,FALSE,FALSE
IDYA,NA,NA,NA,NA,NA,2026-08-05,NA,NA,NA,NA,NA,NA,NA,NA,NA,NA,NA,NA,NA,NA,Unknown,50,FALSE,FALSE
KYMR,NA,NA,NA,NA,NA,2026-08-05,NA,NA,NA,NA,NA,NA,NA,NA,NA,NA,NA,NA,NA,NA,Unknown,50,FALSE,FALSE
OLMA,NA,NA,NA,NA,NA,2026-08-05,NA,NA,NA,NA,NA,NA,NA,NA,NA,NA,NA,NA,NA,NA,Unknown,50,FALSE,FALSE
PTGX,NA,NA,NA,NA,NA,2026-08-05,NA,NA,NA,NA,NA,NA,NA,NA,NA,NA,NA,NA,NA,NA,Unknown,50,FALSE,FALSE
RXRX,NA,NA,NA,NA,NA,2026-08-05,NA,NA,NA,NA,NA,NA,NA,NA,NA,NA,NA,NA,NA,NA,Unknown,50,FALSE,FALSE
SANA,NA,NA,NA,NA,NA,2026-08-05,NA,NA,NA,NA,NA,NA,NA,NA,NA,NA,NA,NA,NA,NA,Unknown,50,FALSE,FALSE
VERA,NA,NA,NA,NA,NA,2026-08-05,NA,NA,NA,NA,NA,NA,NA,NA,NA,NA,NA,NA,NA,NA,Unknown,50,FALSE,FALSE
XENE,NA,NA,NA,NA,NA,2026-08-05,NA,NA,NA,NA,NA,NA,NA,NA,NA,NA,NA,NA,NA,NA,Unknown,50,FALSE,FALSE
ARWR,NA,NA,NA,NA,NA,2026-08-05,NA,NA,NA,NA,NA,NA,NA,NA,NA,NA,NA,NA,NA,NA,Unknown,50,FALSE,FALSE
IONS,NA,NA,NA,NA,NA,2026-08-05,NA,NA,NA,NA,NA,NA,NA,NA,NA,NA,NA,NA,NA,NA,Unknown,50,FALSE,FALSE
NPWR,NA,NA,NA,NA,NA,2026-08-05,NA,NA,NA,NA,NA,NA,NA,NA,NA,NA,NA,NA,NA,NA,Unknown,50,FALSE,FALSE
PRPL,NA,NA,NA,NA,NA,2026-08-05,NA,NA,NA,NA,NA,NA,NA,NA,NA,NA,NA,NA,NA,NA,Unknown,50,FALSE,FALSE
BARK,NA,NA,NA,NA,NA,2026-08-05,NA,NA,NA,NA,NA,NA,NA,NA,NA,NA,NA,NA,NA,NA,Unknown,50,FALSE,FALSE
HNST,NA,NA,NA,NA,NA,2026-08-05,NA,NA,NA,NA,NA,NA,NA,NA,NA,NA,NA,NA,NA,NA,Unknown,50,FALSE,FALSE
TDUP,NA,NA,NA,NA,NA,2026-08-05,NA,NA,NA,NA,NA,NA,NA,NA,NA,NA,NA,NA,NA,NA,Unknown,50,FALSE,FALSE
UTZ,NA,NA,NA,NA,NA,2026-08-05,NA,NA,NA,NA,NA,NA,NA,NA,NA,NA,NA,NA,NA,NA,Unknown,50,FALSE,FALSE
BRCC,NA,NA,NA,NA,NA,2026-08-05,NA,NA,NA,NA,NA,NA,NA,NA,NA,NA,NA,NA,NA,NA,Unknown,50,FALSE,FALSE
SMPL,NA,NA,NA,NA,NA,2026-08-05,NA,NA,NA,NA,NA,NA,NA,NA,NA,NA,NA,NA,NA,NA,Unknown,50,FALSE,FALSE
CGEM,NA,NA,NA,NA,NA,2026-08-05,NA,NA,NA,NA,NA,NA,NA,NA,NA,NA,NA,NA,NA,NA,Unknown,50,FALSE,FALSE
ERAS,NA,NA,NA,NA,NA,2026-08-05,NA,NA,NA,NA,NA,NA,NA,NA,NA,NA,NA,NA,NA,NA,Unknown,50,FALSE,FALSE
ZNTL,NA,NA,NA,NA,NA,2026-08-05,NA,NA,NA,NA,NA,NA,NA,NA,NA,NA,NA,NA,NA,NA,Unknown,50,FALSE,FALSE
RARE,NA,NA,NA,NA,NA,2026-08-05,NA,NA,NA,NA,NA,NA,NA,NA,NA,NA,NA,NA,NA,NA,Unknown,50,FALSE,FALSE
WDAY,NA,NA,NA,NA,NA,2026-08-05,NA,NA,NA,NA,NA,NA,NA,NA,NA,NA,NA,NA,NA,NA,Unknown,50,FALSE,FALSE
GRMN,NA,NA,NA,NA,NA,2026-08-05,NA,NA,NA,NA,NA,NA,NA,NA,NA,NA,NA,NA,NA,NA,Unknown,50,FALSE,FALSE
SWKS,NA,NA,NA,NA,NA,2026-08-05,NA,NA,NA,NA,NA,NA,NA,NA,NA,NA,NA,NA,NA,NA,Unknown,50,FALSE,FALSE
HALO,NA,NA,NA,NA,NA,2026-08-05,NA,NA,NA,NA,NA,NA,NA,NA,NA,NA,NA,NA,NA,NA,Unknown,50,FALSE,FALSE
MEDP,NA,NA,NA,NA,NA,2026-08-05,NA,NA,NA,NA,NA,NA,NA,NA,NA,NA,NA,NA,NA,NA,Unknown,50,FALSE,FALSE
HUBB,NA,NA,NA,NA,NA,2026-08-05,NA,NA,NA,NA,NA,NA,NA,NA,NA,NA,NA,NA,NA,NA,Unknown,50,FALSE,FALSE
NDSN,NA,NA,NA,NA,NA,2026-08-05,NA,NA,NA,NA,NA,NA,NA,NA,NA,NA,NA,NA,NA,NA,Unknown,50,FALSE,FALSE
GGG,NA,NA,NA,NA,NA,2026-08-05,NA,NA,NA,NA,NA,NA,NA,NA,NA,NA,NA,NA,NA,NA,Unknown,50,FALSE,FALSE
WTS,NA,NA,NA,NA,NA,2026-08-05,NA,NA,NA,NA,NA,NA,NA,NA,NA,NA,NA,NA,NA,NA,Unknown,50,FALSE,FALSE
FIVE,NA,NA,NA,NA,NA,2026-08-05,NA,NA,NA,NA,NA,NA,NA,NA,NA,NA,NA,NA,NA,NA,Unknown,50,FALSE,FALSE
TXRH,NA,NA,NA,NA,NA,2026-08-05,NA,NA,NA,NA,NA,NA,NA,NA,NA,NA,NA,NA,NA,NA,Unknown,50,FALSE,FALSE
WING,NA,NA,NA,NA,NA,2026-08-05,NA,NA,NA,NA,NA,NA,NA,NA,NA,NA,NA,NA,NA,NA,Unknown,50,FALSE,FALSE
IESC,NA,NA,NA,NA,NA,2026-08-05,NA,NA,NA,NA,NA,NA,NA,NA,NA,NA,NA,NA,NA,NA,Unknown,50,FALSE,FALSE
MYRG,NA,NA,NA,NA,NA,2026-08-05,NA,NA,NA,NA,NA,NA,NA,NA,NA,NA,NA,NA,NA,NA,Unknown,50,FALSE,FALSE
YETI,NA,NA,NA,NA,NA,2026-08-05,NA,NA,NA,NA,NA,NA,NA,NA,NA,NA,NA,NA,NA,NA,Unknown,50,FALSE,FALSE
DOCU,NA,NA,NA,NA,NA,2026-08-05,NA,NA,NA,NA,NA,NA,NA,NA,NA,NA,NA,NA,NA,NA,Unknown,50,FALSE,FALSE
OKTA,NA,NA,NA,NA,NA,2026-08-05,NA,NA,NA,NA,NA,NA,NA,NA,NA,NA,NA,NA,NA,NA,Unknown,50,FALSE,FALSE
TER,NA,NA,NA,NA,NA,2026-08-05,NA,NA,NA,NA,NA,NA,NA,NA,NA,NA,NA,NA,NA,NA,Unknown,50,FALSE,FALSE
MPWR,NA,NA,NA,NA,NA,2026-08-05,NA,NA,NA,NA,NA,NA,NA,NA,NA,NA,NA,NA,NA,NA,Unknown,50,FALSE,FALSE
MCHP,NA,NA,NA,NA,NA,2026-08-05,NA,NA,NA,NA,NA,NA,NA,NA,NA,NA,NA,NA,NA,NA,Unknown,50,FALSE,FALSE
ON,NA,NA,NA,NA,NA,2026-08-05,NA,NA,NA,NA,NA,NA,NA,NA,NA,NA,NA,NA,NA,NA,Unknown,50,FALSE,FALSE
ENTG,NA,NA,NA,NA,NA,2026-08-05,NA,NA,NA,NA,NA,NA,NA,NA,NA,NA,NA,NA,NA,NA,Unknown,50,FALSE,FALSE
IBKR,NA,NA,NA,NA,NA,2026-08-05,NA,NA,NA,NA,NA,NA,NA,NA,NA,NA,NA,NA,NA,NA,Unknown,50,FALSE,FALSE
ALNY,NA,NA,NA,NA,NA,2026-08-05,NA,NA,NA,NA,NA,NA,NA,NA,NA,NA,NA,NA,NA,NA,Unknown,50,FALSE,FALSE
BMRN,NA,NA,NA,NA,NA,2026-08-05,NA,NA,NA,NA,NA,NA,NA,NA,NA,NA,NA,NA,NA,NA,Unknown,50,FALSE,FALSE
SRPT,NA,NA,NA,NA,NA,2026-08-05,NA,NA,NA,NA,NA,NA,NA,NA,NA,NA,NA,NA,NA,NA,Unknown,50,FALSE,FALSE
AXON,NA,NA,NA,NA,NA,2026-08-05,NA,NA,NA,NA,NA,NA,NA,NA,NA,NA,NA,NA,NA,NA,Unknown,50,FALSE,FALSE
ATI,NA,NA,NA,NA,NA,2026-08-05,NA,NA,NA,NA,NA,NA,NA,NA,NA,NA,NA,NA,NA,NA,Unknown,50,FALSE,FALSE
CRS,NA,NA,NA,NA,NA,2026-08-05,NA,NA,NA,NA,NA,NA,NA,NA,NA,NA,NA,NA,NA,NA,Unknown,50,FALSE,FALSE
MTZ,NA,NA,NA,NA,NA,2026-08-05,NA,NA,NA,NA,NA,NA,NA,NA,NA,NA,NA,NA,NA,NA,Unknown,50,FALSE,FALSE
ONON,NA,NA,NA,NA,NA,2026-08-05,NA,NA,NA,NA,NA,NA,NA,NA,NA,NA,NA,NA,NA,NA,Unknown,50,FALSE,FALSE
CAVA,NA,NA,NA,NA,NA,2026-08-05,NA,NA,NA,NA,NA,NA,NA,NA,NA,NA,NA,NA,NA,NA,Unknown,50,FALSE,FALSE
TOST,NA,NA,NA,NA,NA,2026-08-05,NA,NA,NA,NA,NA,NA,NA,NA,NA,NA,NA,NA,NA,NA,Unknown,50,FALSE,FALSE
AFRM,NA,NA,NA,NA,NA,2026-08-05,NA,NA,NA,NA,NA,NA,NA,NA,NA,NA,NA,NA,NA,NA,Unknown,50,FALSE,FALSE
UPST,NA,NA,NA,NA,NA,2026-08-05,NA,NA,NA,NA,NA,NA,NA,NA,NA,NA,NA,NA,NA,NA,Unknown,50,FALSE,FALSE
SOFI,NA,NA,NA,NA,NA,2026-08-05,NA,NA,NA,NA,NA,NA,NA,NA,NA,NA,NA,NA,NA,NA,Unknown,50,FALSE,FALSE
HOOD,NA,NA,NA,NA,NA,2026-08-05,NA,NA,NA,NA,NA,NA,NA,NA,NA,NA,NA,NA,NA,NA,Unknown,50,FALSE,FALSE
APPN,NA,NA,NA,NA,NA,2026-08-05,NA,NA,NA,NA,NA,NA,NA,NA,NA,NA,NA,NA,NA,NA,Unknown,50,FALSE,FALSE
CXM,NA,NA,NA,NA,NA,2026-08-05,NA,NA,NA,NA,NA,NA,NA,NA,NA,NA,NA,NA,NA,NA,Unknown,50,FALSE,FALSE
DOCN,NA,NA,NA,NA,NA,2026-08-05,NA,NA,NA,NA,NA,NA,NA,NA,NA,NA,NA,NA,NA,NA,Unknown,50,FALSE,FALSE
IONQ,NA,NA,NA,NA,NA,2026-08-05,NA,NA,NA,NA,NA,NA,NA,NA,NA,NA,NA,NA,NA,NA,Unknown,50,FALSE,FALSE
LSCC,NA,NA,NA,NA,NA,2026-08-05,NA,NA,NA,NA,NA,NA,NA,NA,NA,NA,NA,NA,NA,NA,Unknown,50,FALSE,FALSE
KRYS,NA,NA,NA,NA,NA,2026-08-05,NA,NA,NA,NA,NA,NA,NA,NA,NA,NA,NA,NA,NA,NA,Unknown,50,FALSE,FALSE
STRL,NA,NA,NA,NA,NA,2026-08-05,NA,NA,NA,NA,NA,NA,NA,NA,NA,NA,NA,NA,NA,NA,Unknown,50,FALSE,FALSE
ROAD,NA,NA,NA,NA,NA,2026-08-05,NA,NA,NA,NA,NA,NA,NA,NA,NA,NA,NA,NA,NA,NA,Unknown,50,FALSE,FALSE
ORN,NA,NA,NA,NA,NA,2026-08-05,NA,NA,NA,NA,NA,NA,NA,NA,NA,NA,NA,NA,NA,NA,Unknown,50,FALSE,FALSE
LOVE,NA,NA,NA,NA,NA,2026-08-05,NA,NA,NA,NA,NA,NA,NA,NA,NA,NA,NA,NA,NA,NA,Unknown,50,FALSE,FALSE
FIGS,NA,NA,NA,NA,NA,2026-08-05,NA,NA,NA,NA,NA,NA,NA,NA,NA,NA,NA,NA,NA,NA,Unknown,50,FALSE,FALSE
SG,NA,NA,NA,NA,NA,2026-08-05,NA,NA,NA,NA,NA,NA,NA,NA,NA,NA,NA,NA,NA,NA,Unknown,50,FALSE,FALSE
CELH,NA,NA,NA,NA,NA,2026-08-05,NA,NA,NA,NA,NA,NA,NA,NA,NA,NA,NA,NA,NA,NA,Unknown,50,FALSE,FALSE
MITK,NA,NA,NA,NA,NA,2026-08-05,NA,NA,NA,NA,NA,NA,NA,NA,NA,NA,NA,NA,NA,NA,Unknown,50,FALSE,FALSE
YEXT,NA,NA,NA,NA,NA,2026-08-05,NA,NA,NA,NA,NA,NA,NA,NA,NA,NA,NA,NA,NA,NA,Unknown,50,FALSE,FALSE
ALGM,NA,NA,NA,NA,NA,2026-08-05,NA,NA,NA,NA,NA,NA,NA,NA,NA,NA,NA,NA,NA,NA,Unknown,50,FALSE,FALSE
TWLO,NA,NA,NA,NA,NA,2026-08-05,NA,NA,NA,NA,NA,NA,NA,NA,NA,NA,NA,NA,NA,NA,Unknown,50,FALSE,FALSE
PINS,NA,NA,NA,NA,NA,2026-08-05,NA,NA,NA,NA,NA,NA,NA,NA,NA,NA,NA,NA,NA,NA,Unknown,50,FALSE,FALSE
PANW,NA,NA,NA,NA,NA,2026-08-05,NA,NA,NA,NA,NA,NA,NA,NA,NA,NA,NA,NA,NA,NA,Unknown,50,FALSE,FALSE
HUBS,NA,NA,NA,NA,NA,2026-08-05,NA,NA,NA,NA,NA,NA,NA,NA,NA,NA,NA,NA,NA,NA,Unknown,50,FALSE,FALSE
ROKU,NA,NA,NA,NA,NA,2026-08-05,NA,NA,NA,NA,NA,NA,NA,NA,NA,NA,NA,NA,NA,NA,Unknown,50,FALSE,FALSE
SNAP,NA,NA,NA,NA,NA,2026-08-05,NA,NA,NA,NA,NA,NA,NA,NA,NA,NA,NA,NA,NA,NA,Unknown,50,FALSE,FALSE
DDOG,NA,NA,NA,NA,NA,2026-08-05,NA,NA,NA,NA,NA,NA,NA,NA,NA,NA,NA,NA,NA,NA,Unknown,50,FALSE,FALSE
DKNG,NA,NA,NA,NA,NA,2026-08-05,NA,NA,NA,NA,NA,NA,NA,NA,NA,NA,NA,NA,NA,NA,Unknown,50,FALSE,FALSE
MDB,NA,NA,NA,NA,NA,2026-08-05,NA,NA,NA,NA,NA,NA,NA,NA,NA,NA,NA,NA,NA,NA,Unknown,50,FALSE,FALSE
ETSY,NA,NA,NA,NA,NA,2026-08-05,NA,NA,NA,NA,NA,NA,NA,NA,NA,NA,NA,NA,NA,NA,Unknown,50,FALSE,FALSE
ZS,NA,NA,NA,NA,NA,2026-08-05,NA,NA,NA,NA,NA,NA,NA,NA,NA,NA,NA,NA,NA,NA,Unknown,50,FALSE,FALSE
TEAM,NA,NA,NA,NA,NA,2026-08-05,NA,NA,NA,NA,NA,NA,NA,NA,NA,NA,NA,NA,NA,NA,Unknown,50,FALSE,FALSE
CRWD,NA,NA,NA,NA,NA,2026-08-05,NA,NA,NA,NA,NA,NA,NA,NA,NA,NA,NA,NA,NA,NA,Unknown,50,FALSE,FALSE
NET,NA,NA,NA,NA,NA,2026-08-05,NA,NA,NA,NA,NA,NA,NA,NA,NA,NA,NA,NA,NA,NA,Unknown,50,FALSE,FALSE
