symbol,shares_short,shares_short_prior,short_ratio,settlement_date,float_shares,short_percent_float,short_source,shares_outstanding,short_pct_basis,short_trend,improvement_count,fundamentals_improving,sf_score,dtc_score,fi_score,st_score,squeeze_score_raw,squeeze_mult,squeeze_score,squeeze_tier,short_float_pct
LOVE,3027171,3242845,13.91,2026-07-31,NA,0.21,finra,14638400,shares outstanding,Decreasing,0,FALSE,95.88,96.91,0,80,55.35,1,55.35,Low Signal,20.7%
PTGX,7543109,8292656,14.21,2026-07-31,NA,0.12,finra,64708000,shares outstanding,Decreasing,0,FALSE,82.99,97.42,0,80,52.23,1,52.23,Low Signal,11.7%
RXRX,180771459,180760541,9.31,2026-07-31,NA,0.34,finra,535342000,shares outstanding,Stable,0,FALSE,99.48,93.81,0,40,49.63,1,49.63,Low Signal,33.8%
ASAN,28563366,35653631,4.74,2026-07-31,NA,0.18,finra,160970000,shares outstanding,Decreasing,0,FALSE,91.75,71.13,0,80,49.16,1,49.16,Low Signal,17.7%
VERA,15281960,15081995,9.42,2026-07-31,NA,0.21,finra,72063000,shares outstanding,Stable,0,FALSE,96.91,94.33,0,40,49.09,1,49.09,Low Signal,21.2%
SRPT,27566969,28489470,8.77,2026-07-31,NA,0.26,finra,105627000,shares outstanding,Stable,0,FALSE,97.94,92.78,0,40,49.04,1,49.04,Low Signal,26.1%
AI,46307686,44419287,8.4,2026-07-31,NA,0.3,finra,151949000,shares outstanding,Stable,0,FALSE,98.45,91.75,0,40,48.96,1,48.96,Low Signal,30.5%
WDAY,25349192,27369617,5.12,2026-07-31,NA,0.13,finra,201000000,shares outstanding,Decreasing,0,FALSE,85.57,76.8,0,80,48.75,1,48.75,Low Signal,12.6%
CGEM,10254541,10285963,19.17,2026-07-31,NA,0.17,finra,61458000,shares outstanding,Stable,0,FALSE,90.72,100,0,40,48.68,1,48.68,Low Signal,16.7%
TDUP,19197601,19847001,14.53,2026-07-31,NA,0.17,finra,111010000,shares outstanding,Stable,0,FALSE,91.24,97.94,0,40,48.4,1,48.4,Low Signal,17.3%
APPN,4508906,5989933,5.3,2026-07-31,NA,0.11,finra,40540200,shares outstanding,Decreasing,0,FALSE,81.44,78.87,0,80,48.13,1,48.13,Low Signal,11.1%
UPST,25223623,26176982,7.31,2026-07-31,NA,0.26,finra,97313000,shares outstanding,Stable,0,FALSE,97.42,88.66,0,40,48.09,1,48.09,Low Signal,25.9%
FSLY,22594904,25531692,4.48,2026-07-31,NA,0.14,finra,159300000,shares outstanding,Decreasing,0,FALSE,88.66,68.56,0,80,47.88,1,47.88,Low Signal,14.2%
CELH,34398398,39938164,4.38,2026-07-31,NA,0.14,finra,253035000,shares outstanding,Decreasing,0,FALSE,87.63,65.98,0,80,47.1,1,47.1,Low Signal,13.6%
BBAI,147452014,145808992,5.67,2026-07-31,NA,0.31,finra,479494000,shares outstanding,Stable,0,FALSE,98.97,80.93,0,40,46.93,1,46.93,Low Signal,30.8%
KYMR,9976794,9900469,18.07,2026-07-31,NA,0.12,finra,83151000,shares outstanding,Stable,0,FALSE,84.02,98.97,0,40,46.8,1,46.8,Low Signal,12%
DUOL,7263743,7494489,7.23,2026-07-31,NA,0.18,finra,40237100,shares outstanding,Stable,0,FALSE,92.78,87.63,0,40,46.72,1,46.72,Low Signal,18.1%
BRZE,11843868,12553830,5.01,2026-07-31,NA,0.11,finra,112632000,shares outstanding,Decreasing,0,FALSE,78.35,74.23,0,80,46.43,1,46.43,Low Signal,10.5%
OLMA,15963215,15101848,18.21,2026-07-31,NA,0.18,finra,87498000,shares outstanding,Increasing,0,FALSE,93.3,99.48,0,20,46.22,1,46.22,Low Signal,18.2%
WLDN,1925574,1907811,8.99,2026-07-31,NA,0.13,finra,15232100,shares outstanding,Stable,0,FALSE,86.08,93.3,0,40,46.18,1,46.18,Low Signal,12.6%
PINS,50504065,57443101,4.96,2026-07-31,NA,0.1,finra,492198000,shares outstanding,Decreasing,0,FALSE,77.32,73.71,0,80,46.07,1,46.07,Low Signal,10.3%
TROW,25488484,26733625,12.38,2026-07-31,NA,0.12,finra,213316000,shares outstanding,Stable,0,FALSE,83.51,95.36,0,40,45.95,1,45.95,Low Signal,11.9%
CALM,5103170,5949877,4.46,2026-07-31,NA,0.11,finra,46917100,shares outstanding,Decreasing,0,FALSE,79.9,68.04,0,80,45.58,1,45.58,Low Signal,10.9%
BMRN,12504131,14315984,7.42,2026-07-31,NA,0.06,finra,193574000,shares outstanding,Decreasing,0,FALSE,60.82,89.69,0,80,45.14,1,45.14,Low Signal,6.5%
FIGS,20034622,19917442,6.81,2026-07-31,NA,0.13,finra,157857000,shares outstanding,Stable,0,FALSE,86.6,86.08,0,40,44.87,1,44.87,Low Signal,12.7%
SANA,42148007,39736380,16.33,2026-07-31,NA,0.14,finra,299361000,shares outstanding,Increasing,0,FALSE,88.14,98.45,0,20,44.73,1,44.73,Low Signal,14.1%
CXM,13273788,14348124,4.41,2026-07-31,NA,0.1,finra,133099000,shares outstanding,Decreasing,0,FALSE,76.8,66.49,0,80,44.5,1,44.5,Low Signal,10%
SWKS,31330554,32855050,4.76,2026-07-31,NA,0.21,finra,150473000,shares outstanding,Stable,0,FALSE,96.39,71.65,0,40,44.43,1,44.43,Low Signal,20.8%
ETSY,9763720,13962269,4.19,2026-07-31,NA,0.11,finra,91782000,shares outstanding,Decreasing,0,FALSE,78.87,63.4,0,80,44.4,1,44.4,Low Signal,10.6%
KRYS,3202260,3496648,4.15,2026-07-31,NA,0.11,finra,29598800,shares outstanding,Decreasing,0,FALSE,79.38,61.86,0,80,44.22,1,44.22,Low Signal,10.8%
WING,4241597,4598134,3.29,2026-07-31,NA,0.16,finra,27242500,shares outstanding,Decreasing,0,FALSE,90.21,47.94,0,80,44.14,1,44.14,Low Signal,15.6%
ANAB,5401866,4999494,7.21,2026-07-31,NA,0.18,finra,29608500,shares outstanding,Increasing,0,FALSE,93.81,87.11,0,20,43.88,1,43.88,Low Signal,18.2%
DKS,7478420,7228781,6.85,2026-07-31,NA,0.11,finra,65932000,shares outstanding,Stable,0,FALSE,81.96,86.6,0,40,43.81,1,43.81,Low Signal,11.3%
YETI,8352671,8178011,6.7,2026-07-31,NA,0.11,finra,72989000,shares outstanding,Stable,0,FALSE,82.47,85.57,0,40,43.73,1,43.73,Low Signal,11.4%
XENE,5384476,6337096,7.33,2026-07-31,NA,0.06,finra,96840000,shares outstanding,Decreasing,0,FALSE,55.15,89.18,0,80,43.62,1,43.62,Low Signal,5.6%
SOUN,162745724,169194715,4.18,2026-07-31,NA,0.4,finra,411574000,shares outstanding,Stable,0,FALSE,100,62.89,0,40,43.58,1,43.58,Low Signal,39.5%
RARE,14963396,13435087,8.28,2026-07-31,NA,0.15,finra,98589000,shares outstanding,Increasing,0,FALSE,89.69,90.72,0,20,43.57,1,43.57,Low Signal,15.2%
QRVO,6555540,6987222,5.1,2026-07-31,NA,0.07,finra,88222000,shares outstanding,Decreasing,0,FALSE,64.95,75.77,0,80,43.39,1,43.39,Low Signal,7.4%
VITL,8743305,7978805,6.12,2026-07-31,NA,0.2,finra,42931500,shares outstanding,Increasing,0,FALSE,95.36,82.47,0,20,43.34,1,43.34,Low Signal,20.4%
TEAM,15775781,17645455,4.03,2026-07-31,NA,0.1,finra,159634000,shares outstanding,Decreasing,0,FALSE,75.77,59.79,0,80,42.9,1,42.9,Low Signal,9.9%
DOCU,15123951,16753240,4.64,2026-07-31,NA,0.08,finra,190945000,shares outstanding,Decreasing,0,FALSE,67.53,69.59,0,80,42.8,1,42.8,Low Signal,7.9%
HNST,9800196,9513713,8.55,2026-07-31,NA,0.09,finra,107284000,shares outstanding,Stable,0,FALSE,72.68,92.27,0,40,42.62,1,42.62,Low Signal,9.1%
CROX,4415345,4942071,4.08,2026-07-31,NA,0.09,finra,47945100,shares outstanding,Decreasing,0,FALSE,73.2,61.34,0,80,42.57,1,42.57,Low Signal,9.2%
HALO,14022134,13295961,8.35,2026-07-31,NA,0.12,finra,113498000,shares outstanding,Increasing,0,FALSE,84.54,91.24,0,20,42.38,1,42.38,Low Signal,12.4%
ONON,19819226,21251241,4.94,2026-07-31,NA,0.07,finra,301716000,shares outstanding,Decreasing,0,FALSE,61.34,73.2,0,80,41.97,1,41.97,Low Signal,6.6%
AMPL,7681101,8696566,4.43,2026-07-31,NA,0.08,finra,101262000,shares outstanding,Decreasing,0,FALSE,65.46,67.53,0,80,41.87,1,41.87,Low Signal,7.6%
LMB,1170862,1178263,6.69,2026-07-31,NA,0.1,finra,11925000,shares outstanding,Stable,0,FALSE,75.26,85.05,0,40,41.82,1,41.82,Low Signal,9.8%
IDYA,10113206,9573580,13.19,2026-07-31,NA,0.1,finra,96489000,shares outstanding,Increasing,0,FALSE,77.84,95.88,0,20,41.63,1,41.63,Low Signal,10.5%
IONS,21466123,20042879,6.35,2026-07-31,NA,0.13,finra,166184000,shares outstanding,Increasing,0,FALSE,87.11,84.02,0,20,41.58,1,41.58,Low Signal,12.9%
ERAS,29953849,30766629,7.27,2026-07-31,NA,0.09,finra,349762000,shares outstanding,Stable,0,FALSE,71.65,88.14,0,40,41.54,1,41.54,Low Signal,8.6%
PLNT,7291394,9280364,3.82,2026-07-31,NA,0.1,finra,75217000,shares outstanding,Decreasing,0,FALSE,74.23,54.64,0,80,41.48,1,41.48,Low Signal,9.7%
FROG,9393448,10930781,4.19,2026-07-31,NA,0.08,finra,123301000,shares outstanding,Decreasing,0,FALSE,65.98,63.4,0,80,41.18,1,41.18,Low Signal,7.6%
RJF,8956745,9561283,6.51,2026-07-31,NA,0.05,finra,192100000,shares outstanding,Decreasing,0,FALSE,47.42,84.54,0,80,40.76,1,40.76,Low Signal,4.7%
JAZZ,3355182,3801863,5.33,2026-07-31,NA,0.05,finra,64915000,shares outstanding,Decreasing,0,FALSE,51.03,79.38,0,80,40.63,1,40.63,Low Signal,5.2%
BARK,551323,570268,13.23,2026-07-31,NA,0.06,finra,9033500,shares outstanding,Stable,0,FALSE,57.73,96.39,0,40,39.71,1,39.71,No Signal,6.1%
ALGM,11062440,12560242,4.42,2026-07-31,NA,0.06,finra,186402000,shares outstanding,Decreasing,0,FALSE,57.22,67.01,0,80,39.71,1,39.71,No Signal,5.9%
INTA,3807922,4911931,5.13,2026-07-31,NA,0.05,finra,76511000,shares outstanding,Decreasing,0,FALSE,48.97,77.32,0,80,39.71,1,39.71,No Signal,5%
SG,21362594,21231426,3.46,2026-07-31,NA,0.2,finra,107148000,shares outstanding,Stable,0,FALSE,94.85,49.48,0,40,39.61,1,39.61,No Signal,19.9%
ACAD,10812093,11029444,7.96,2026-07-31,NA,0.06,finra,171236000,shares outstanding,Stable,0,FALSE,59.79,90.21,0,40,38.99,1,38.99,No Signal,6.3%
OLLI,6604987,6946620,4.23,2026-07-31,NA,0.11,finra,60453000,shares outstanding,Stable,0,FALSE,80.41,64.43,0,40,38.99,1,38.99,No Signal,10.9%
QBTS,65914289,65067516,3.35,2026-07-31,NA,0.18,finra,369264000,shares outstanding,Stable,0,FALSE,92.27,48.45,0,40,38.76,1,38.76,No Signal,17.9%
ZNTL,5578646,6146782,4.16,2026-07-31,NA,0.06,finra,94672000,shares outstanding,Decreasing,0,FALSE,56.7,62.37,0,80,38.65,1,38.65,No Signal,5.9%
VEEV,7300157,7918041,5.04,2026-07-31,NA,0.04,finra,162443000,shares outstanding,Decreasing,0,FALSE,45.88,74.74,0,80,38.42,1,38.42,No Signal,4.5%
AFRM,15391541,16725898,4.37,2026-07-31,NA,0.05,finra,294358000,shares outstanding,Decreasing,0,FALSE,52.06,65.46,0,80,38.11,1,38.11,No Signal,5.2%
ARHS,4652817,4564113,4.73,2026-07-31,NA,0.09,finra,54424000,shares outstanding,Stable,0,FALSE,71.13,70.62,0,40,37.91,1,37.91,No Signal,8.5%
TOST,34304036,40780362,3.57,2026-07-31,NA,0.07,finra,514000000,shares outstanding,Decreasing,0,FALSE,61.86,51.03,0,80,37.67,1,37.67,No Signal,6.7%
MEDP,1746898,2190722,3.82,2026-07-31,NA,0.06,finra,27911700,shares outstanding,Decreasing,0,FALSE,58.25,54.64,0,80,37.49,1,37.49,No Signal,6.3%
RGTI,63394520,61351381,2.97,2026-07-31,NA,0.19,finra,333769000,shares outstanding,Stable,0,FALSE,94.33,38.66,0,40,37.31,1,37.31,No Signal,19%
PD,7644566,6994530,5.05,2026-07-31,NA,0.1,finra,77123000,shares outstanding,Increasing,0,FALSE,76.29,75.26,0,20,37.12,1,37.12,No Signal,9.9%
CAVA,12865002,13382232,3.62,2026-07-31,NA,0.11,finra,116806000,shares outstanding,Stable,0,FALSE,80.93,53.09,0,40,36.85,1,36.85,No Signal,11%
U,34345045,33891131,4.6,2026-07-31,NA,0.08,finra,440089000,shares outstanding,Stable,0,FALSE,67.01,69.07,0,40,36.57,1,36.57,No Signal,7.8%
BRCC,3784836,4674010,5.81,2026-07-31,NA,0.03,finra,119820000,shares outstanding,Decreasing,0,FALSE,32.99,81.44,0,80,36.54,1,36.54,No Signal,3.2%
COIN,21790827,25046921,2.72,2026-07-31,NA,0.1,finra,222803000,shares outstanding,Decreasing,0,FALSE,74.74,28.87,0,80,36.46,1,36.46,No Signal,9.8%
MITK,3319216,3416964,4.76,2026-07-31,NA,0.07,finra,45122400,shares outstanding,Stable,0,FALSE,63.92,71.65,0,40,36.31,1,36.31,No Signal,7.4%
ALRM,2597657,2566578,6.31,2026-07-31,NA,0.05,finra,49090200,shares outstanding,Stable,0,FALSE,52.58,83.51,0,40,35.85,1,35.85,No Signal,5.3%
HUBS,4502388,5012109,2.63,2026-07-31,NA,0.09,finra,51191000,shares outstanding,Decreasing,0,FALSE,72.16,26.29,0,80,35.3,1,35.3,No Signal,8.8%
YEXT,5191296,5284561,5.2,2026-07-31,NA,0.05,finra,100248000,shares outstanding,Stable,0,FALSE,51.55,78.35,0,40,34.56,1,34.56,No Signal,5.2%
ZS,7418898,8049396,3.63,2026-07-31,NA,0.05,finra,161710000,shares outstanding,Decreasing,0,FALSE,46.39,53.61,0,80,34.32,1,34.32,No Signal,4.6%
CFR,3986434,3767310,5.58,2026-07-31,NA,0.06,finra,62149000,shares outstanding,Increasing,0,FALSE,60.31,80.41,0,20,34.16,1,34.16,No Signal,6.4%
NTRA,4365205,4964646,4.69,2026-07-31,NA,0.03,finra,144144000,shares outstanding,Decreasing,0,FALSE,32.47,70.1,0,80,34.14,1,34.14,No Signal,3%
FIZZ,4331658,3750363,10.01,2026-07-31,NA,0.05,finra,93612000,shares outstanding,Increasing,0,FALSE,46.91,94.85,0,20,33.7,1,33.7,No Signal,4.6%
ON,30922210,31300388,3.59,2026-07-31,NA,0.08,finra,389312000,shares outstanding,Stable,0,FALSE,68.04,51.55,0,40,33.32,1,33.32,No Signal,7.9%
WAL,6302163,5570519,5.88,2026-07-31,NA,0.06,finra,109101000,shares outstanding,Increasing,0,FALSE,55.67,81.96,0,20,33.31,1,33.31,No Signal,5.8%
DKNG,38098326,39353188,3.6,2026-07-31,NA,0.08,finra,496454000,shares outstanding,Stable,0,FALSE,66.49,52.58,0,40,33.14,1,33.14,No Signal,7.7%
ROKU,10637370,8245711,4.34,2026-07-31,NA,0.08,finra,132051000,shares outstanding,Increasing,0,FALSE,68.56,64.95,0,20,33.13,1,33.13,No Signal,8.1%
INCY,10246477,10512123,4.8,2026-07-31,NA,0.05,finra,202698000,shares outstanding,Stable,0,FALSE,49.48,72.68,0,40,32.91,1,32.91,No Signal,5.1%
ARWR,9656078,9635297,3.85,2026-07-31,NA,0.07,finra,140857000,shares outstanding,Stable,0,FALSE,62.89,55.67,0,40,32.86,1,32.86,No Signal,6.9%
AXON,3563990,3714055,5.1,2026-07-31,NA,0.04,finra,81237000,shares outstanding,Stable,0,FALSE,44.85,75.77,0,40,32.37,1,32.37,No Signal,4.4%
DOCN,8650899,11561544,2.35,2026-07-31,NA,0.07,finra,117580000,shares outstanding,Decreasing,0,FALSE,64.43,18.04,0,80,31.72,1,31.72,No Signal,7.4%
INTU,12142132,15822306,3.05,2026-07-31,NA,0.04,finra,273537000,shares outstanding,Decreasing,0,FALSE,45.36,41.75,0,80,31.69,1,31.69,No Signal,4.4%
NPWR,2676837,2937200,3.98,2026-07-31,NA,0.03,finra,88481000,shares outstanding,Decreasing,0,FALSE,31.44,58.76,0,80,31.61,1,31.61,No Signal,3%
VERX,6768931,7048561,3,2026-07-31,NA,0.08,finra,80062000,shares outstanding,Stable,0,FALSE,70.62,39.69,0,40,31.59,1,31.59,No Signal,8.5%
SOFI,190758849,185956377,2.16,2026-07-31,NA,0.15,finra,1291570000,shares outstanding,Stable,0,FALSE,89.18,14.43,0,40,31.18,1,31.18,No Signal,14.8%
NBIX,4390083,5334688,3.01,2026-07-31,NA,0.04,finra,101649000,shares outstanding,Decreasing,0,FALSE,44.33,40.21,0,80,31.12,1,31.12,No Signal,4.3%
ACN,32939144,33556522,3.88,2026-07-31,NA,0.05,finra,611942000,shares outstanding,Stable,0,FALSE,53.61,57.22,0,40,30.85,1,30.85,No Signal,5.4%
WTS,740879,838518,3.94,2026-07-31,NA,0.03,finra,27466800,shares outstanding,Decreasing,0,FALSE,27.84,57.73,0,80,30.51,1,30.51,No Signal,2.7%
MCHP,36265405,35231436,3.21,2026-07-31,NA,0.07,finra,543009000,shares outstanding,Stable,0,FALSE,62.37,44.33,0,40,30.46,1,30.46,No Signal,6.7%
ZION,5473018,7005706,3.03,2026-07-31,NA,0.04,finra,145953000,shares outstanding,Decreasing,0,FALSE,40.21,40.72,0,80,30.2,1,30.2,No Signal,3.7%
EXP,1921344,1959858,3.27,2026-07-31,NA,0.06,finra,30675300,shares outstanding,Stable,0,FALSE,58.76,46.91,0,40,30.07,1,30.07,No Signal,6.3%
HUBB,2722611,2739024,3.86,2026-07-31,NA,0.05,finra,52842000,shares outstanding,Stable,0,FALSE,50.52,56.19,0,40,29.87,1,29.87,No Signal,5.2%
DDOG,11729899,12494014,3.04,2026-07-31,NA,0.04,finra,334905000,shares outstanding,Decreasing,0,FALSE,37.63,41.24,0,80,29.65,1,29.65,No Signal,3.5%
NDSN,1678170,1726425,5.39,2026-07-31,NA,0.03,finra,55718000,shares outstanding,Stable,0,FALSE,30.41,79.9,0,40,29.58,1,29.58,No Signal,3%
UTZ,7440974,8932422,1,2026-07-31,NA,0.08,finra,88613000,shares outstanding,Decreasing,0,FALSE,70.1,0,0,80,29.53,1,29.53,No Signal,8.4%
PRIM,4490057,2988512,3.11,2026-07-31,NA,0.08,finra,54255000,shares outstanding,Increasing,0,FALSE,69.07,43.3,0,20,28.93,1,28.93,No Signal,8.3%
GGG,6870460,6551718,4.03,2026-07-31,NA,0.04,finra,161954000,shares outstanding,Stable,0,FALSE,42.78,59.79,0,40,28.65,1,28.65,No Signal,4.2%
IONQ,50158156,47045003,2.46,2026-07-31,NA,0.12,finra,405136000,shares outstanding,Increasing,0,FALSE,85.05,21.13,0,20,28.49,1,28.49,No Signal,12.4%
PEP,29388790,32637580,3.59,2026-07-31,NA,0.02,finra,1366000000,shares outstanding,Decreasing,0,FALSE,23.2,51.55,0,80,28.11,1,28.11,No Signal,2.2%
CRWD,25560208,27450228,3.28,2026-07-31,NA,0.03,finra,1018259000,shares outstanding,Decreasing,0,FALSE,25.77,47.42,0,80,27.93,1,27.93,No Signal,2.5%
ROAD,4564569,2652051,2.82,2026-07-31,NA,0.09,finra,48206400,shares outstanding,Increasing,0,FALSE,73.71,32.47,0,20,27.92,1,27.92,No Signal,9.5%
AMGN,13280607,12845008,5.16,2026-07-31,NA,0.02,finra,541000000,shares outstanding,Stable,0,FALSE,25.26,77.84,0,40,27.88,1,27.88,No Signal,2.5%
NEE,63143539,51979231,6.2,2026-07-31,NA,0.03,finra,2085605000,shares outstanding,Increasing,0,FALSE,31.96,82.99,0,20,27.59,1,27.59,No Signal,3%
WBS,11555574,11284413,2.67,2026-07-31,NA,0.07,finra,162033000,shares outstanding,Stable,0,FALSE,63.4,27.32,0,40,27.31,1,27.31,No Signal,7.1%
SMPL,7383061,6912240,2.84,2026-07-31,NA,0.08,finra,88441000,shares outstanding,Increasing,0,FALSE,69.59,34.54,0,20,27.3,1,27.3,No Signal,8.3%
OKTA,6688238,7573550,2.53,2026-07-31,NA,0.04,finra,166120000,shares outstanding,Decreasing,0,FALSE,41.24,24.23,0,80,27.15,1,27.15,No Signal,4%
SNAP,90052086,91270073,2.81,2026-07-31,NA,0.06,finra,1437047000,shares outstanding,Stable,0,FALSE,59.28,31.44,0,40,27.11,1,27.11,No Signal,6.3%
CRNX,5866425,6212042,1.78,2026-07-31,NA,0.06,finra,106095000,shares outstanding,Decreasing,0,FALSE,54.64,6.19,0,80,26.9,1,26.9,No Signal,5.5%
ENTG,8805932,8518515,2.83,2026-07-31,NA,0.06,finra,152300000,shares outstanding,Stable,0,FALSE,56.19,33.51,0,40,26.75,1,26.75,No Signal,5.8%
UPS,23812182,24444387,3.86,2026-07-31,NA,0.03,finra,749349000,shares outstanding,Stable,0,FALSE,34.02,56.19,0,40,25.74,1,25.74,No Signal,3.2%
MPWR,2122311,2456955,2.13,2026-07-31,NA,0.04,finra,49143000,shares outstanding,Decreasing,0,FALSE,43.81,13.4,0,80,25.63,1,25.63,No Signal,4.3%
TXRH,2082848,2644856,2.61,2026-07-31,NA,0.03,finra,65641000,shares outstanding,Decreasing,0,FALSE,33.51,25.77,0,80,25.53,1,25.53,No Signal,3.2%
NET,8184226,9834475,2.84,2026-07-31,NA,0.03,finra,322619000,shares outstanding,Decreasing,0,FALSE,26.29,34.54,0,80,25.48,1,25.48,No Signal,2.5%
MTZ,4427169,4236441,2.67,2026-07-31,NA,0.06,finra,80305000,shares outstanding,Stable,0,FALSE,54.12,27.32,0,40,24.99,1,24.99,No Signal,5.5%
CRM,29406370,46465690,2.22,2026-07-31,NA,0.04,finra,819000000,shares outstanding,Decreasing,0,FALSE,38.66,15.46,0,80,24.76,1,24.76,No Signal,3.6%
MYRG,662535,784305,1.87,2026-07-31,NA,0.04,finra,15569200,shares outstanding,Decreasing,0,FALSE,43.3,8.76,0,80,24.58,1,24.58,No Signal,4.3%
ALNY,4803194,5773373,2.18,2026-07-31,NA,0.04,finra,133809000,shares outstanding,Decreasing,0,FALSE,38.14,14.95,0,80,24.53,1,24.53,No Signal,3.6%
LLY,9117184,10278892,3.94,2026-07-31,NA,0.01,finra,891741000,shares outstanding,Decreasing,0,FALSE,2.58,57.73,0,80,24.19,1,24.19,No Signal,1%
AVGO,61196152,68638929,3.22,2026-07-31,NA,0.01,finra,4757580000,shares outstanding,Decreasing,0,FALSE,11.34,44.85,0,80,23.8,1,23.8,No Signal,1.3%
ORN,2170870,2118466,2.48,2026-07-31,NA,0.05,finra,40495300,shares outstanding,Stable,0,FALSE,53.09,21.65,0,40,23.6,1,23.6,No Signal,5.4%
GRMN,3609370,3921882,2.79,2026-07-31,NA,0.02,finra,192853000,shares outstanding,Decreasing,0,FALSE,21.13,30.93,0,80,23.47,1,23.47,No Signal,1.9%
CRS,2437984,1866617,3.05,2026-07-31,NA,0.05,finra,49685600,shares outstanding,Increasing,0,FALSE,48.45,41.75,0,20,23.46,1,23.46,No Signal,4.9%
HOOD,33162605,38088351,1.55,2026-07-31,NA,0.04,finra,790630000,shares outstanding,Decreasing,0,FALSE,42.27,3.61,0,80,23.29,1,23.29,No Signal,4.2%
MDB,2598807,2836336,2.12,2026-07-31,NA,0.03,finra,80432000,shares outstanding,Decreasing,0,FALSE,34.54,12.89,0,80,23.21,1,23.21,No Signal,3.2%
RBLX,24107149,29317704,1.82,2026-07-31,NA,0.04,finra,669993000,shares outstanding,Decreasing,0,FALSE,39.18,6.7,0,80,23.13,1,23.13,No Signal,3.6%
PANW,21000807,20423492,3.48,2026-07-31,NA,0.03,finra,815000000,shares outstanding,Stable,0,FALSE,26.8,50,0,40,22.7,1,22.7,No Signal,2.6%
HON,8418114,9556342,2.37,2026-07-31,NA,0.03,finra,316940000,shares outstanding,Decreasing,0,FALSE,27.32,19.07,0,80,22.64,1,22.64,No Signal,2.7%
STRL,1165489,1280420,1.36,2026-07-31,NA,0.04,finra,30588500,shares outstanding,Decreasing,0,FALSE,40.72,1.55,0,80,22.49,1,22.49,No Signal,3.8%
SPGI,8818887,5061368,4.03,2026-07-31,NA,0.03,finra,294800000,shares outstanding,Increasing,0,FALSE,29.9,59.79,0,20,22.43,1,22.43,No Signal,3%
JBSS,373950,354059,3.12,2026-07-31,NA,0.04,finra,9092100,shares outstanding,Increasing,0,FALSE,41.75,43.81,0,20,22.2,1,22.2,No Signal,4.1%
FIVE,1864884,2271332,1.62,2026-07-31,NA,0.03,finra,55295000,shares outstanding,Decreasing,0,FALSE,36.08,4.64,0,80,21.95,1,21.95,No Signal,3.4%
JNJ,25408119,27425456,2.99,2026-07-31,NA,0.01,finra,2409899000,shares outstanding,Decreasing,0,FALSE,5.67,39.18,0,80,21.25,1,21.25,No Signal,1.1%
PRPL,80409,1846432,2.48,2026-07-31,NA,0.02,finra,4353100,shares outstanding,Decreasing,0,FALSE,19.07,21.65,0,80,21.1,1,21.1,No Signal,1.8%
V,20789298,23581970,2.82,2026-07-31,NA,0.01,finra,1704113000,shares outstanding,Decreasing,0,FALSE,9.79,32.47,0,80,20.94,1,20.94,No Signal,1.2%
UNH,15085300,17338297,2.52,2026-07-31,NA,0.02,finra,897595000,shares outstanding,Decreasing,0,FALSE,15.46,23.71,0,80,20.61,1,20.61,No Signal,1.7%
LSCC,4865532,4786054,2.65,2026-07-31,NA,0.03,finra,142030000,shares outstanding,Stable,0,FALSE,36.6,26.8,0,40,20.51,1,20.51,No Signal,3.4%
ABBV,22547839,22632412,3.98,2026-07-31,NA,0.01,finra,1767117000,shares outstanding,Stable,0,FALSE,10.82,58.76,0,40,20.46,1,20.46,No Signal,1.3%
IBM,22269760,33088057,1.82,2026-07-31,NA,0.02,finra,942134000,shares outstanding,Decreasing,0,FALSE,24.74,6.7,0,80,19.53,1,19.53,No Signal,2.4%
IESC,690641,593954,2.9,2026-07-31,NA,0.03,finra,19924400,shares outstanding,Increasing,0,FALSE,37.11,36.08,0,20,19.49,1,19.49,No Signal,3.5%
PM,16127996,17496016,2.81,2026-07-31,NA,0.01,finra,1558613000,shares outstanding,Decreasing,0,FALSE,4.64,31.44,0,80,19.45,1,19.45,No Signal,1%
GE,14243769,14900112,3.5,2026-07-31,NA,0.01,finra,1037563000,shares outstanding,Stable,0,FALSE,12.89,50.52,0,40,19.32,1,19.32,No Signal,1.4%
LIN,5593695,6538380,2.56,2026-07-31,NA,0.01,finra,460980000,shares outstanding,Decreasing,0,FALSE,9.28,24.74,0,80,19.27,1,19.27,No Signal,1.2%
TWLO,4308336,4212905,2.73,2026-07-31,NA,0.03,finra,153575000,shares outstanding,Stable,0,FALSE,29.38,29.38,0,40,19.22,1,19.22,No Signal,2.8%
QCOM,34577216,36152231,2.48,2026-07-31,NA,0.03,finra,1050000000,shares outstanding,Stable,0,FALSE,35.05,21.65,0,40,19.09,1,19.09,No Signal,3.3%
NFLX,92202002,99746573,1.64,2026-07-31,NA,0.02,finra,4163940000,shares outstanding,Decreasing,0,FALSE,23.71,5.67,0,80,19.06,1,19.06,No Signal,2.2%
DECK,6356844,5839678,2.35,2026-07-31,NA,0.05,finra,136182000,shares outstanding,Increasing,0,FALSE,47.94,18.04,0,20,18.59,1,18.59,No Signal,4.7%
CAT,6854115,8054245,2.14,2026-07-31,NA,0.01,finra,459675000,shares outstanding,Decreasing,0,FALSE,14.95,13.92,0,80,18.52,1,18.52,No Signal,1.5%
AMD,37752132,39768152,1.3,2026-07-31,NA,0.02,finra,1632475000,shares outstanding,Decreasing,0,FALSE,24.23,1.03,0,80,18.26,1,18.26,No Signal,2.3%
COST,7655966,6957664,3.75,2026-07-31,NA,0.02,finra,443479000,shares outstanding,Increasing,0,FALSE,16.49,54.12,0,20,17.95,1,17.95,No Signal,1.7%
ATI,3685690,3736256,2.51,2026-07-31,NA,0.03,finra,136170000,shares outstanding,Stable,0,FALSE,28.35,23.2,0,40,17.73,1,17.73,No Signal,2.7%
NVDA,292667375,324052767,2.3,2026-07-31,NA,0.01,finra,24221000000,shares outstanding,Decreasing,0,FALSE,8.76,17.01,0,80,17.59,1,17.59,No Signal,1.2%
TER,8027285,7299251,1.9,2026-07-31,NA,0.05,finra,156341000,shares outstanding,Increasing,0,FALSE,50,9.28,0,20,17.36,1,17.36,No Signal,5.1%
JPM,28235459,29481916,3.43,2026-07-31,NA,0.01,finra,2658186000,shares outstanding,Stable,0,FALSE,6.19,48.97,0,40,17.34,1,17.34,No Signal,1.1%
KO,44821363,47770310,2.39,2026-07-31,NA,0.01,finra,4302549000,shares outstanding,Decreasing,0,FALSE,5.15,19.59,0,80,17.21,1,17.21,No Signal,1%
META,31458758,37847633,1.84,2026-07-31,NA,0.01,finra,2205129000,shares outstanding,Decreasing,0,FALSE,13.92,7.73,0,80,17.03,1,17.03,No Signal,1.4%
MRK,28281375,29359028,3.25,2026-07-31,NA,0.01,finra,2467172000,shares outstanding,Stable,0,FALSE,7.22,45.88,0,40,16.98,1,16.98,No Signal,1.1%
TMO,4985877,5298322,1.9,2026-07-31,NA,0.01,finra,369747000,shares outstanding,Decreasing,0,FALSE,12.37,9.28,0,80,16.95,1,16.95,No Signal,1.3%
BAC,100510154,96837373,2.94,2026-07-31,NA,0.01,finra,6992748000,shares outstanding,Stable,0,FALSE,14.43,36.6,0,40,16.93,1,16.93,No Signal,1.4%
ZM,7214118,7130735,2.32,2026-07-31,NA,0.03,finra,264646000,shares outstanding,Stable,0,FALSE,28.87,17.53,0,40,16.72,1,16.72,No Signal,2.7%
NTRS,3389629,3231104,2.71,2026-07-31,NA,0.02,finra,182956000,shares outstanding,Stable,0,FALSE,20.1,28.35,0,40,16.7,1,16.7,No Signal,1.9%
GOOGL,70493725,78667609,2.03,2026-07-31,NA,0.01,finra,5867156000,shares outstanding,Decreasing,0,FALSE,8.25,11.86,0,80,16.43,1,16.43,No Signal,1.2%
MLI,4603949,4044056,2.96,2026-07-31,NA,0.02,finra,221181000,shares outstanding,Increasing,0,FALSE,22.68,38.14,0,20,16.3,1,16.3,No Signal,2.1%
HD,12299979,12827409,2.95,2026-07-31,NA,0.01,finra,997117000,shares outstanding,Stable,0,FALSE,10.31,37.63,0,40,16.1,1,16.1,No Signal,1.2%
KEYS,3196667,3132673,2.56,2026-07-31,NA,0.02,finra,170895000,shares outstanding,Stable,0,FALSE,20.62,24.74,0,40,16.1,1,16.1,No Signal,1.9%
MSFT,81311791,92373474,2.03,2026-07-31,NA,0.01,finra,7425545000,shares outstanding,Decreasing,0,FALSE,6.7,11.86,0,80,16.05,1,16.05,No Signal,1.1%
AMKR,8926978,8672282,1.21,2026-07-31,NA,0.04,finra,247873000,shares outstanding,Stable,0,FALSE,39.69,0.52,0,40,16.03,1,16.03,No Signal,3.6%
SENEA,174648,166765,1.63,2026-07-31,NA,0.03,finra,5221200,shares outstanding,Stable,0,FALSE,35.57,5.15,0,40,15.92,1,15.92,No Signal,3.3%
FTNT,14384628,14492724,2.45,2026-07-31,NA,0.02,finra,733714000,shares outstanding,Stable,0,FALSE,21.65,20.62,0,40,15.54,1,15.54,No Signal,2%
BLK,2176024,2095185,2.78,2026-07-31,NA,0.01,finra,154869000,shares outstanding,Stable,0,FALSE,13.4,30.41,0,40,15.43,1,15.43,No Signal,1.4%
WMT,72040994,74400164,3.22,2026-07-31,NA,0.01,finra,7958079000,shares outstanding,Stable,0,FALSE,0.52,44.85,0,40,15.1,1,15.1,No Signal,0.9%
MS,13347497,17224493,2.22,2026-07-31,NA,0.01,finra,1572000000,shares outstanding,Decreasing,0,FALSE,0,15.46,0,80,15.09,1,15.09,No Signal,0.8%
ANET,12815409,19887856,1.94,2026-07-31,NA,0.01,finra,1261225000,shares outstanding,Decreasing,0,FALSE,2.06,10.82,0,80,14.68,1,14.68,No Signal,1%
RTX,18052174,17070096,3.1,2026-07-31,NA,0.01,finra,1347758000,shares outstanding,Increasing,0,FALSE,11.86,42.78,0,20,14.52,1,14.52,No Signal,1.3%
AMZN,98434174,106566350,1.93,2026-07-31,NA,0.01,finra,10786314000,shares outstanding,Decreasing,0,FALSE,1.03,10.31,0,80,14.32,1,14.32,No Signal,0.9%
PG,27107761,23118701,3.25,2026-07-31,NA,0.01,finra,2328599000,shares outstanding,Increasing,0,FALSE,7.73,45.88,0,20,14.11,1,14.11,No Signal,1.2%
XOM,42347070,42688964,2.94,2026-07-31,NA,0.01,finra,4111912000,shares outstanding,Stable,0,FALSE,3.09,36.6,0,40,14.09,1,14.09,No Signal,1%
FHN,14303175,12792045,2.24,2026-07-31,NA,0.03,finra,473777000,shares outstanding,Increasing,0,FALSE,30.93,16.49,0,20,14.03,1,14.03,No Signal,3%
MA,8962947,9060825,2.87,2026-07-31,NA,0.01,finra,869464000,shares outstanding,Stable,0,FALSE,3.61,35.57,0,40,14.02,1,14.02,No Signal,1%
MCD,12255302,11465084,2.83,2026-07-31,NA,0.02,finra,707642000,shares outstanding,Increasing,0,FALSE,17.01,33.51,0,20,13.95,1,13.95,No Signal,1.7%
IBKR,9250070,9176448,1.97,2026-07-31,NA,0.02,finra,453078000,shares outstanding,Stable,0,FALSE,22.16,11.34,0,40,13.81,1,13.81,No Signal,2%
CVX,20250198,20366208,2.75,2026-07-31,NA,0.01,finra,1961603000,shares outstanding,Stable,0,FALSE,4.12,29.9,0,40,13.01,1,13.01,No Signal,1%
ISRG,6620078,6708471,1.39,2026-07-31,NA,0.02,finra,358278000,shares outstanding,Stable,0,FALSE,19.59,2.58,0,40,11.41,1,11.41,No Signal,1.8%
ORCL,50143917,50068756,1.4,2026-07-31,NA,0.02,finra,2880471000,shares outstanding,Stable,0,FALSE,18.04,3.09,0,40,11.13,1,11.13,No Signal,1.7%
TSLA,68501639,70646375,1.55,2026-07-31,NA,0.02,finra,3949547000,shares outstanding,Stable,0,FALSE,17.53,3.61,0,40,11.1,1,11.1,No Signal,1.7%
AAPL,141606163,146547784,2.42,2026-07-31,NA,0.01,finra,14594180000,shares outstanding,Stable,0,FALSE,1.55,20.1,0,40,10.41,1,10.41,No Signal,1%
TXN,16771217,15763842,1.86,2026-07-31,NA,0.02,finra,913248000,shares outstanding,Increasing,0,FALSE,18.56,8.25,0,20,9.29,1,9.29,No Signal,1.8%
DHR,12074192,10096457,1.38,2026-07-31,NA,0.02,finra,702986000,shares outstanding,Increasing,0,FALSE,15.98,2.06,0,20,7.41,1,7.41,No Signal,1.7%
