symbol,company,sector,price,sweet_spot_score,master_score,master_percentile,alpha_score,quality_gate,tech_filter,rating,signal,sweet_spot_confidence,confidence_band,days_tracked,expected_return_1d,hist_alpha_ann,hist_ir,alpha_hit_rate,alpha_streak,confidence_weight,primary_driver,signal_matches,pe_ratio,pb_ratio,market_cap,roe,profit_margin,ret_1m,ret_3m,ret_6m,rsi14,momentum_score,put_call_ratio,options_sentiment,options_score,avg_iv,above_vwap,analyst_target,analyst_upside,analyst_score
VEEV,Veeva Systems Inc Class A,HEALTHCARE,280.68,84.5,84.5,100,90.2,51.8,90.4,Very Strong,Very Strong,100,Proven,768,0.0037,0.925,1.8993,0.5397,3,1,Alpha Leader,GX RSI MA200,42.73,5.67,42130301000,0.144,0.293,0.0144,0.5816,0.6249,67.1906,84.9149,NA,Unknown,50,NA,FALSE,297.3,0.0592,73.3
NTRA,Natera Inc,HEALTHCARE,412.56,84.2,84.2,99.5,93.3,32.9,93.2,Very Strong,Very Strong,100,Proven,768,0.0047,1.1849,2.1621,0.5476,4,1,Alpha Leader,GX MACD MA200,NA,29.23,53245420000,-0.125,-0.0711,0.2645,0.5198,1.0302,83.7504,84.6443,NA,Unknown,50,NA,FALSE,344.33,-0.1654,77.3
PD,Pagerduty Inc,TECHNOLOGY,14.38,84,84,99,82.7,73.1,94.1,Very Strong,Very Strong,100,Proven,768,0.0069,1.7507,2.2697,0.5159,0,1,Alpha Leader,GX RSI MA200,7.13,5.03,1166378000,0.826,0.375,0.0398,0.4902,1.2753,58.9546,88.8428,NA,Unknown,50,NA,FALSE,12.64,-0.121,50
DDOG,Datadog Inc,TECHNOLOGY,268.13,82.5,82.5,98.5,90.2,40.4,89.3,Very Strong,Very Strong,100,Proven,768,0.0059,1.4916,1.9838,0.5476,5,1,Alpha Leader,GX MACD RSI MA200,525.75,20.68,96278782000,0.047,0.0448,0.1314,0.0298,1.2595,66.9764,79.0696,NA,Unknown,50,NA,FALSE,286.26,0.0676,76.1
TWLO,Twilio Inc,TECHNOLOGY,275.8,82.1,82.1,97.9,82.1,60.5,95.4,Very Strong,Very Strong,100,Proven,768,0.0055,1.3795,1.9269,0.5397,0,1,Alpha Leader,GX MACD RSI MA200,33.68,4.171,37447778000,0.135,0.206,0.1599,0.3367,1.1141,62.4589,90.5232,NA,Unknown,50,NA,FALSE,260.18,-0.0566,74.2
HALO,Halozyme Therapeutics Inc,HEALTHCARE,113.9,81.8,81.8,97.4,82.6,59.8,93.6,Very Strong,Very Strong,100,Proven,768,0.0043,1.0842,2.6639,0.5238,0,1,Alpha Leader,GX RSI MA200,32.71,88.12,13067024000,1.737,0.249,0.0812,0.4552,0.7416,64.1327,87.6572,NA,Unknown,50,NA,FALSE,99.56,-0.1259,75
CRWD,Crowdstrike Holdings Inc,TECHNOLOGY,252.13,81.4,81.4,96.9,83.6,47.7,96.7,Very Strong,Very Strong,100,Proven,768,0.0061,1.5436,2.5266,0.5317,0,1,Alpha Leader,GX MACD RSI MA200,8404.33,52.68,258164703000,0.0146,0.0083,0.1544,0.3215,1.5642,62.137,90.6778,NA,Unknown,50,NA,FALSE,235.67,-0.0653,72.6
FTNT,Fortinet Inc,TECHNOLOGY,173.46,81,81,96.4,82.1,61,90.8,Very Strong,Very Strong,100,Proven,768,0.0054,1.3624,2.7209,0.5476,0,1,Alpha Leader,GX MACD RSI MA200,61.51,82.43,127269978000,1.174,0.282,0.0449,0.1291,1.1375,57.5819,86.2964,NA,Unknown,50,NA,FALSE,164.32,-0.0527,54
OKTA,Okta Inc,TECHNOLOGY,195.19,79,79,95.9,81.8,38.7,97,Very Strong,Very Strong,100,Proven,768,0.0066,1.6666,2.0492,0.5159,0,1,Alpha Leader,GX MACD RSI MA200,109.86,4.572,31882093000,0.0431,0.0963,0.1742,0.4305,1.4662,62.0823,92.2758,NA,Unknown,50,NA,FALSE,185.18,-0.0513,75
AAPL,Apple Inc.,TECHNOLOGY,341.07,78.6,78.6,95.4,82.6,55.3,83.2,Very Strong,Very Strong,100,Proven,768,0.0018,0.4562,1.7047,0.5714,1,1,Alpha Leader,GX MACD RSI MA200 α>SPY,38.61,45.74,4902477103000,1.488,0.276,0.0668,0.1787,0.3342,65.6733,80.8222,NA,Unknown,50,NA,FALSE,328.22,-0.0377,63.6
PANW,Palo Alto Networks Inc,TECHNOLOGY,374.74,78.3,78.3,94.8,83.5,40.2,89.1,Very Strong,Very Strong,100,Proven,768,0.0056,1.4161,2.5896,0.5556,0,1,Alpha Leader,GX MACD RSI MA200 α>SPY,886.78,11.16,297408430000,0.0174,0.0267,0.0085,0.0989,1.3324,54.3793,85.6778,NA,Unknown,50,NA,FALSE,395.38,0.0551,73.6
AMPL,Amplitude Inc,TECHNOLOGY,13.3,77.7,77.7,94.3,83.7,31.5,91.2,Strong,Strong,100,Proven,768,0.0054,1.3722,1.8693,0.5476,0,1,Alpha Leader,GX RSI MA200,NA,12.11,1750574000,-0.479,-0.266,-0.0699,0.7386,0.9588,53.6889,89.4098,NA,Unknown,50,NA,FALSE,13.77,0.0353,75
TEAM,Atlassian Corp Plc,TECHNOLOGY,187.74,77.6,77.6,93.8,82.2,31.1,94.9,Strong,Strong,100,Proven,768,0.0088,2.2096,2.3317,0.5079,0,1,Alpha Leader,GX RSI MA200,NA,46.05,48607715000,-0.0448,-0.0082,-0.014,1.4134,1.7064,57.1787,90.6469,NA,Unknown,50,NA,FALSE,199.23,0.0612,75
DUOL,Duolingo Inc,TECHNOLOGY,143.51,76.7,76.7,93.3,78.6,71.6,75,Strong,Strong,100,Proven,768,0.0039,0.975,1.6356,0.5397,0,1,Alpha Leader,GX MA200,17.66,4.709,6961944000,0.344,0.359,-0.0236,0.2477,0.4919,48.1063,76.8119,NA,Unknown,50,NA,FALSE,134.29,-0.0642,55.2
AMD,Advanced Micro Devices Inc,TECHNOLOGY,630.63,75.7,75.7,92.8,78.1,43.2,90,Strong,Strong,100,Proven,768,0.0051,1.2929,2.161,0.5397,0,1,Alpha Leader,GX MACD MA200,156.14,14.93,1027251241000,0.102,0.156,0.3545,0.0856,2,72.9957,77.2216,NA,Unknown,50,NA,FALSE,616.51,-0.0224,71.8
