symbol,company,sector,price,unicorn_score,master_score,rating,signal,unicorn_confidence,confidence_5d,confidence_band,days_tracked,hist_ir,hist_alpha_ann,alpha_hit_rate,alpha_streak,expected_return_1d,primary_driver,pe_ratio,market_cap,revenue_growth,ret_1m,ret_3m,rsi14,momentum_score,put_call_ratio,options_sentiment,avg_iv,analyst_target,analyst_upside
ANAB,AnaptysBio Inc,HEALTHCARE,51,85.7,41.8,Weak,Weak,100,100,Proven,768,0.2731,0.1786,0.4762,0,7e-4,Analyst Upside,NA,1634388000,2.6978,-0.0938,-0.2444,34.9587,33.5129,NA,Unknown,NA,89.62,0.7573
SENEA,Seneca Foods Corp A,CONSUMER DEFENSIVE,182.66,85.7,67.3,Strong,Strong,100,100,Proven,768,1.116,0.5477,0.5556,0,0.0022,Alpha Leader,10.36,1245764000,0.331,-0.086,0.0501,46.12,48.6031,NA,Unknown,NA,202,0.1059
IDYA,Ideaya Biosciences Inc,HEALTHCARE,36.69,78.6,41.6,Weak,Weak,100,100,Proven,768,-0.0132,-0.0059,0.4603,0,-0,Analyst Upside,NA,3831598000,2.0582,-0.0853,-0.0156,40.5384,43.2423,NA,Unknown,NA,52.38,0.4276
BRZE,Braze Inc,TECHNOLOGY,24.37,64.3,51.3,Neutral,Neutral,100,100,Proven,768,0.275,0.2046,0.5159,0,8e-4,Consistent Beat,NA,2774867000,0.2508,-0.2942,0.1236,38.8752,39.3376,NA,Unknown,NA,37.3,0.5306
VITL,Vital Farms Inc,CONSUMER DEFENSIVE,9.95,57.1,38.2,Weak,Weak,100,100,Proven,768,-0.3474,-0.2481,0.5159,0,-0.001,Consistent Beat,NA,427169000,0.2687,-0.0779,-0.1445,41.454,27.2423,NA,Unknown,NA,13.22,0.3286
APPN,Appian Corp,TECHNOLOGY,36.01,53.6,70.2,Strong,Strong,100,100,Proven,768,1.3581,0.9575,0.5317,0,0.0038,Alpha Leader,NA,2687468000,0.1545,-0.1529,0.5725,47.6624,80.9356,NA,Unknown,NA,34,-0.0558
INTA,Intapp Inc,TECHNOLOGY,36.1,53.6,63.3,Neutral,Neutral,100,100,Proven,768,1.559,0.9529,0.4841,0,0.0038,Alpha Leader,NA,2761287000,0.1986,-0.1695,0.432,41.868,62.8814,NA,Unknown,NA,40.29,0.1161
RXRX,Recursion Pharmaceuticals Inc,HEALTHCARE,3.74,50,35.1,Weak,Weak,100,100,Proven,768,-0.865,-0.5053,0.3889,0,-0.002,Analyst Upside,NA,2086094000,0.2944,0.1198,0.0191,55.3872,69.5954,NA,Unknown,NA,7.22,0.9305
SRPT,Sarepta Therapeutics Inc,HEALTHCARE,18.67,50,32.2,Weak,Weak,100,100,Proven,768,-0.9897,-0.5709,0.4603,1,-0.0023,Analyst Upside,NA,1972057000,0.3297,-0.105,0.039,43.5481,35.0464,NA,Unknown,NA,21.86,0.1709
UPST,Upstart Holdings Inc,FINANCIAL SERVICES,23.81,42.9,11.8,Very Weak,Very Weak,100,100,Proven,768,-1.9174,-0.9245,0.381,0,-0.0037,Analyst Upside,45.79,2317024000,0.4257,-0.1812,-0.328,34.0111,17.7397,NA,Unknown,NA,40,0.68
ACAD,ACADIA Pharmaceuticals Inc,HEALTHCARE,20.68,35.7,35.6,Weak,Weak,100,100,Proven,768,-0.3582,-0.1436,0.4841,0,-6e-4,Analyst Upside,12.24,4702218000,0.2145,-0.2896,-0.1826,17.1453,20.2655,NA,Unknown,NA,33.89,0.6388
WLDN,Willdan Group Inc,INDUSTRIALS,78.9,32.1,36,Weak,Weak,100,100,Proven,768,-0.5191,-0.2887,0.4444,0,-0.0011,Analyst Upside,18.52,1201812000,0.1559,-0.1033,-0.0025,41.5323,36.4897,NA,Unknown,NA,137.5,0.7427
WING,Wingstop Inc,CONSUMER CYCLICAL,99.07,28.6,21.9,Very Weak,Very Weak,100,100,Proven,768,-1.6562,-1.0084,0.4841,2,-0.004,Analyst Upside,23.15,2698919000,0.2307,-0.1278,-0.4287,37.166,12.3273,NA,Unknown,NA,197.88,0.9974
RARE,Ultragenyx,HEALTHCARE,14.5,25,14.5,Very Weak,Very Weak,100,100,Proven,768,-0.7702,-0.618,0.4444,0,-0.0025,Analyst Upside,NA,1456158000,0.2453,-0.4338,-0.5657,31.4278,15.2964,NA,Unknown,NA,28.05,0.9345
PRIM,Primoris Services Corporation,INDUSTRIALS,72.65,7.1,17.9,Very Weak,Very Weak,100,100,Proven,768,-1.3303,-1.3071,0.4841,0,-0.0052,Analyst Upside,29.89,4021376000,0.1512,-0.0064,-0.267,39.5888,17.1005,NA,Unknown,NA,117.8,0.6215
