date,symbol,daily_alpha,mean_daily_alpha,jensen_alpha_ann,info_ratio,beta,ret_1m,ret_3m,momentum_score
2026-05-29,AAPL,-0.003931,8.42e-4,0.228363,1.109126,0.936649,0.15505,0.18124,72.010204
2026-06-01,AAPL,-0.021149,7.54e-4,0.206991,0.988714,0.933967,0.093418,0.161365,71.831633
2026-06-02,AAPL,0.027665,8.57e-4,0.232454,1.111939,0.934111,0.138605,0.200671,69.438776
2026-06-03,AAPL,-0.008655,8.3e-4,0.223901,1.075911,0.939593,0.12076,0.191978,75.30102
2026-06-05,AAPL,0.013311,9.36e-4,0.254666,1.212408,0.912923,0.068971,0.193739,78.505102
2026-06-08,AAPL,-0.021136,8.47e-4,0.233001,1.093115,0.910819,0.028024,0.156079,77.076531
2026-06-10,AAPL,0.019311,8.54e-4,0.235692,1.084682,0.89629,-0.003758,0.140053,69.647959
2026-06-11,AAPL,-0.003107,8.49e-4,0.236206,1.078242,0.894344,0.002816,0.181953,69.852041
2026-06-12,AAPL,-0.02063,7.78e-4,0.221474,0.980551,0.883759,-0.025898,0.163961,69.239796
2026-06-16,AAPL,0.015475,8.61e-4,0.246757,1.084619,0.874695,0.0047,0.197247,76.872449
2026-06-17,AAPL,0.001493,8.47e-4,0.241442,1.0674,0.875883,-0.006346,0.188745,70.872449
2026-06-18,AAPL,-8.4e-4,7.66e-4,0.218024,0.97216,0.890346,-0.003211,0.201702,75.239796
2026-06-22,AAPL,-2.09e-4,7.62e-4,0.216509,0.969148,0.890722,-0.038242,0.180297,69.443878
2026-06-23,AAPL,0.005398,8.51e-4,0.234645,1.087322,0.898891,-0.047018,0.164991,70.668367
2026-06-24,AAPL,-0.003682,8.14e-4,0.224964,1.039281,0.899341,-0.04946,0.158923,69.647959
2026-06-25,AAPL,-0.062623,6.06e-4,0.171477,0.737149,0.901442,-0.107612,0.105908,42.505102
2026-06-26,AAPL,0.038596,7.19e-4,0.20226,0.861312,0.879485,-0.087084,0.140595,47.683673
2026-06-30,AAPL,0.019259,6.45e-4,0.189238,0.768005,0.866514,-0.055336,0.131948,48.908163
2026-05-29,ABBV,-0.006654,-2.82e-4,0.140123,-0.273562,0.168697,0.067831,-0.061875,47.989796
2026-06-01,ABBV,-0.024724,-3.8e-4,0.117644,-0.36746,0.165877,0.030639,-0.089498,45.94898
2026-06-02,ABBV,0.010242,-3.22e-4,0.128589,-0.310925,0.166167,0.034781,-0.088022,47.785714
2026-06-03,ABBV,0.015049,-2.64e-4,0.138545,-0.255195,0.161203,0.043092,-0.065505,50.234694
2026-06-05,ABBV,0.03599,-5e-6,0.185899,-0.005158,0.136612,0.108277,-0.012516,59.811224
2026-06-08,ABBV,-0.020572,-8.8e-5,0.166795,-0.082976,0.134756,0.106773,-0.017356,60.770408
2026-06-10,ABBV,0.013681,-1.7e-5,0.165683,-0.016292,0.135272,0.10933,-0.001864,62.403061
2026-06-11,ABBV,-0.017797,-9.2e-5,0.15926,-0.086496,0.130495,0.081353,0.02317,63.015306
2026-06-12,ABBV,0.007761,-3.5e-5,0.180418,-0.032993,0.130899,0.09223,0.036644,59.811224
2026-06-16,ABBV,0.009933,-9.5e-5,0.194693,-0.088533,0.078532,0.062366,0.067822,64.239796
2026-06-17,ABBV,0.006914,-6.8e-5,0.188953,-0.063498,0.083175,0.056444,0.072734,60.852041
2026-06-18,ABBV,-0.029226,-1.3e-4,0.178362,-0.120352,0.078123,0.012771,0.055688,46.153061
2026-06-22,ABBV,0.065598,1.33e-4,0.24454,0.12002,0.061701,0.066342,0.120906,64.117347
2026-06-23,ABBV,0.035173,2.79e-4,0.262282,0.2497,0.035819,0.088363,0.133121,68.382653
2026-06-24,ABBV,0.001017,2.89e-4,0.263744,0.25844,0.035829,0.102149,0.11259,66.545918
2026-06-25,ABBV,0.033677,4.25e-4,0.292025,0.377337,0.034482,0.14086,0.161127,64.969388
2026-06-26,ABBV,0.049224,6.86e-4,0.345453,0.603907,0.015845,0.176184,0.209885,67.214286
2026-06-30,ABBV,-0.018286,4.64e-4,0.313506,0.409368,0.014226,0.181797,0.170528,68.846939
2026-05-29,ACN,0.046107,-0.002845,-0.646772,-2.085953,0.724163,0.037779,-0.103727,40.030612
2026-06-01,ACN,0.048167,-0.002641,-0.59649,-1.918951,0.730473,0.093199,-0.063367,40.091837
2026-06-02,ACN,-0.054107,-0.002814,-0.641673,-2.023324,0.73144,0.033866,-0.113238,40.030612
2026-06-03,ACN,-0.040185,-0.003021,-0.70138,-2.161328,0.755263,-0.014935,-0.170888,19.744898
2026-06-05,ACN,0.022399,-0.002903,-0.67137,-2.067392,0.72217,0.02108,-0.17093,18.520408
2026-06-08,ACN,-0.023695,-0.002986,-0.691508,-2.127185,0.720214,-0.0332,-0.134901,20.969388
2026-06-10,ACN,-0.001356,-0.003024,-0.706919,-2.154953,0.719589,-0.010734,-0.130324,16.357143
2026-06-11,ACN,-0.034475,-0.003132,-0.724645,-2.223475,0.691483,-0.013253,-0.148131,10.770408
2026-06-12,ACN,0.011067,-0.00306,-0.702671,-2.166262,0.68577,0.06665,-0.134096,15.744898
2026-06-16,ACN,0.006929,-0.003211,-0.723955,-2.260048,0.640864,-0.067756,-0.151832,11.994898
2026-06-17,ACN,-0.044968,-0.003319,-0.764573,-2.322173,0.680561,-0.121318,-0.233554,10.770408
2026-06-18,ACN,-0.187469,-0.003927,-0.887764,-2.472346,0.555328,-0.276131,-0.360068,10.770408
2026-06-22,ACN,-0.021466,-0.003997,-0.908413,-2.519138,0.560452,-0.303559,-0.355017,10.770408
2026-06-23,ACN,0.031986,-0.003903,-0.887888,-2.450705,0.520165,-0.291397,-0.339487,10.770408
2026-06-24,ACN,0.017313,-0.00375,-0.849472,-2.353544,0.518239,-0.270339,-0.34248,10.770408
2026-06-25,ACN,-0.02723,-0.003847,-0.876613,-2.410735,0.515205,-0.289153,-0.346729,10.770408
2026-06-26,ACN,0.032347,-0.003732,-0.852037,-2.325142,0.495495,-0.268655,-0.330322,10.770408
2026-06-30,ACN,-0.010192,-0.004006,-0.9015,-2.487062,0.457626,-0.36700700000000003,-0.368517,10.770408
2026-05-29,AMD,-0.006333,0.005867,1.032553,2.464392,2.754765,0.530954,1.577793,82.5
2026-06-01,AMD,-0.014291,0.005786,1.009927,2.434028,2.751925,0.414905,1.671537,82.5
2026-06-02,AMD,0.021009,0.005799,1.021176,2.439324,2.75106,0.527025,1.580987,82.5
2026-06-03,AMD,0.047244,0.005944,1.07712,2.494229,2.720019,0.588452,1.72008,82.5
2026-06-05,AMD,-0.082792,0.005392,0.968304,2.234842,2.799872,0.106766,1.423635,90.75
2026-06-08,AMD,0.049089,0.005566,1.008942,2.305918,2.803819,0.077198,1.412685,90.75
2026-06-10,AMD,-0.032835,0.005356,0.991996,2.212144,2.818979,-0.013928,1.287853,90.75
2026-06-11,AMD,0.062689,0.00571,1.049413,2.350989,2.856499,0.089585,1.525725,90.75
2026-06-12,AMD,0.041925,0.00562,1.015857,2.322593,2.838491,0.148305,1.645276,90.75
2026-06-16,AMD,-0.067075,0.005481,0.930522,2.247229,2.899461,0.204993,1.543317,90.75
2026-06-17,AMD,0.022719,0.005581,0.987841,2.287523,2.861696,0.217321,1.4966140000000001,90.75
2026-06-18,AMD,0.040767,0.005698,1.002154,2.327271,2.893816,0.297838,1.6691,90.75
2026-06-22,AMD,0.029684,0.005794,1.03596,2.369415,2.885427,0.179932,1.68603,90.75
2026-06-23,AMD,-0.043089,0.005392,0.983774,2.206149,2.883611,0.111955,1.360058,90.75
2026-06-24,AMD,2.52e-4,0.005252,0.950214,2.151235,2.884283,0.031455,1.550621,90.75
2026-06-25,AMD,0.02324,0.005368,0.989376,2.198355,2.896265,0.056917,1.636616,90.75
2026-06-26,AMD,-0.013404,0.005425,1.032141,2.217911,2.911236,0.052549,1.582207,90.75
2026-06-30,AMD,0.068989,0.005913,1.108707,2.415599,2.912702,0.138749,1.763474,90.75
2026-05-29,AMGN,-0.00157,-2.41e-4,0.052167,-0.226268,0.555294,-0.003639,-0.132342,34.94898
2026-06-01,AMGN,-0.025467,-3.42e-4,0.028275,-0.320082,0.552296,-0.002092,-0.126976,33.112245
2026-06-02,AMGN,-0.004001,-3.51e-4,0.024256,-0.327956,0.552019,0.013617,-0.134495,28.72449
2026-06-03,AMGN,0.037359,-1.67e-4,0.072468,-0.154713,0.53174,0.044372,-0.079924,46.663265
2026-06-05,AMGN,0.037326,3.9e-5,0.120882,0.03523,0.487468,0.055782,-0.053988,65.97449
2026-06-08,AMGN,-0.013277,-1.5e-5,0.108449,-0.013467,0.48626,0.042297,-0.079109,63.729592
2026-06-10,AMGN,-0.004085,-4.7e-5,0.087078,-0.042983,0.496934,0.024697,-0.081731,40.867347
2026-06-11,AMGN,0.031355,1.9e-5,0.102192,0.017502,0.535897,0.052841,-0.033178,67.607143
2026-06-12,AMGN,-0.002188,2.7e-5,0.107603,0.024691,0.537286,0.055729,-0.030065,66.790816
2026-06-16,AMGN,-0.001712,-6.3e-5,0.101687,-0.056643,0.505,0.072289,-0.010356,63.729592
2026-06-17,AMGN,-0.005279,-7.8e-5,0.089212,-0.071058,0.515253,0.053238,-0.023605,58.137755
2026-06-18,AMGN,-0.019684,9.9e-5,0.128952,0.092288,0.546021,0.020711,-0.029327,41.683673
2026-06-22,AMGN,0.024237,1.96e-4,0.152755,0.181747,0.540114,0.015974,-0.010648,67.607143
2026-06-23,AMGN,0.021165,2.5e-4,0.159028,0.231924,0.518315,0.022723,-0.019552,65.97449
2026-06-24,AMGN,0.013201,2.64e-4,0.162185,0.244589,0.51745,0.046109,-0.004899,64.954082
2026-06-25,AMGN,0.00251,3.23e-4,0.17313,0.29953,0.521764,0.050247,0.011612,66.382653
2026-06-26,AMGN,0.022848,4.54e-4,0.199568,0.418662,0.513848,0.066268,0.027411,65.566327
2026-06-30,AMGN,-0.003432,2.34e-4,0.155923,0.218433,0.513423,0.100234,0.025023,72.096939
2026-05-29,AMZN,-0.014754,2.51e-4,-0.050503,0.254061,1.447464,0.028893,0.288762,81.362245
2026-06-01,AMZN,-0.037382,1e-4,-0.088007,0.100591,1.442757,-0.026094,0.251665,73.321429
2026-06-02,AMZN,-0.019501,6.3e-5,-0.096319,0.063317,1.446448,-0.057085,0.183101,70.056122
2026-06-03,AMZN,-0.018322,-4.1e-5,-0.121716,-0.040661,1.455634,-0.080978,0.141957,65.489796
2026-06-05,AMZN,-0.004767,-1.76e-4,-0.13972,-0.175924,1.439914,-0.105313,0.153933,49.647959
2026-06-08,AMZN,-0.005557,-1.97e-4,-0.14564,-0.197814,1.439339,-0.100704,0.144124,48.627551
2026-06-10,AMZN,-0.009584,-1.6e-4,-0.126684,-0.160671,1.439233,-0.115209,0.135876,49.443878
2026-06-11,AMZN,-0.002249,-1.54e-4,-0.129049,-0.154505,1.43041,-0.091453,0.162951,48.423469
2026-06-12,AMZN,-0.017664,-2.86e-4,-0.16583,-0.286609,1.430143,-0.116907,0.148697,48.831633
2026-06-16,AMZN,0.00588,-2.17e-4,-0.158676,-0.217699,1.437805,-0.071207,0.172154,52.989796
2026-06-17,AMZN,-0.022065,-2.64e-4,-0.167821,-0.263009,1.451095,-0.1033,0.13767,46.178571
2026-06-18,AMZN,0.02121,-8.4e-5,-0.128553,-0.083678,1.468851,-0.057646,0.189999,51.357143
2026-06-22,AMZN,-0.044318,-2.61e-4,-0.173746,-0.256311,1.480066,-0.125901,0.123287,39.137755
2026-06-23,AMZN,0.020192,-2.19e-4,-0.144494,-0.2141,1.449023,-0.120945,0.105805,43.117347
2026-06-24,AMZN,0.001147,-1.97e-4,-0.138572,-0.19307,1.448809,-0.116929,0.128795,44.341837
2026-06-25,AMZN,-0.032436,-3.92e-4,-0.183425,-0.382125,1.441175,-0.144295,0.138808,37.913265
2026-06-26,AMZN,0.032252,-2.69e-4,-0.141916,-0.261664,1.422678,-0.14405,0.167302,39.137755
2026-06-30,AMZN,-0.015282,-2.88e-4,-0.157108,-0.279452,1.424208,-0.087729,0.13188,47.071429
2026-05-29,AVGO,0.044839,0.001708,0.161898,1.150766,2.056341,0.101911,0.398122,79.994898
2026-06-01,AVGO,0.026822,0.001808,0.184657,1.218146,2.059197,0.091839,0.465619,85.831633
2026-06-02,AVGO,0.045602,0.001882,0.209459,1.262373,2.053473,0.156231,0.516613,82.010204
2026-06-03,AVGO,0.002158,0.001824,0.202798,1.224235,2.049925,0.150612,0.440124,81.193878
2026-06-05,AVGO,-0.053396,0.001383,0.105471,0.876856,2.120855,-0.093339,0.167181,45.770408
2026-06-08,AVGO,0.025916,0.001481,0.128133,0.939144,2.123056,-0.077674000000000007,0.157686,50.94898
2026-06-10,AVGO,-0.035387,0.001177,0.068899,0.745769,2.158028,-0.13148,0.107539,47.19898
2026-06-11,AVGO,0.019203,0.00122,0.064795,0.772177,2.156462,-0.080444,0.196828,56.255102
2026-06-12,AVGO,-0.014486,0.00122,0.057087,0.771363,2.150191,-0.083303,0.185964,56.459184
2026-06-16,AVGO,-0.037776,0.001127,0.008575,0.710198,2.161189,-0.104585,0.192384,55.234694
2026-06-17,AVGO,0.055465,0.001318,0.084759,0.822976,2.100578,-0.066103,0.228427,60.336735
2026-06-18,AVGO,0.039158,0.001459,0.111137,0.904939,2.120099,6.81e-4,0.324756,67.969388
2026-06-22,AVGO,-0.043577,0.001279,0.067908,0.78989,2.130827,-0.053146,0.23199,59.928571
2026-06-23,AVGO,-0.016029,0.001101,0.054406,0.681124,2.120302,-0.082074,0.192403,56.663265
2026-06-24,AVGO,0.005514,0.001112,0.05841,0.687865,2.119858,-0.094642,0.234794,56.255102
2026-06-25,AVGO,-0.009716,0.001021,0.043134,0.631628,2.11748,-0.10213,0.260177,55.846939
2026-06-26,AVGO,-0.029426,8.64e-4,0.019993,0.532778,2.128919,-0.134737,0.213982,48.627551
2026-06-30,AVGO,0.006443,0.001059,0.045636,0.657358,2.110236,-0.178751,0.204983,56.255102
2026-05-29,BAC,0.013857,-2.84e-4,-0.051234,-0.388348,0.919584,-0.024206,0.035521,59.826531
2026-06-01,BAC,-0.004467,-3.01e-4,-0.055185,-0.411917,0.919088,-0.032494,0.030818,59.622449
2026-06-02,BAC,0.017473,-2.6e-4,-0.044656,-0.354494,0.916875,0.005557,0.04334,68.117347
2026-06-03,BAC,0.005493,-2.13e-4,-0.032565,-0.290628,0.913429,0.004024,0.051998,68.52551
2026-06-05,BAC,0.019533,-3.6e-5,0.015436,-0.048102,0.886992,0.004291,0.106702,70.362245
2026-06-08,BAC,-0.00598,-6e-5,0.009726,-0.079976,0.886437,0.045215,0.104407,69.75
2026-06-10,BAC,0.017971,1.06e-4,0.053776,0.141044,0.862807,0.078932,0.157225,73.994898
2026-06-11,BAC,-0.005629,1.1e-4,0.056911,0.145332,0.860316,0.086254,0.180651,73.790816
2026-06-12,BAC,0.010183,1.63e-4,0.071015,0.215177,0.862245,0.123997,0.199058,71.806122
2026-06-16,BAC,0.023323,1.56e-4,0.078758,0.204246,0.833957,0.121326,0.213752,69.765306
2026-06-17,BAC,0.007034,1.09e-4,0.065344,0.14269,0.831159,0.11521,0.20251,69.153061
2026-06-18,BAC,-0.013638,-3.7e-5,0.030557,-0.048643,0.825757,0.108481,0.191688,71.954082
2026-06-22,BAC,0.023965,5.9e-5,0.055427,0.076893,0.819585,0.107529,0.191732,69.765306
2026-06-23,BAC,0.023935,1.68e-4,0.082184,0.217234,0.799582,0.117954,0.187897,70.173469
2026-06-24,BAC,-0.002645,1.43e-4,0.075713,0.185355,0.799879,0.105939,0.196725,69.765306
2026-06-25,BAC,0.006522,1.48e-4,0.076278,0.192184,0.797193,0.114751,0.238876,70.581633
2026-06-26,BAC,0.001904,2.08e-4,0.087308,0.268723,0.800268,0.132681,0.232276,72.010204
2026-06-30,BAC,-0.023336,-2.4e-5,0.038197,-0.030876,0.778069,0.106193,0.156485,77.19898
2026-05-29,BLK,-0.002119,-6.05e-4,-0.234993,-0.744303,1.324533,0.007216,-0.015378,50.438776
2026-06-01,BLK,-0.027702,-7.14e-4,-0.262001,-0.871672,1.321144,-0.038571,-0.030268,32.071429
2026-06-02,BLK,-0.003092,-7.2e-4,-0.26233,-0.879145,1.321872,-0.031637,-0.02885,30.566327
2026-06-03,BLK,-0.02055,-8.31e-4,-0.290739,-1.010951,1.332472,-0.058332,-0.042638,27.505102
2026-06-05,BLK,-5.56e-4,-6.97e-4,-0.247011,-0.838799,1.32862,-0.072627,0.042022,33.627551
2026-06-08,BLK,-0.003098,-7.07e-4,-0.249836,-0.852005,1.328345,-0.083018,0.028335,34.852041
2026-06-10,BLK,0.014501,-5.75e-4,-0.204317,-0.687738,1.302388,-0.065328,0.095113,41.05102
2026-06-11,BLK,-0.011159,-5.83e-4,-0.207336,-0.697472,1.287759,-0.069492,0.100064,39.010204
2026-06-12,BLK,0.00976,-5.29e-4,-0.196377,-0.630512,1.289872,-0.056759,0.11675,40.234694
2026-06-16,BLK,0.014937,-4.77e-4,-0.183868,-0.568064,1.268441,-0.030989,0.086666000000000007,58.806122
2026-06-17,BLK,0.017382,-4.51e-4,-0.169873,-0.535638,1.250464,-0.026246,0.090532,60.234694
2026-06-18,BLK,-0.014695,-5.21e-4,-0.187141,-0.616787,1.2438,0.013307,0.09623,61.459184
2026-06-22,BLK,0.004718,-5e-4,-0.180492,-0.592992,1.24215,-0.019814,0.077536,59.418367
2026-06-23,BLK,-0.020097,-6.12e-4,-0.204812,-0.723174,1.253994,-0.053746,0.034626,39.336735
2026-06-24,BLK,-0.031772,-7.89e-4,-0.249696,-0.92424,1.256693,-0.08799,0.0146,29.954082
2026-06-25,BLK,-0.012315,-8.57e-4,-0.264735,-1.002655,1.254492,-0.097902,0.040767,29.341837
2026-06-26,BLK,-1.87e-4,-8.94e-4,-0.269218,-1.04552,1.250895,-0.098688,0.033046,25.260204
2026-06-30,BLK,0.004201,-0.00102,-0.300545,-1.183654,1.218149,-0.057968,0.004345,25.056122
2026-05-29,CAT,-0.015785,0.002966,0.595385,2.592099,1.598789,0.081254,0.179099,82.586735
2026-06-01,CAT,-0.014723,0.002896,0.577106,2.530554,1.596495,-0.027325,0.198261,77.19898
2026-06-02,CAT,0.050008,0.003064,0.621935,2.642402,1.596921,0.040044,0.242961,85.035714
2026-06-03,CAT,0.02501,0.003163,0.654922,2.720881,1.581446,0.058758,0.311721,86.872449
2026-06-05,CAT,-0.012682,0.003097,0.652834,2.655207,1.58889,-0.024435,0.328066,86.872449
2026-06-08,CAT,0.010298,0.003126,0.659125,2.68448,1.589501,0.020269,0.277613,86.260204
2026-06-10,CAT,-0.048234,0.002896,0.603369,2.451916,1.642562,-0.076209,0.221881,80.260204
2026-06-11,CAT,0.03144,0.003061,0.631958,2.582739,1.665092,-0.015908,0.293434,86.872449
2026-06-12,CAT,0.009007,0.003086,0.631315,2.59799,1.672138,0.009165,0.312079,86.872449
2026-06-16,CAT,0.018307,0.003197,0.650261,2.694164,1.655255,0.094346,0.363081,90.872449
2026-06-17,CAT,0.023551,0.003267,0.681699,2.746775,1.630009,0.106453,0.388107,90.872449
2026-06-18,CAT,0.023478,0.003321,0.689958,2.780711,1.642154,0.146102,0.447862,88.484694
2026-06-22,CAT,0.040131,0.003469,0.732036,2.888056,1.631712,0.161827,0.42651,88.484694
2026-06-23,CAT,-0.022689,0.003348,0.714321,2.777362,1.649655,0.118594,0.368825,91.484694
2026-06-24,CAT,0.010837,0.003409,0.730527,2.828072,1.648868,0.094546,0.414198,91.484694
2026-06-25,CAT,0.061464,0.003575,0.777158,2.916966,1.645952,0.163403,0.520003,88.892857
2026-06-26,CAT,-0.049097,0.003365,0.73028,2.700865,1.672034,0.096205,0.434383,90.872449
2026-06-30,CAT,0.022905,0.003492,0.743467,2.798969,1.68434,0.230586,0.458128,89.505102
2026-05-29,COST,-0.041559,-0.001337,-0.085042,-1.496605,0.008836,-0.042406,-0.053889,31.382653
2026-06-01,COST,-0.0134,-0.001385,-0.095163,-1.551493,0.007566,-0.064831,-0.061185,29.341837
2026-06-02,COST,0.007267,-0.001328,-0.085365,-1.48739,0.008089,-0.057781,-0.052119,32.607143
2026-06-03,COST,0.014939,-0.001255,-0.072365,-1.401518,0.003038,-0.050316,-0.021108,40.872449
2026-06-05,COST,0.025316,-0.00093000000000000005,-0.014727,-1.040585,-0.012325,-0.023982,-0.02628,42.581633
2026-06-08,COST,6.99e-4,-9.23e-4,-0.011717,-1.035347,-0.012033,-0.033743,-0.02267,43.806122
2026-06-10,COST,0.031025,-7.64e-4,0.010022,-0.848717,-0.030256,-0.016109,-0.019884,42.581633
2026-06-11,COST,-0.024807,-8.71e-4,-0.001538,-0.96235,-0.039373,-0.045201,-0.032466,41.153061
2026-06-12,COST,0.001418,-8.02e-4,0.025347,-0.885818,-0.044448,-0.049106,-0.025862,43.193878
2026-06-16,COST,0.013343,-8.35e-4,0.039845,-0.918858,-0.054687,-0.083412,0.006899,48.418367
2026-06-17,COST,-0.008887,-8.6e-4,0.016206,-0.945389,-0.03547,-0.103003,-0.009428,46.785714
2026-06-18,COST,-0.022445,-0.001056,-0.024633,-1.15832,-0.054552,-0.130556,-0.021474,32.607143
2026-06-22,COST,0.003042,-0.00104,-0.024824,-1.142453,-0.054505,-0.074778,-0.023074,33.015306
2026-06-23,COST,0.021176,-9e-4,-0.016017,-0.986467,-0.059207,-0.068622,-0.017623,38.602041
2026-06-24,COST,0.004024,-8.21e-4,0.003087,-0.900862,-0.059723,-0.041718,-0.018946,39.928571
2026-06-25,COST,-0.021059,-8.59e-4,-0.013476,-0.940155,-0.059111,-0.060513,-0.042303,28.52551
2026-06-26,COST,0.018163,-7.79e-4,-0.009385,-0.848039,-0.066672,-0.050962,-0.031834,33.091837
2026-06-30,COST,-0.019628,-0.00093000000000000005,-0.019716,-1.006803,-0.077025,-0.011246,-0.061301,27.709184
2026-05-29,CRM,0.082256,-0.002007,-0.411324,-1.414699,0.62792,0.054519,-0.018943,53.295918
2026-06-01,CRM,0.094085,-0.001623,-0.316853,-1.106402,0.639775,0.140246,0.069115,49.331633
2026-06-02,CRM,-0.043152,-0.001816,-0.366168,-1.23064,0.635828,0.082812,0.040191,55.132653
2026-06-03,CRM,-0.043919,-0.001973,-0.414454,-1.328552,0.661267,0.027658,-0.053528,46.357143
2026-06-05,CRM,0.009439,-0.002111,-0.45559500000000003,-1.421399,0.648179,0.02467,-0.081391,39.826531
2026-06-08,CRM,-0.019015,-0.002178,-0.471793,-1.468373,0.646606,0.004015,-0.063414,36.27551
2026-06-10,CRM,-0.009498,-0.002257,-0.50488,-1.516842,0.674535,-0.037016,-0.142312,14.928571
2026-06-11,CRM,-0.043149,-0.002429,-0.535747,-1.622576,0.63573,-0.02837,-0.136804,12.403061
2026-06-12,CRM,-0.008773,-0.002438,-0.528562,-1.628039,0.605932,3.02e-4,-0.139709,11.790816
2026-06-16,CRM,-0.011298,-0.002593,-0.557395,-1.731849,0.594711,-0.099008,-0.167902,11.790816
2026-06-17,CRM,-0.028883,-0.00266,-0.585278,-1.772506,0.621768,-0.136283,-0.204985,11.790816
2026-06-18,CRM,-0.028701,-0.002828,-0.623582,-1.877195,0.61119,-0.154052,-0.223155,11.790816
2026-06-22,CRM,-0.00779,-0.002848,-0.630563,-1.894014,0.612923,-0.166324,-0.179762,12.403061
2026-06-23,CRM,0.036504,-0.002775,-0.612339,-1.838796,0.562882,-0.147998,-0.156848,12.403061
2026-06-24,CRM,-0.003838,-0.002738,-0.603414,-1.814834,0.562859,-0.146973,-0.177117,12.403061
2026-06-25,CRM,-0.018269,-0.002824,-0.627036,-1.870706,0.557977,-0.161325,-0.1624,13.627551
2026-06-26,CRM,0.061696,-0.002578,-0.566309,-1.680258,0.524587,-0.107825,-0.116781,17.989796
2026-06-30,CRM,-0.015828,-0.002698,-0.58235,-1.75924,0.510952,-0.252576,-0.158827,13.015306
2026-05-29,CVX,-0.005606,2.17e-4,0.380223,0.203981,-0.28155,-0.050775,-0.023024,51.357143
2026-06-01,CVX,0.015747,2.79e-4,0.397537,0.262544,-0.279377,-0.02518,-0.015575,52.581633
2026-06-02,CVX,0.007898,2.84e-4,0.394142,0.267013,-0.283369,-0.0246,0.008171,55.030612
2026-06-03,CVX,0.018534,4.19e-4,0.421058,0.394412,-0.289451,-0.013366,-0.001,61.969388
2026-06-05,CVX,0.020288,3.85e-4,0.375254,0.360399,-0.283162,0.011612,-0.013847,53.928571
2026-06-08,CVX,0.00804,4.15e-4,0.384588,0.389712,-0.282256,0.041956,0.015836,61.153061
2026-06-10,CVX,0.032043,4.01e-4,0.355388,0.373772,-0.294092,0.02739,-0.036401,71.688776
2026-06-11,CVX,-0.037966,2.59e-4,0.340742,0.23958,-0.31294,-6.99e-4,-0.055889,48.622449
2026-06-12,CVX,0.002126,2.33e-4,0.34408,0.215263,-0.310637,0.006559,-0.048776,48.214286
2026-06-16,CVX,0.004354,-7.8e-5,0.296893,-0.071492,-0.33451,-0.081634,-0.093147,35.158163
2026-06-17,CVX,-0.001559,-6.7e-5,0.279316,-0.061552,-0.317931,-0.094534000000000007,-0.118447,34.545918
2026-06-18,CVX,-0.030044,-1.35e-4,0.267292,-0.122649,-0.315381,-0.119746,-0.139295,33.729592
2026-06-22,CVX,0.011383,-8.8e-5,0.273892,-0.080745,-0.317019,-0.085514,-0.153441,34.954082
2026-06-23,CVX,0.019777,1.25e-4,0.290979,0.114615,-0.303165,-0.080708,-0.142189,34.954082
2026-06-24,CVX,-0.025278,3.5e-5,0.26654,0.031981,-0.301015,-0.071788,-0.174888,27.709184
2026-06-25,CVX,0.003162,4.5e-5,0.26156,0.04125,-0.305327,-0.067511,-0.184277,31.892857
2026-06-26,CVX,3.8e-4,1.21e-4,0.257923,0.110277,-0.298,-0.062171,-0.189865,27.709184
2026-06-30,CVX,-0.023873,-1.69e-4,0.21939,-0.153523,-0.314779,-0.108002,-0.160326,23.831633
2026-05-29,DHR,0.008802,-9.99e-4,-0.189596,-0.953132,0.75582,0.021644,-0.132786,38.806122
2026-06-01,DHR,-0.018051,-0.001067,-0.205842,-1.018143,0.753782,0.026948,-0.118328,30.234694
2026-06-02,DHR,-0.022262,-0.001193,-0.237574,-1.135666,0.749356,0.011894,-0.139794,22.397959
2026-06-03,DHR,0.018203,-0.001142,-0.224263,-1.085009,0.739991,0.023213,-0.118416,29.418367
2026-06-05,DHR,0.013272,-0.001017,-0.197014,-0.951285,0.726749,0.053625,-0.057289,43.704082
2026-06-08,DHR,-0.006442,-0.001039,-0.201991,-0.973341,0.726265,0.072272,-0.059881,44.316327
2026-06-10,DHR,-0.009605,-0.001058,-0.213924,-0.986855,0.732178,0.10275,-0.01412,47.377551
2026-06-11,DHR,-0.032463,-0.001179,-0.234922,-1.092673,0.703223,0.087393,-0.03486,34.316327
2026-06-12,DHR,-0.009225,-0.00115,-0.222873,-1.063657,0.692893,0.085005,-0.038544,33.704082
2026-06-16,DHR,0.007342,-0.001092,-0.197088,-1.012643,0.671143,0.106737,-0.053003,40.642857
2026-06-17,DHR,-0.007308,-0.001095,-0.203952,-1.015426,0.680044,0.084828,-0.064962,25.663265
2026-06-18,DHR,-0.01112,-0.001165,-0.221599,-1.079935,0.686011,0.060644000000000003,-0.064325,20.438776
2026-06-22,DHR,0.008904,-0.001124,-0.212209,-1.043965,0.683681,0.035988,-0.062651,21.663265
2026-06-23,DHR,0.018899,-0.001028,-0.193101,-0.951633,0.669236,0.040523000000000003,-0.043708,23.295918
2026-06-24,DHR,0.05578,-8.74e-4,-0.153816,-0.79366,0.664923,0.092934,0.004361,47.581633
2026-06-25,DHR,0.021533,-7.65e-4,-0.129082,-0.693142,0.666995,0.118049,0.064401,50.5
2026-06-26,DHR,0.022655,-5.6e-4,-0.082075,-0.505584,0.663132,0.133195,0.080818,49.887755
2026-06-30,DHR,-0.019718,-8.45e-4,-0.139075,-0.759424,0.628931,0.058987,-0.001625,46.561224
2026-05-29,GE,0.006673,2.64e-4,-0.004182,0.242468,1.277942,0.141729,-0.054052,60.219388
2026-06-01,GE,-1.29e-4,2.62e-4,-0.005031,0.24151,1.277836,0.132945,-0.028551,65.321429
2026-06-02,GE,-0.022553,1.72e-4,-0.026452,0.158139,1.277801,0.132611,-0.065007,61.586735
2026-06-03,GE,-0.002677,1.28e-4,-0.035944,0.1177,1.278913,0.121631,-0.037769,65.872449
2026-06-05,GE,0.026878,4.03e-4,0.052497,0.365722,1.226666,0.072491,0.015134,69.75
2026-06-08,GE,-0.020435,3.2e-4,0.031614,0.289919,1.224638,0.083762,-0.01372,68.321429
2026-06-10,GE,-0.019733,4.6e-4,0.065884,0.419317,1.25449,0.059647,0.039159,69.545918
2026-06-11,GE,0.027087,6.74e-4,0.110287,0.614814,1.284385,0.118709,0.110347,72.607143
2026-06-12,GE,0.002225,7.37e-4,0.122197,0.671165,1.291799,0.137729,0.118823,73.219388
2026-06-16,GE,0.033631,8.6e-4,0.150924,0.77949,1.277634,0.229868,0.168694,78.892857
2026-06-17,GE,0.027556,9.68e-4,0.187381,0.872619,1.251044,0.2484,0.224341,78.132653
2026-06-18,GE,-0.006092,7.65e-4,0.137158,0.692289,1.24241,0.253646,0.247045,77.72449
2026-06-22,GE,-0.003899,7.46e-4,0.133229,0.676661,1.243385,0.172632,0.221897,82.97449
2026-06-23,GE,0.018324,8.48e-4,0.168122,0.768255,1.229133,0.17709,0.202016,82.566327
2026-06-24,GE,0.026861,9.39e-4,0.191753,0.847182,1.227044,0.163407,0.282709,80.377551
2026-06-25,GE,0.013532,0.001007,0.209669,0.907528,1.230346,0.180832,0.313108,79.969388
2026-06-26,GE,8.76e-4,9.52e-4,0.200331,0.856877,1.226281,0.163267,0.304763,78.336735
2026-06-30,GE,-0.007733,0.001032,0.217867,0.936107,1.211092,0.151356,0.276924,80.581633
2026-05-29,GOOGL,-0.027586,0.002418,0.519574,2.483957,1.353115,0.086872,0.219977,81.97449
2026-06-01,GOOGL,-0.013161,0.002356,0.503767,2.419876,1.351131,-0.024165,0.239772,73.729592
2026-06-02,GOOGL,-0.039937,0.002286,0.48581,2.325779,1.359016,-0.055838,0.193712,71.892857
2026-06-03,GOOGL,-8.87e-4,0.002236,0.475493,2.276708,1.360044,-0.063301,0.193133,69.571429
2026-06-05,GOOGL,0.015976,0.002277,0.505641,2.302236,1.31464,-0.074138,0.234524,75.97449
2026-06-08,GOOGL,-0.016429,0.002203,0.486741,2.224748,1.312805,-0.093538,0.183266,74.75
2026-06-10,GOOGL,-0.005867,0.002183,0.488894,2.205624,1.311988,-0.083007,0.174041,55.97449
2026-06-11,GOOGL,-0.013097,0.002184,0.488834,2.206457,1.293621,-0.076365,0.183571,58.704082
2026-06-12,GOOGL,-7e-5,0.002161,0.479488,2.178985,1.299205,-0.106651,0.18989,60.132653
2026-06-16,GOOGL,0.016521,0.00224,0.494068,2.258375,1.296866,-0.059682,0.213072,82.790816
2026-06-17,GOOGL,-0.012857,0.002248,0.497787,2.267342,1.305442,-0.083514,0.184482,58.091837
2026-06-18,GOOGL,0.003854,0.002481,0.555155,2.53224,1.305417,-0.050637,0.222691,75.97449
2026-06-22,GOOGL,-0.046713,0.002284,0.50396,2.290481,1.318121,-0.086926,0.203966,53.933673
2026-06-23,GOOGL,0.00437,0.002307,0.518515,2.314144,1.315828,-0.096196,0.189736,53.52551
2026-06-24,GOOGL,-0.001963,0.002208,0.493671,2.221723,1.316446,-0.112091,0.22914,53.117347
2026-06-25,GOOGL,-0.006022,0.002148,0.481101,2.161151,1.313997,-0.116154,0.252861,53.117347
2026-06-26,GOOGL,-0.011156,0.002087,0.469975,2.107465,1.319521,-0.132294,0.229824,50.056122
2026-06-30,GOOGL,0.002732,0.002224,0.492094,2.234747,1.34317,-0.050482,0.201688,58.5
2026-05-29,HD,-0.015162,-0.001495,-0.323732,-1.728477,0.791401,-0.017564,-0.166999,21.989796
2026-06-01,HD,-0.023061,-0.001581,-0.344446,-1.822888,0.788802,-0.040725,-0.153249,22.806122
2026-06-02,HD,0.001314,-0.001609,-0.351427,-1.856424,0.785233,-0.002881,-0.156024,23.622449
2026-06-03,HD,0.011672,-0.001556,-0.337935,-1.792042,0.778607,0.00176,-0.134677,25.255102
2026-06-05,HD,0.028487,-0.001398,-0.295642,-1.59343,0.738679,-0.037982,-0.131705,24.846939
2026-06-08,HD,-0.005707,-0.001415,-0.299533,-1.616013,0.738301,-0.024382,-0.132829,24.438776
2026-06-10,HD,0.008266,-0.001158,-0.236043,-1.301063,0.716507,0.024149,-0.059039,36.153061
2026-06-11,HD,0.005234,-0.001151,-0.232816,-1.293092,0.727121,0.050087,-0.038404,47.785714
2026-06-12,HD,0.001892,-0.001048,-0.203649,-1.178237,0.722104,0.085407,-0.031384,48.397959
2026-06-16,HD,0.028004,-9.65e-4,-0.171418,-1.07657,0.69725,0.124345,0.018614,49.683673
2026-06-17,HD,-0.016021,-0.00101,-0.19012,-1.123982,0.713681,0.092292,-0.002224,51.867347
2026-06-18,HD,0.012964,-0.001058,-0.201778,-1.176522,0.717123,0.105277,0.042182,55.540816
2026-06-22,HD,-0.019768,-0.001133,-0.222977,-1.25797,0.722384,0.043281,-0.012964,51.663265
2026-06-23,HD,0.007878,-0.001096,-0.219543,-1.215986,0.715941,0.03635,-0.02424,50.234694
2026-06-24,HD,0.057206,-8.81e-4,-0.164716,-0.946504,0.711299,0.104077,0.043936,56.357143
2026-06-25,HD,0.004796,-8.48e-4,-0.158503,-0.911512,0.711736,0.110968,0.072594,58.397959
2026-06-26,HD,0.01842,-7.74e-4,-0.14271,-0.828262,0.702033,0.097562,0.084595,54.785714
2026-06-30,HD,-0.002456,-8.96e-4,-0.165677,-0.963836,0.698128,0.135151,0.070154,56.214286
2026-05-29,HON,0.018367,-4.6e-4,-0.053029,-0.568625,0.752135,0.131051,-0.023523,70.785714
2026-06-01,HON,-0.008273,-4.92e-4,-0.060244,-0.607996,0.75123,0.113129,-0.029977,72.362245
2026-06-02,HON,-0.006896,-5.19e-4,-0.067955,-0.641003,0.75056,0.122334,-0.043664,70.933673
2026-06-03,HON,-0.043869,-7.07e-4,-0.123581,-0.854967,0.776786,0.065223,-0.063428,48.418367
2026-06-05,HON,0.008947,-7.59e-4,-0.140129,-0.907705,0.763696,-0.013327,-0.090612,32.709184
2026-06-08,HON,-0.012406,-8.06e-4,-0.151298,-0.963837,0.762611,-0.006194,-0.119737,27.30102
2026-06-10,HON,-0.029761,-8.05e-4,-0.162964,-0.949535,0.796683,-0.060381,-0.117909,27.096939
2026-06-11,HON,0.047312,-6.04e-4,-0.121246,-0.694964,0.85209,0.002654,-0.065586,38.908163
2026-06-12,HON,2.3e-5,-5.78e-4,-0.115111,-0.66471,0.859235,0.010782,-0.060512,37.683673
2026-06-16,HON,0.015108,-4.5e-4,-0.08274,-0.516105,0.870318,0.056438,-0.00187,69.239796
2026-06-17,HON,0.008653,-4.18e-4,-0.074711,-0.478381,0.863937,0.052387,-0.001834,72.709184
2026-06-18,HON,-0.006051,-4.77e-4,-0.088406,-0.545493,0.86071,0.054617,0.033905,73.52551
2026-06-22,HON,-7.83e-4,-4.79e-4,-0.089335,-0.54799,0.860941,8.34e-4,0.029517,75.158163
2026-06-23,HON,-0.010641,-4.74e-4,-0.095621,-0.543403,0.879716,-0.024351,-0.015147,66.505102
2026-06-24,HON,0.023173,-3.3e-4,-0.058795,-0.375819,0.877621,-0.018557,0.009992,73.933673
2026-06-25,HON,0.015352,-3.2e-4,-0.055976,-0.364234,0.871847,-0.002071,0.036393,72.30102
2026-06-26,HON,0.011426,0.003445,0.807449,0.84412,1.34582,1.005701,1.081481,85.479592
2026-06-30,HON,-0.024907,-6.93e-4,-0.138564,-0.78121,0.819118,-0.053437,-0.018843,63.852041
2026-05-29,IBM,0.1246,-2.41e-4,-0.0612,-0.16947,1.001893,0.311317,0.239748,63.540816
2026-06-01,IBM,0.073234,5.3e-5,0.010556,0.03655,1.010898,0.379931,0.306344,68.846939
2026-06-02,IBM,0.026137,1.61e-4,0.037489,0.110573,1.011871,0.434678,0.316604,69.459184
2026-06-03,IBM,-0.064665,-1.04e-4,-0.038179,-0.070464,1.048983,0.331837,0.191308,69.19898
2026-06-05,IBM,-0.030293,-3.65e-4,-0.114629,-0.246037,1.104493,0.261806,0.100406,66.892857
2026-06-08,IBM,-0.016377,-4.29e-4,-0.130579,-0.289532,1.102943,0.222232,0.122382,66.280612
2026-06-10,IBM,-0.002722,-6.02e-4,-0.172926,-0.40702700000000003,1.108049,0.21834,0.099645,56.030612
2026-06-11,IBM,-0.007854,-6.1e-4,-0.174716,-0.412775,1.099537,0.253763,0.116006,61.464286
2026-06-12,IBM,-0.014904,-6.92e-4,-0.19406,-0.466594,1.090585,0.268356,0.105408,53.377551
2026-06-16,IBM,0.013777,-8.08e-4,-0.217347,-0.544133,1.058055,0.215758,0.076351,52.153061
2026-06-17,IBM,-0.018752,-8.86e-4,-0.239647,-0.5959,1.073172,0.177778,0.047849,44.316327
2026-06-18,IBM,-0.058306,-0.001191,-0.308019,-0.791284,1.034914,0.120407,0.030318,30.642857
2026-06-22,IBM,0.015672,-0.001123,-0.289866,-0.747211,1.030409,-0.006382,0.04834,42.479592
2026-06-23,IBM,0.064954,-8.83e-4,-0.214591,-0.578639,0.960347,0.043728,0.09756,54.806122
2026-06-24,IBM,-0.00701,-8.72e-4,-0.21184,-0.571271,0.960717,0.048945,0.088095,47.173469
2026-06-25,IBM,-0.019281,-9.29e-4,-0.226822,-0.608477,0.961594,0.030236,0.09279,46.765306
2026-06-26,IBM,0.05896,-6.97e-4,-0.1634,-0.450376,0.930369,0.064381,0.149319,56.438776
2026-06-30,IBM,0.00376,-6.04e-4,-0.140316,-0.391106,0.940571,-0.122371,0.156576,65.545918
2026-05-29,INTU,0.056710000000000003,-0.003985,-0.859476,-2.340298,0.430058,-0.160853,-0.189473,13.5
2026-06-01,INTU,0.06433,-0.003712,-0.791802,-2.156737,0.43855,-0.113472,-0.183662,13.5
2026-06-02,INTU,-0.090741,-0.00405,-0.878961,-2.307043,0.436232,-0.208482,-0.268097,9.75
2026-06-03,INTU,-0.026198,-0.004168,-0.916177,-2.371076,0.452041,-0.234772,-0.332805,9.75
2026-06-05,INTU,0.008523,-0.004249,-0.951235,-2.406859,0.44867,-0.236237,-0.383253,9.75
2026-06-08,INTU,0.027221,-0.004123,-0.919408,-2.33436,0.451761,-0.229114,-0.326996,9.75
2026-06-10,INTU,-0.016776,-0.004323,-0.98856,-2.441145,0.487104,-0.277327,-0.346816,9.75
2026-06-11,INTU,-0.042716,-0.004486,-1.015874,-2.523605,0.454064,-0.285836,-0.370602,9.75
2026-06-12,INTU,-0.006058,-0.004546,-1.023158,-2.553435,0.438102,-0.255522,-0.371011,9.75
2026-06-16,INTU,0.003193,-0.00453,-1.012185,-2.54973,0.454674,-0.303031,-0.371092,9.75
2026-06-17,INTU,-0.029898,-0.004598,-1.042273,-2.584023,0.48264,-0.332573,-0.408927,9.75
2026-06-18,INTU,-0.015531,-0.004701,-1.066661,-2.638353,0.484714,-0.332016,-0.413908,9.75
2026-06-22,INTU,-0.031422,-0.004808,-1.097419,-2.698942,0.492347,-0.194318,-0.403931,9.75
2026-06-23,INTU,0.015608,-0.004683,-1.077242,-2.626779,0.483613,-0.193443,-0.395469,9.75
2026-06-24,INTU,0.016701,-0.004608,-1.058496,-2.581685,0.481965,-0.13836,-0.393735,9.75
2026-06-25,INTU,-0.028787,-0.004771,-1.100918,-2.671003,0.471583,-0.161919,-0.387499,9.75
2026-06-26,INTU,0.056826,-0.004599,-1.060032,-2.547106,0.435726,-0.130017,-0.357122,9.75
2026-06-30,INTU,-0.028057,-0.004739,-1.078335,-2.624793,0.4187,-0.262212,-0.387137,13.75
2026-05-29,ISRG,-1.07e-4,-0.001886,-0.460609,-1.658822,0.941976,-0.064319,-0.15664,16.153061
2026-06-01,ISRG,-0.031877,-0.002006,-0.489802,-1.758154,0.938313,-0.099436,-0.171203,11.178571
2026-06-02,ISRG,-0.025517,-0.002075,-0.507781,-1.812818,0.939737,-0.110644,-0.197294,11.178571
2026-06-03,ISRG,0.019421,-0.002043,-0.497378,-1.781462,0.928909,-0.099613,-0.180008,11.178571
2026-06-05,ISRG,0.033545,-0.001563,-0.368157,-1.370288,0.881413,-0.065681,-0.138934,17.173469
2026-06-08,ISRG,-0.010438,-0.001599,-0.376754,-1.403558,0.880578,-0.06988,-0.138397,16.561224
2026-06-10,ISRG,-0.018434,-0.001545,-0.368114,-1.350098,0.892412,-0.01914,-0.140318,19.94898
2026-06-11,ISRG,-0.014861,-0.001516,-0.357796,-1.327131,0.884198,-0.043925,-0.125508,21.785714
2026-06-12,ISRG,-0.009865,-0.001616,-0.382391,-1.412347,0.885946,-0.049067,-0.129405,21.173469
2026-06-16,ISRG,0.00721,-0.0015790000000000001,-0.369035,-1.381795,0.878771,-0.051941,-0.126975,21.173469
2026-06-17,ISRG,-0.023214,-0.001652,-0.393456,-1.441688,0.898872,-0.085788,-0.162003,16.811224
2026-06-18,ISRG,0.003637,-0.001669,-0.398165,-1.454485,0.901732,-0.078808,-0.148942,21.173469
2026-06-22,ISRG,-0.006268,-0.001688,-0.4035,-1.473287,0.903056,-0.080233,-0.14613,14.647959
2026-06-23,ISRG,0.015093,-0.001645,-0.391307,-1.434059,0.883077,-0.079708,-0.142134,14.647959
2026-06-24,ISRG,-0.002885,-0.001643,-0.390994,-1.43251,0.883164,-0.079722,-0.142397,14.647959
2026-06-25,ISRG,-0.006771,-0.001736,-0.413259,-1.515514,0.874314,-0.084624,-0.117019,15.260204
2026-06-26,ISRG,0.019766,-0.001693,-0.402285,-1.473772,0.86058,-0.03309,-0.105951,23.010204
2026-06-30,ISRG,-0.028207,-0.001814,-0.425095,-1.574743,0.839138,-0.035366,-0.143761,18.647959
2026-05-29,JNJ,-0.026192,5.4e-4,0.378383,0.672128,0.046837,-0.008885,-0.092984,41.27551
2026-06-01,JNJ,-0.0108,4.95e-4,0.368904,0.61598,0.045647,-0.016198,-0.094184,41.683673
2026-06-02,JNJ,-0.004132,5.27e-4,0.372009,0.656276,0.048251,-0.005843,-0.091358,34.545918
2026-06-03,JNJ,0.008587,5.91e-4,0.382014,0.736486,0.047185,-0.004282,-0.068397,39.928571
2026-06-05,JNJ,0.04597,8.24e-4,0.422251,0.99728000000000006,0.011087,0.036284,-0.031739,71.484694
2026-06-08,JNJ,-0.004885,8.02e-4,0.417986,0.971238,0.010672,0.048979,-0.047392,68.627551
2026-06-10,JNJ,0.022052,9.95e-4,0.448155,1.192804,-0.003778,0.077045,-0.014667,71.076531
2026-06-11,JNJ,-0.017668,9.04e-4,0.439292,1.079852,-0.007845,0.06274,-0.013208,71.076531
2026-06-12,JNJ,0.005249,9.59e-4,0.458674,1.15158,0.003604,0.045352,-0.002691,69.096939
2026-06-16,JNJ,0.003925,8.53e-4,0.460085,1.008744,-0.033197,0.027346,-0.00885,65.97449
2026-06-17,JNJ,0.008321,9.29e-4,0.465321,1.099581,-0.028458,0.023065,-0.01431,69.239796
2026-06-18,JNJ,-0.032608,8.04e-4,0.442821,0.938342,-0.048862,-0.007,-0.029655,43.112245
2026-06-22,JNJ,0.015845,8.64e-4,0.454337,1.008101,-0.051719,-0.013015,-0.016917,59.443878
2026-06-23,JNJ,0.048203,0.001078,0.48793,1.228847,-0.085723,0.020227,-0.003543,74.545918
2026-06-24,JNJ,0.008494,0.001112,0.495441,1.266722,-0.086234,0.047007,0.007357,73.52551
2026-06-25,JNJ,0.014654,0.001209,0.51251,1.37626,-0.084185,0.063863,0.018424,72.709184
2026-06-26,JNJ,0.047169,0.001423,0.55207,1.582942,-0.103873,0.101042,0.059098,67.928571
2026-06-30,JNJ,-0.025349,0.001226,0.527555,1.36234,-0.096355,0.13628,0.040349,74.19898
2026-05-29,JPM,0.006203,-4.23e-4,-0.106721,-0.598758,1.000455,-0.032142,-0.003297,38.193878
2026-06-01,JPM,-0.011844,-4.69e-4,-0.117876,-0.663375,0.999055,-0.050853,-0.012256,36.765306
2026-06-02,JPM,0.01341,-4.17e-4,-0.104764,-0.587819,0.999126,-0.021745,0.005244,38.397959
2026-06-03,JPM,0.006652,-3.6e-4,-0.089436,-0.508341,0.994468,-0.022103,0.024868,37.785714
2026-06-05,JPM,0.03057,-1.33e-4,-0.020562,-0.182657,0.939854,-0.008034,0.079073,68.729592
2026-06-08,JPM,-0.006298,-1.58e-4,-0.026563,-0.216742,0.939271,0.029824,0.077512,69.545918
2026-06-10,JPM,0.004381,-1.18e-4,-0.016627,-0.161966,0.933031,0.030467,0.092792,67.30102
2026-06-11,JPM,-0.002926,-1.15e-4,-0.014787,-0.158069,0.931875,0.028241,0.106019,67.096939
2026-06-12,JPM,0.017655,-8.4e-5,-0.005847,-0.115032,0.929201,0.068177,0.131527,74.341837
2026-06-16,JPM,0.042718,-2.2e-5,0.020497,-0.028982,0.890329,0.101121,0.150831,67.72449
2026-06-17,JPM,0.019494,-1e-5,0.025319,-0.013787,0.875679,0.108835,0.157968,69.561224
2026-06-18,JPM,-0.032511,-1.86e-4,-0.015384,-0.241371,0.8629,0.099831,0.134911,74.954082
2026-06-22,JPM,0.022396,-9.5e-5,0.008129,-0.123326,0.857065,0.081924,0.133653,72.158163
2026-06-23,JPM,0.022547,-4e-6,0.031694,-0.00502,0.835885,0.090606,0.131068,71.75
2026-06-24,JPM,-0.001601,-4.8e-5,0.020384,-0.061627,0.836169,0.087077,0.143283,72.362245
2026-06-25,JPM,0.003563,-6.8e-5,0.015007,-0.088076,0.83178,0.092521,0.184839,73.994898
2026-06-26,JPM,-0.010882,-9e-5,0.005595,-0.115149,0.83928,0.099472,0.163379,74.341837
2026-06-30,JPM,-0.014041,-2.15e-4,-0.018556,-0.275861,0.820857,0.103682,0.108166,71.076531
2026-05-29,KO,-0.019902,-5.84e-4,0.128227,-0.714422,-0.08395,0.001775,-0.031265,61.280612
2026-06-01,KO,-0.007406,-6.11e-4,0.12338,-0.74889,-0.084558,7.64e-4,-0.008823,65.158163
2026-06-02,KO,-0.004283,-5.59e-4,0.13085,-0.686973,-0.080696,0.002814,0.003969,64.75
2026-06-03,KO,0.011481,-5.26e-4,0.132246,-0.645352,-0.082413,0.00729,0.022459,65.770408
2026-06-05,KO,0.060436,-3.97e-4,0.150119,-0.46175,-0.152985,0.003155,0.031672,71.362245
2026-06-08,KO,-0.001509,-4.01e-4,0.150618,-0.467865,-0.152937,0.014282,0.021315,71.770408
2026-06-10,KO,0.043427,-1.31e-4,0.200998,-0.148417,-0.189797,0.062675,0.077052,77.668367
2026-06-11,KO,-0.029678,-2.43e-4,0.190735,-0.273411,-0.201266,0.031238,0.067106,78.627551
2026-06-12,KO,-0.004318,-1.72e-4,0.220929,-0.19358,-0.213511,0.029404,0.06827,78.627551
2026-06-16,KO,-0.001825,-3.15e-4,0.214438,-0.350332,-0.238331,-0.01133,0.056733,73.729592
2026-06-17,KO,0.008128,-2.6e-4,0.21151,-0.288521,-0.231635,-0.01564,0.057975,65.770408
2026-06-18,KO,-0.014557,-3.32e-4,0.201703,-0.367263,-0.245821,-0.030884000000000002,0.062074,65.770408
2026-06-22,KO,0.00491,-3.11e-4,0.201905,-0.344641,-0.245871,-0.023932,0.065086,67.811224
2026-06-23,KO,0.02433,-1.96e-4,0.200888,-0.216312,-0.257055,-0.014359,0.067242,73.811224
2026-06-24,KO,0.004075,-1.45e-4,0.212659,-0.1595,-0.257405,0.00174,0.079127,74.627551
2026-06-25,KO,-0.003679,-1.19e-4,0.21099300000000001,-0.131167,-0.257006,-4.97e-4,0.062211,70.545918
2026-06-26,KO,0.034712,-1.4e-5,0.219826,-0.015655,-0.275055,0.012374,0.091401,77.811224
2026-06-30,KO,-0.024484,-2.3e-4,0.196493,-0.250193,-0.277183,0.033444,0.068218,77.607143
2026-05-29,LIN,-0.011038,-6.75e-4,0.025457,-0.893774,0.230196,-0.013909,-0.02045,52.785714
2026-06-01,LIN,-0.003286,-6.86e-4,0.024197,-0.909339,0.230038,-0.020692,-0.008511,53.602041
2026-06-02,LIN,-0.004374,-7.43e-4,0.007663,-0.986458,0.225148,0.004782,-0.006571,51.765306
2026-06-03,LIN,0.030529,-6.38e-4,0.032143,-0.83656,0.211194,0.028406,0.03573,77.076531
2026-06-05,LIN,0.026696,-5.11e-4,0.045849,-0.661645,0.19518,0.012015,0.047778,78.505102
2026-06-08,LIN,-0.014038,-5.65e-4,0.033611,-0.731422,0.193992,0.017763,0.050174,56.867347
2026-06-10,LIN,0.003294,-3.89e-4,0.060689,-0.498813,0.192236,0.009437,0.038233,79.239796
2026-06-11,LIN,-0.004663,-4.09e-4,0.064475,-0.523979,0.201018,0.022962,0.04357,80.260204
2026-06-12,LIN,0.010365,-3.42e-4,0.087985,-0.437288,0.199697,0.020087,0.06003,81.280612
2026-06-16,LIN,-3.86e-4,-4.14e-4,0.088534,-0.527275,0.186721,0.014309,0.060585,79.239796
2026-06-17,LIN,0.008011,-3.64e-4,0.090742,-0.462663,0.188557,0.009768,0.053185,79.647959
2026-06-18,LIN,-0.014973,-4.16e-4,0.083166,-0.527013,0.178507,0.012014,0.049165,78.219388
2026-06-22,LIN,0.012051,-3.67e-4,0.092918,-0.463918,0.176086,-0.001681,0.076838,80.668367
2026-06-23,LIN,0.00591,-3.28e-4,0.080703,-0.415473,0.179079,-0.010279,0.04046,78.627551
2026-06-24,LIN,0.007237,-2.72e-4,0.094283,-0.343617,0.178448,0.001476,0.040848,78.423469
2026-06-25,LIN,0.011255,-2.32e-4,0.09946,-0.293437,0.175538,0.014195,0.063447,78.423469
2026-06-26,LIN,0.002138,-2.26e-4,0.08739,-0.285675,0.175705,0.023136,0.058031,75.158163
2026-06-30,LIN,0.007632,-3.93e-4,0.067851,-0.491075,0.163207,0.043284,0.050847,73.607143
2026-05-29,LLY,-0.021838,8.51e-4,0.322401,0.569139,0.575222,0.298152,0.05039,72.770408
2026-06-01,LLY,-0.023357,7.54e-4,0.29947,0.504349,0.572345,0.123395,0.073899,76.790816
2026-06-02,LLY,-0.018037,6.85e-4,0.280385,0.457686,0.571711,0.099408,0.060365,76.382653
2026-06-03,LLY,0.020765,6.87e-4,0.279826,0.458827,0.563891,0.114523,0.097146,77.811224
2026-06-05,LLY,0.031275,9.58e-4,0.341367,0.63294,0.538729,0.146264,0.142468,78.280612
2026-06-08,LLY,0.013406,0.001007,0.354294,0.666834,0.539985,0.211608,0.147601,75.887755
2026-06-10,LLY,0.008506,8.69e-4,0.311584,0.57768,0.528757,0.175162,0.162824,80.729592
2026-06-11,LLY,0.004633,8.86e-4,0.319659,0.589296,0.540794,0.172831,0.178534,73.642857
2026-06-12,LLY,-0.029483,7.86e-4,0.294936,0.521844,0.555415,0.115432,0.15016,79.035714
2026-06-16,LLY,-1.04e-4,7.46e-4,0.299241,0.495592,0.5311,0.13603,0.2227,76.668367
2026-06-17,LLY,0.003134,7.89e-4,0.303696,0.524497,0.533908,0.125404,0.211989,75.239796
2026-06-18,LLY,-0.019878,8.04e-4,0.314039,0.53313,0.512821,0.075543,0.211613,73.811224
2026-06-22,LLY,0.006342,8.26e-4,0.317843,0.548874,0.511877,0.034817,0.220438,76.056122
2026-06-23,LLY,0.019059,9.07e-4,0.328364,0.602566,0.499388,0.039512,0.208194,76.464286
2026-06-24,LLY,0.009659,8.75e-4,0.319809,0.581589,0.498973,0.049327,0.245552,76.260204
2026-06-25,LLY,0.00789,9.24e-4,0.328633,0.613846,0.500045,0.059122,0.284034,77.484694
2026-06-26,LLY,0.078554,0.00136,0.435782,0.886516,0.469564,0.115613,0.375615,73.520408
2026-06-30,LLY,-0.032585,0.001248,0.421359,0.812005,0.464236,0.108326,0.256579,81.75
2026-05-29,MA,-0.002026,-0.001566,-0.28288,-1.838285,0.559955,-0.059498,-0.044914,30.030612
2026-06-01,MA,-1.52e-4,-0.001561,-0.280762,-1.835295,0.560221,-4.24e-4,-0.055443,27.581633
2026-06-02,MA,-0.036835,-0.00169,-0.315208,-1.961366,0.559579,-0.053612,-0.086514,22.19898
2026-06-03,MA,-0.005816,-0.001729,-0.32926,-2.007168,0.564407,-0.065757,-0.101227,18.52551
2026-06-05,MA,0.045155,-0.00146,-0.260292,-1.648462,0.50436,-0.001647,-0.059846,26.153061
2026-06-08,MA,-0.013281,-0.001507,-0.271274,-1.702878,0.503293,-0.019799,-0.056438,28.602041
2026-06-10,MA,0.003327,-0.001435,-0.263483,-1.613392,0.500301,-0.017537,-0.016549,32.193878
2026-06-11,MA,-0.022252,-0.001499,-0.270148,-1.67759,0.487389,-0.02661,-0.023053,31.785714
2026-06-12,MA,0.001724,-0.001366,-0.224988,-1.543813,0.452157,-0.001345,-0.016085,32.602041
2026-06-16,MA,0.027749,-0.001355,-0.208028,-1.519169,0.43809,-0.008818,0.026327,51.663265
2026-06-17,MA,-0.004148,-0.001156,-0.16619,-1.333755,0.443515,-0.025307,0.003767,35.05102
2026-06-18,MA,-0.014292,-0.001227,-0.178309,-1.412121,0.42801,-0.019832,-0.013157,33.622449
2026-06-22,MA,-0.008491,-0.001256,-0.18854,-1.447655,0.430549,-0.028985,-0.029744,31.173469
2026-06-23,MA,0.022744,-0.001233,-0.191167,-1.417253,0.399399,-0.021001,-0.029219,31.581633
2026-06-24,MA,0.013453,-0.001121,-0.163241,-1.28781,0.398069,0.00284,-0.012661,36.969388
2026-06-25,MA,-0.01255,-0.001112,-0.165489,-1.277805,0.401973,-0.008296,0.009665,31.173469
2026-06-26,MA,0.027889,-0.001083,-0.164618,-1.235586,0.382268,0.00804,0.030522,47.173469
2026-06-30,MA,-1.7e-5,-0.00108,-0.152624,-1.234452,0.40076,0.037052,0.044646,53.5
2026-05-29,MCD,0.001934,-0.001409,-0.126363,-1.809903,0.099621,-0.037507,-0.181376,22.193878
2026-06-01,MCD,-0.013791,-0.001459,-0.136947,-1.873511,0.098293,-0.036736,-0.168769,19.056122
2026-06-02,MCD,-4.52e-4,-0.001434,-0.134758,-1.842402,0.098646,-0.027244,-0.166938,19.056122
2026-06-03,MCD,-0.004091,-0.001441,-0.143975,-1.851167,0.104111,-0.03805,-0.165399,19.872449
2026-06-05,MCD,0.051917,-0.001148,-0.083499,-1.424546,0.050907,-0.014995,-0.146985,24.234694
2026-06-08,MCD,-0.009626,-0.001182,-0.090552,-1.468275,0.050222,0.007362,-0.152955,22.193878
2026-06-10,MCD,0.016722,-9.88e-4,-0.062091,-1.22262,0.049568,0.028842,-0.127782,32.27551
2026-06-11,MCD,-0.009033,-0.001027,-0.06097,-1.270336,0.056459,0.03613,-0.127703,31.255102
2026-06-12,MCD,-0.005268,-9.68e-4,-0.04029,-1.206104,0.064841,0.033043,-0.127581,31.867347
2026-06-16,MCD,0.012288,-9.48e-4,-0.015207,-1.17855,0.057717,0.019329,-0.08805,32.27551
2026-06-17,MCD,-0.001786,-9.19e-4,-0.022149,-1.143484,0.068895,0.004779,-0.083209,33.091837
2026-06-18,MCD,-0.026157,-0.001008,-0.037219,-1.242126,0.05365,-0.007799,-0.097912,27.091837
2026-06-22,MCD,-0.027397,-0.001113,-0.069489,-1.363568,0.061658,-0.043115,-0.122596,23.341837
2026-06-23,MCD,0.020298,-0.001015,-0.06665,-1.236413,0.05052,-0.037588,-0.128457,19.341837
2026-06-24,MCD,0.008636,-8.97e-4,-0.037692,-1.09656,0.049538,-0.019265,-0.113456,23.5
2026-06-25,MCD,-0.035548,-0.001009,-0.071737,-1.216933,0.047998,-0.052711,-0.135208,18.729592
2026-06-26,MCD,0.026964,-9.57e-4,-0.071402,-1.145746,0.03113,-0.039727,-0.118143,17.709184
2026-06-30,MCD,0.003928,-0.001116,-0.087428,-1.334392,0.02789,-0.021006,-0.120342,22.887755
2026-05-29,META,-0.006867,-0.001006,-0.378752,-0.831198,1.493017,-0.054714,-0.024175,56.153061
2026-06-01,META,-0.053379,-0.001215,-0.430727,-0.991639,1.486495,-0.013602,-0.083364,31.377551
2026-06-02,META,-0.006087,-0.001193,-0.423955,-0.973644,1.490694,-0.020937,-0.104983,25.336735
2026-06-03,META,0.049435,-0.001123,-0.396056,-0.909371,1.462502,0.020593,-0.056905,49.826531
2026-06-05,META,-0.029276,-0.001241,-0.419043,-0.999804,1.489867,-0.032437,-0.080421,23.704082
2026-06-08,META,-0.015097,-0.001297,-0.433399,-1.045514,1.488472,-0.039762,-0.105004,20.158163
2026-06-10,META,-0.007516,-0.00131,-0.424943,-1.056815,1.481999,-0.046555,-0.105299,19.545918
2026-06-11,META,-0.021463,-0.001376,-0.441712,-1.107374,1.453138,-0.05733,-0.073781,19.75
2026-06-12,META,-0.007959,-0.001472,-0.46758,-1.18503,1.443452,-0.080518,-0.076144,19.137755
2026-06-16,META,0.017302,-0.001287,-0.434337,-1.031293,1.463574,-0.017997,-0.025127,26.153061
2026-06-17,META,-0.041876,-0.001447,-0.475578,-1.14967,1.493611,-0.071383,-0.06448,20.97449
2026-06-18,META,0.009184,-0.001415,-0.468032,-1.123771,1.486625,-0.042133,-0.027693,27.581633
2026-06-22,META,-0.020016,-0.001489,-0.485783,-1.183184,1.49103,-0.07605,-0.049029,22.607143
2026-06-23,META,0.011596,-0.001477,-0.465267,-1.173,1.467114,-0.078753,-0.054951,19.75
2026-06-24,META,-0.007594,-0.001486,-0.466971,-1.179517,1.467506,-0.089281,0.018501,28.52551
2026-06-25,META,-0.027985,-0.001664,-0.507502,-1.319173,1.459426,-0.11345,0.032622,24.443878
2026-06-26,META,0.020826,-0.001614,-0.484695,-1.27414,1.444197,-0.133819,0.04666,25.056122
2026-06-30,META,-0.00656,-0.001509,-0.46798,-1.196484,1.439505,-0.061918,-0.027519,25.132653
2026-05-29,MRK,-0.01225,9.14e-4,0.394627,0.830745,0.353147,0.070032,-0.041189,73.321429
2026-06-01,MRK,-0.032625,7.8e-4,0.362954,0.705002,0.349172,0.026837,-0.038888,47.806122
2026-06-02,MRK,0.00281,7.67e-4,0.357605,0.693677,0.346444,0.022456,-0.038493,50.663265
2026-06-03,MRK,-0.001197,7.03e-4,0.33562,0.636199,0.351742,0.014057,-0.011803,52.908163
2026-06-05,MRK,0.030217,9.77e-4,0.392024,0.867553,0.327537,0.063667,0.043182,79.852041
2026-06-08,MRK,-0.012778,9.22e-4,0.379378,0.819363,0.326308,0.073083,0.020753,78.423469
2026-06-10,MRK,0.011501,9.42e-4,0.371867,0.839438,0.316446,0.070183,0.027435,77.403061
2026-06-11,MRK,-0.002974,8.72e-4,0.362109,0.777319,0.320808,0.074664,0.044546,80.056122
2026-06-12,MRK,-0.019569,8.32e-4,0.356866,0.7408,0.324111,0.049361,0.029755,76.178571
2026-06-16,MRK,0.008311,7.5e-4,0.365464,0.659935,0.256541,0.023188,0.005852,43.397959
2026-06-17,MRK,0.014832,7.57e-4,0.358641,0.666002,0.253741,0.025586,0.010858,46.867347
2026-06-18,MRK,-0.021401,6.4899999999999e-4,0.337733,0.567608,0.238955,-0.003239,-0.002715,44.826531
2026-06-22,MRK,0.017286,7.15e-4,0.352199,0.626044,0.235365,-0.056613,-0.007648,45.030612
2026-06-23,MRK,0.050199,9.52e-4,0.399424,0.821838,0.199167,-0.022956,0.001927,69.52551
2026-06-24,MRK,0.008825,0.001022,0.416354,0.882341,0.198466,0.00735,0.014042,69.321429
2026-06-25,MRK,0.03877,0.001251,0.467253,1.07305,0.20651,0.047862,0.04865,72.566327
2026-06-26,MRK,0.032819,0.00141,0.496552,1.200487,0.193894,0.070027,0.075483,73.586735
2026-06-30,MRK,-0.014589,0.001167,0.455183,0.999641,0.191979,0.115742,0.06339,75.627551
2026-05-29,MS,0.018167,0.001056,0.171042,1.356759,1.374129,0.111824,0.249174,79.765306
2026-06-01,MS,0.011748,0.001099,0.180858,1.412431,1.375361,0.109586,0.271528,78.540816
2026-06-02,MS,0.017456,0.001183,0.203,1.515432,1.377938,0.14345,0.28285,79.357143
2026-06-03,MS,-0.015497,0.001136,0.191942,1.450544,1.385342,0.117707,0.292771,84.19898
2026-06-05,MS,-0.003237,0.001175,0.210521,1.485577,1.394567,0.096095,0.322331,86.994898
2026-06-08,MS,-8.01e-4,0.001167,0.208023,1.47848,1.394324,0.099177,0.320311,88.015306
2026-06-10,MS,-0.001309,0.001152,0.212491,1.45886,1.395257,0.081423,0.338732,84.219388
2026-06-11,MS,0.012036,0.001212,0.221352,1.533817,1.401209,0.108297,0.373152,85.443878
2026-06-12,MS,0.001081,0.001245,0.226749,1.573545,1.399599,0.104267,0.382062,85.852041
2026-06-16,MS,0.019036,0.00131,0.238666,1.652187,1.385373,0.146038,0.38948,88.076531
2026-06-17,MS,0.03119,0.001359,0.262534,1.701964,1.355944,0.167471,0.418858,82.826531
2026-06-18,MS,-0.015758,0.001275,0.240526,1.58819,1.35294,0.177181,0.382114,87.056122
2026-06-22,MS,0.020712,0.001353,0.262805,1.680586,1.347412,0.129632,0.369084,81.806122
2026-06-23,MS,0.009854,0.00138,0.28105,1.712538,1.334782,0.12436,0.364504,87.056122
2026-06-24,MS,-0.026834,0.001221,0.240932,1.50351,1.33721,0.089711,0.346934,89.647959
2026-06-25,MS,0.003921,0.001209,0.240353,1.489213,1.33579,0.095559,0.395543,85.647959
2026-06-26,MS,-0.03353,0.001087,0.211764,1.316982,1.354204,0.051684,0.338658,82.790816
2026-06-30,MS,-0.020445,9.22e-4,0.168662,1.10849,1.318882,-0.009336,0.257989,77.811224
2026-05-29,MSFT,0.05196,-9.9e-4,-0.210037,-1.106496,0.84431,0.060736,0.146407,57.030612
2026-06-01,MSFT,0.020109,-9.06e-4,-0.189169,-1.009788,0.846928,0.111186,0.140099,61.704082
2026-06-02,MSFT,-0.043072,-0.001064,-0.229578,-1.165838,0.846486,0.066946,0.089116,60.438776
2026-06-03,MSFT,-0.024639,-0.001172,-0.261223,-1.276898,0.860935,0.033171,0.040567,57.581633
2026-06-05,MSFT,-7.76e-4,-0.001239,-0.284747,-1.350602,0.873447,0.006547,0.018853,41.867347
2026-06-08,MSFT,-0.014096,-0.00129,-0.297263,-1.4073,0.872232,-0.008142,0.014738,40.438776
2026-06-10,MSFT,7.68e-4,-0.001344,-0.315263,-1.464149,0.880736,-0.037077,-0.011198,24.647959
2026-06-11,MSFT,-0.034663,-0.00152,-0.350428,-1.640204,0.844819,-0.042745,-0.013172,25.260204
2026-06-12,MSFT,-0.004384,-0.001553,-0.357545,-1.672605,0.845071,-0.03571,-0.01216,23.831633
2026-06-16,MSFT,-0.008872,-0.001585,-0.367072,-1.710367,0.863472,-0.070147,0.005207,25.94898
2026-06-17,MSFT,-0.025396,-0.001706,-0.404296,-1.83162,0.886317,-0.105374,-0.025988,19.341837
2026-06-18,MSFT,-0.006507,-0.001769,-0.417893,-1.896941,0.878256,-0.091083,-0.006468,23.627551
2026-06-22,MSFT,-0.02864,-0.001876,-0.447108,-2.003046,0.885506,-0.122393,-0.014487,22.403061
2026-06-23,MSFT,0.032489,-0.001736,-0.408176,-1.833788,0.852748,-0.106625,0.007816,26.484694
2026-06-24,MSFT,-0.022214,-0.00184,-0.434946,-1.93727,0.854508,-0.121554,-0.001394,21.178571
2026-06-25,MSFT,-0.036005,-0.001995,-0.474111,-2.079401,0.850423,-0.151912,-0.011044,19.954082
2026-06-26,MSFT,0.064313,-0.001705,-0.397897,-1.710784,0.818111,-0.096203,0.045407,26.561224
2026-06-30,MSFT,0.004287,-0.001753,-0.401229,-1.752432,0.796991,-0.190003,0.009882,27.581633
2026-05-29,NEE,-0.005242,-3.4e-5,0.203781,-0.033746,0.164203,-0.076033,-0.072091,32.709184
2026-06-01,NEE,-0.041224,-1.99e-4,0.164952,-0.194844,0.159331,-0.137081,-0.096447,25.464286
2026-06-02,NEE,0.022787,-1.3e-4,0.179178,-0.127386,0.156606,-0.102921,-0.07473,34.341837
2026-06-03,NEE,-0.005821,-9.5e-5,0.181105,-0.092401,0.162325,-0.114438,-0.071875,28.117347
2026-06-05,NEE,0.027677,-3.7e-5,0.172985,-0.036024,0.15957,-0.100115,-0.056911,34.545918
2026-06-08,NEE,-0.023583,-1.31e-4,0.150907,-0.127613,0.157426,-0.097637,-0.082259,25.668367
2026-06-10,NEE,0.019184,-5.3e-5,0.154461,-0.051784,0.14602299999999999,-0.102488,-0.072059,26.688776
2026-06-11,NEE,-0.020286,-1.65e-4,0.139515,-0.159301,0.137033,-0.103076,-0.085579,24.852041
2026-06-12,NEE,0.008147,-1.37e-4,0.148305,-0.133022,0.160718,-0.093411,-0.073184,38.214286
2026-06-16,NEE,0.007239,-1.02e-4,0.177914,-0.099233,0.142026,-0.031559,-0.052001,39.234694
2026-06-17,NEE,0.006689,-5.9e-5,0.177046,-0.057985,0.145841,-0.037174,-0.072287,34.846939
2026-06-18,NEE,0.004097,2.2e-5,0.198415,0.021774,0.15804,-0.036753,-0.030726,42.091837
2026-06-22,NEE,-0.004576,4e-6,0.18986,0.003828,0.160163,-0.027894,-0.060467,41.479592
2026-06-23,NEE,0.018588,8.5e-5,0.190579,0.082474,0.149914,-0.023941,-0.051887,40.867347
2026-06-24,NEE,0.014232,2.03e-4,0.219833,0.19816,0.148621,-3.42e-4,-0.038833,47.683673
2026-06-25,NEE,-5.33e-4,1.95e-4,0.213032,0.190553,0.145293,5.7e-4,-0.040481,48.704082
2026-06-26,NEE,0.017038,3.93e-4,0.248443,0.383521,0.14688,0.010382,-0.031072,49.112245
2026-06-30,NEE,-0.017825,4.7e-5,0.182782,0.047123,0.142829,0.049127,-0.054712,48.295918
2026-05-29,NFLX,-0.006428,-0.00219,-0.392587,-1.638104,0.372993,-0.066218,-0.106193,20.484694
2026-06-01,NFLX,-0.004699,-0.0022,-0.393987,-1.64888,0.372817,-0.067456,-0.12129,20.280612
2026-06-02,NFLX,-0.030711,-0.002297,-0.421019,-1.715228,0.372563,-0.084487,-0.155382,14.443878
2026-06-03,NFLX,-0.014704,-0.002428,-0.461218,-1.815378,0.384266,-0.104373,-0.177977,13.015306
2026-06-05,NFLX,0.033411,-0.002242,-0.426254,-1.668463,0.359973,-0.068993,-0.170067,13.831633
2026-06-08,NFLX,0.003333,-0.00222,-0.419864,-1.654969,0.360594,-0.055435,-0.147514,14.647959
2026-06-10,NFLX,0.023013,-0.00215,-0.415506,-1.60335,0.357058,-0.040374,-0.130527,15.668367
2026-06-11,NFLX,-0.025899,-0.002222,-0.422329,-1.65301,0.343563,-0.072895,-0.147309,14.647959
2026-06-12,NFLX,-0.016852,-0.00234,-0.445293,-1.736336,0.337158,-0.082458,-0.157066,14.035714
2026-06-16,NFLX,-0.030159,-0.002474,-0.473123,-1.834026,0.366101,-0.121919,-0.168743,13.219388
2026-06-17,NFLX,-0.00987,-0.00252,-0.495622,-1.867356,0.380233,-0.14155,-0.161107,15.056122
2026-06-18,NFLX,-0.002343,-0.002623,-0.51841,-1.942927,0.377376,-0.133774,-0.157264,14.852041
2026-06-22,NFLX,-0.055008,-0.002832,-0.577031,-2.077588,0.391923,-0.177427,-0.198416,13.831633
2026-06-23,NFLX,0.013699,-0.002815,-0.584464,-2.063728,0.372552,-0.178104,-0.21088,13.831633
2026-06-24,NFLX,-0.012994,-0.002853,-0.594777,-2.090422,0.37343,-0.180657,-0.230176,13.423469
2026-06-25,NFLX,-0.01453,-0.002978,-0.628178,-2.184675,0.361834,-0.191378,-0.241143,13.423469
2026-06-26,NFLX,0.048275,-0.002856,-0.60251,-2.069795,0.3309,-0.155009,-0.209997,13.831633
2026-06-30,NFLX,-0.040045,-0.002938,-0.602926,-2.12759,0.310687,-0.168317,-0.252747,13.015306
2026-05-29,NVDA,-0.017007,9.42e-4,0.038918,0.856274,1.781491,0.009032,0.191602,74.137755
2026-06-01,NVDA,0.059889,0.001178,0.095179,1.048961,1.788551,0.130562,0.246098,83.19898
2026-06-02,NVDA,-0.008222,0.001056,0.069458,0.942587,1.782426,0.122632,0.21733,81.158163
2026-06-03,NVDA,-0.0292,9.19e-4,0.036614,0.8151,1.796592,0.081973,0.171321,79.933673
2026-06-05,NVDA,-0.036205,8.39e-4,0.031568,0.73676,1.82977,-0.013136,0.153414,70.260204
2026-06-08,NVDA,0.014996,8.96e-4,0.044392,0.787073,1.831016,-0.030483,0.129188,72.096939
2026-06-10,NVDA,-0.021556,8.18e-4,0.041138,0.716766,1.839601,-0.086675,0.094354,54.418367
2026-06-11,NVDA,0.005207,7.94e-4,0.026468,0.696082,1.828106,-0.072063,0.136588,56.459184
2026-06-12,NVDA,-0.003846,7.82e-4,0.017695,0.684917,1.824112,-0.091396,0.138363,55.642857
2026-06-16,NVDA,-0.017762,7.61e-4,-0.007772,0.664831,1.840742,-0.067066,0.149723,55.234694
2026-06-17,NVDA,-8.19e-4,7.19e-4,-0.006047,0.628743,1.832915,-0.07948,0.146113,52.989796
2026-06-18,NVDA,0.021713,8.64e-4,0.023349,0.752166,1.848544,-0.044966,0.219977,79.729592
2026-06-22,NVDA,-0.006536,8.34e-4,0.019123,0.727613,1.849592,-0.031022,0.190925,55.642857
2026-06-23,NVDA,-0.026743,6.68e-4,-0.003039,0.580605,1.860433,-0.071007,0.119543,50.744898
2026-06-24,NVDA,-0.004735,4.78e-4,-0.050239,0.419822,1.861406,-0.073816,0.162112,51.969388
2026-06-25,NVDA,-0.017828,4.19e-4,-0.060123,0.367762,1.86506,-0.088988,0.168458,47.19898
2026-06-26,NVDA,-0.009168,3.47e-4,-0.064429,0.303426,1.865956,-0.094403,0.149296,43.933673
2026-06-30,NVDA,0.018474,5.21e-4,-0.038347,0.458897,1.851416,-0.108174,0.138492,49.928571
2026-05-29,ORCL,0.105903,9.66e-4,0.063592,0.398447,1.707973,0.37813600000000003,0.55282,73.744898
2026-06-01,ORCL,0.096356,0.001348,0.155569,0.550176,1.719515,0.44416,0.665324,76.397959
2026-06-02,ORCL,-0.015744,0.001246,0.133584,0.508437,1.717374,0.356592,0.605172,74.561224
2026-06-03,ORCL,-0.051246,0.001064,0.086335,0.432835,1.743537,0.277553,0.488016,75.52551
2026-06-05,ORCL,-0.070069,6.9e-4,-0.010987,0.278255,1.852168,0.101273,0.396966,74.852041
2026-06-08,ORCL,-0.010969,6.43e-4,-0.023676,0.259922,1.850935,0.08099,0.417805,74.239796
2026-06-10,ORCL,-0.006342,5.45e-4,-0.030109,0.219919,1.851276,0.038279,0.264514,62.27551
2026-06-11,ORCL,-0.10226,-3.81e-4,-0.242833,-0.155021,1.700102,-0.014612,0.1869,46.561224
2026-06-12,ORCL,-0.005245,-6.42e-4,-0.33509100000000003,-0.263759,1.795943,-0.029669,0.187093,45.94898
2026-06-16,ORCL,-0.016412,-5.7e-4,-0.338073,-0.23414,1.81997,0.009217,0.23172,57.581633
2026-06-17,ORCL,-0.012999,-6.74e-4,-0.354658,-0.277026,1.8222,-0.016505,0.180105,43.091837
2026-06-18,ORCL,-0.00366,-6.01e-4,-0.338303,-0.246672,1.816177,0.015596,0.231227,45.540816
2026-06-22,ORCL,-0.046883,-7.86e-4,-0.384179,-0.322397,1.827561,-0.088557,0.190224,38.117347
2026-06-23,ORCL,-0.042084,-0.001069,-0.437062,-0.438063,1.841915,-0.14015,0.131078,35.872449
2026-06-24,ORCL,-0.045734,-0.001165,-0.461065,-0.476461,1.845158,-0.184036,0.103074,33.219388
2026-06-25,ORCL,-0.03363,-0.001308,-0.49164,-0.534229,1.844899,-0.210297,0.091651,30.362245
2026-06-26,ORCL,-0.018546,-0.001461,-0.516467,-0.59618,1.846902,-0.222193,0.063511,25.464286
2026-06-30,ORCL,-0.015976,-0.001613,-0.566702,-0.659035,1.804407,-0.40943,0.009089,22.403061
2026-05-29,PEP,-0.016846,-5.27e-4,0.142185,-0.524381,-0.0821,-0.071479,-0.150524,17.096939
2026-06-01,PEP,-0.02124,-6.1e-4,0.123767,-0.606024,-0.084411,-0.100947,-0.141835,20.158163
2026-06-02,PEP,0.002034,-6.07e-4,0.120169,-0.603801,-0.086757,-0.081441,-0.133724,21.994898
2026-06-03,PEP,0.01082,-5.62e-4,0.124662,-0.557961,-0.088429,-0.077948,-0.113006,22.811224
2026-06-05,PEP,0.024191,-4.13e-4,0.129707,-0.408521,-0.078144,-0.090023,-0.109829,21.382653
2026-06-08,PEP,-0.011002,-4.56e-4,0.12075,-0.450901,-0.079014,-0.090157,-0.125016,20.566327
2026-06-10,PEP,0.026551,-2.66e-4,0.149565,-0.261225,-0.101173,-0.034067,-0.091527,25.94898
2026-06-11,PEP,-0.021085,-4.08e-4,0.129613,-0.400528,-0.108156,-0.053474,-0.101013,28.112245
2026-06-12,PEP,-0.001651,-3.96e-4,0.144058,-0.388163,-0.120036,-0.033496,-0.097636,28.72449
2026-06-16,PEP,0.005073,-3.6e-4,0.173532,-0.353052,-0.113311,-0.019724,-0.048326,30.765306
2026-06-17,PEP,-0.018514,-4.27e-4,0.136117,-0.418621,-0.084528,-0.050114,-0.073,25.178571
2026-06-18,PEP,-0.004764,-4.3e-4,0.139681,-0.421077,-0.083766,-0.05553,-0.053452,26.403061
2026-06-22,PEP,-0.006077,-4.53e-4,0.12896,-0.443955,-0.081106,-0.065484,-0.065609,26.403061
2026-06-23,PEP,0.024045,-3.73e-4,0.124785,-0.364314,-0.099288,-0.056585,-0.063797,29.744898
2026-06-24,PEP,0.002012,-2.71e-4,0.149634,-0.265138,-0.099716,-0.023407,-0.056753,29.744898
2026-06-25,PEP,-0.020775,-3.29e-4,0.128258,-0.321067,-0.101405,-0.042284,-0.088343,25.586735
2026-06-26,PEP,0.020634,-3.27e-4,0.11314,-0.318426,-0.115821,-0.042981,-0.076124,29.336735
2026-06-30,PEP,-0.031438,-6.93e-4,0.053078,-0.668228,-0.142224,-0.043245,-0.124475,20.158163
2026-05-29,PG,-0.018597,-0.00157,-0.16394,-1.879708,0.088448,-0.019801,-0.141388,27.091837
2026-06-01,PG,-0.025571,-0.001666,-0.185854,-1.985666,0.085698,-0.047399,-0.121713,29.540816
2026-06-02,PG,0.002492,-0.001611,-0.17649,-1.921798,0.087603,-0.018129,-0.110423,27.989796
2026-06-03,PG,0.002543,-0.00158,-0.175307,-1.885098,0.088995,-0.022521,-0.089616,27.377551
2026-06-05,PG,0.066724,-0.001209,-0.087404,-1.372927,-0.002061,-0.009195,-0.04615,54.112245
2026-06-08,PG,-0.012091,-0.001253,-0.096756,-1.423476,-0.00297,-0.009015,-0.069931,51.05102
2026-06-10,PG,0.018322,-0.001047,-0.064461,-1.175351,-0.01416,0.03969,-0.009635,57.581633
2026-06-11,PG,-0.02176,-0.001145,-0.074469,-1.279547,-0.020172,0.030783,-0.015334,55.540816
2026-06-12,PG,0.003153,-0.001087,-0.048703,-1.212993,-0.034216,0.051814,-0.006903,61.994898
2026-06-16,PG,0.019454,-0.001028,-0.011736,-1.14379,-0.042483,0.070932,0.039397,64.035714
2026-06-17,PG,-1.69e-4,-0.001017,-0.024378,-1.131211,-0.031206,0.057378,0.039492,64.239796
2026-06-18,PG,-0.008996,-0.001115,-0.043602,-1.239162,-0.036348,0.06426,0.042279,66.076531
2026-06-22,PG,-0.014808,-0.001169,-0.062707,-1.300269,-0.031607,0.022431,0.031573,57.989796
2026-06-23,PG,0.036055,-9.64e-4,-0.033868,-1.060054,-0.05046,0.044448,0.048221,66.892857
2026-06-24,PG,0.008285,-8.94e-4,-0.017146,-0.982901,-0.05123,0.063514,0.067547,66.892857
2026-06-25,PG,-0.024729,-9.53e-4,-0.038739,-1.042957,-0.051494,0.038752,0.040572,55.744898
2026-06-26,PG,0.010733,-8.93e-4,-0.040108,-0.973777,-0.054667,0.010374,0.044216,59.954082
2026-06-30,PG,-0.019979,-0.001099,-0.065345,-1.195196,-0.061765,0.045338,0.017697,44.520408
2026-05-29,PM,-0.009155,-9.76e-4,0.011762,-0.814848,-0.014375,0.09016,-0.050581,60.260204
2026-06-01,PM,-0.029333,-0.00109,-0.014234,-0.907326,-0.017638,0.037745,-0.029618,63.52551
2026-06-02,PM,0.004434,-0.001041,-0.006578,-0.866705,-0.016836,0.02642,-0.030049,64.341837
2026-06-03,PM,0.020146,-9.24e-4,0.018018,-0.767636,-0.025116,0.039896,0.036771,70.056122
2026-06-05,PM,0.044668,-7.59e-4,0.037796,-0.623216,-0.055927,0.045505,0.048888,76.668367
2026-06-08,PM,-0.014772,-8.15e-4,0.025427,-0.669889,-0.057129,0.029651,0.018453,66.586735
2026-06-10,PM,0.040753,-6.35e-4,0.051994,-0.519216,-0.078556,0.004613,0.063663,76.872449
2026-06-11,PM,-0.028913,-7.51e-4,0.039604,-0.611183,-0.090966,-0.032953,0.034982,72.994898
2026-06-12,PM,0.014119,-6.86e-4,0.062665,-0.557923,-0.081975,-0.019211,0.055193,72.586735
2026-06-16,PM,0.018337,-7.73e-4,0.066494,-0.625504,-0.100892,-0.038851,0.107861,79.239796
2026-06-17,PM,-0.012613,-8.05e-4,0.03945,-0.651402,-0.077947,-0.062976,0.098366,75.035714
2026-06-18,PM,-0.013597,-8.96e-4,0.022625,-0.723109,-0.084776,-0.068748,0.09374,68.015306
2026-06-22,PM,-0.026169,-9.97e-4,-0.009053,-0.803664,-0.076915,-0.083708,0.056752,45.846939
2026-06-23,PM,0.046398,-7.57e-4,0.029496,-0.603968,-0.106508,-0.0545,0.079698,73.607143
2026-06-24,PM,9.67e-4,-6.45e-4,0.056694,-0.516351,-0.106925,-0.015149,0.100252,74.627551
2026-06-25,PM,-6.07e-4,-6.4e-4,0.051471,-0.512145,-0.109891,-0.014323,0.094105,74.015306
2026-06-26,PM,0.017515,-5.66e-4,0.053229,-0.451034,-0.117049,-0.006976,0.105357,72.790816
2026-06-30,PM,-0.018505,-5.57e-4,0.080873,-0.445691,-0.109984,0.047782,0.149876,77.484694
2026-05-29,QCOM,0.029281,0.001544,0.200607,0.954542,1.741599,0.609103,0.763276,89.913265
2026-06-01,QCOM,-0.090485,0.001176,0.109485,0.7103,1.730164,0.293656,0.657786,88.30102
2026-06-02,QCOM,0.050391,0.001337,0.15349,0.802352,1.729587,0.430336,0.726328,88.913265
2026-06-03,QCOM,0.045092,0.001513,0.209813,0.903246,1.701291,0.484796,0.82489,85.913265
2026-06-05,QCOM,-0.083973,9.01e-4,0.049445,0.526697,1.819252,0.121358,0.591422,87.280612
2026-06-08,QCOM,0.00621,9.23e-4,0.05355,0.540151,1.81965,-0.006025,0.610725,86.872449
2026-06-10,QCOM,-0.053458,4e-4,-0.071223,0.230931,1.875365,-0.195049,0.457873,76.382653
2026-06-11,QCOM,0.044509,6.14e-4,-0.036162,0.352348,1.909931,-0.034948,0.563395,78.831633
2026-06-12,QCOM,0.037753,8.06e-4,0.002934,0.460411,1.919501,-0.006802,0.630873,86.464286
2026-06-16,QCOM,-0.024562,8.33e-4,-0.012797,0.47532,1.938875,0.051218,0.64076,87.280612
2026-06-17,QCOM,0.007349,8.83e-4,0.015388,0.504002,1.92181,0.045816,0.622258,87.688776
2026-06-18,QCOM,0.053898,0.001134,0.069369,0.641174,1.945042,0.155922,0.74064700000000006,88.913265
2026-06-22,QCOM,-0.015472,0.001068,0.055732,0.604408,1.948426,-0.068273,0.724567,88.913265
2026-06-23,QCOM,-0.065559,7.82e-4,-0.002657,0.438062,2.003517,-0.142887,0.566015,80.872449
2026-06-24,QCOM,-0.032457,6.4899999999999e-4,-0.035713,0.362468,2.006119,-0.206615,0.512257,77.607143
2026-06-25,QCOM,0.036496,7.68e-4,4.25e-4,0.427761,2.00818,-0.176513,0.61199,79.852041
2026-06-26,QCOM,-0.068464,5.09e-4,-0.054651,0.279288,2.043256,-0.18856,0.489969,58.704082
2026-06-30,QCOM,-0.028611,3.07e-4,-0.1199,0.168558,1.990016,-0.193022,0.451838,57.071429
2026-05-29,RTX,0.00142,1.77e-4,0.175766,0.188238,0.483793,0.039759,-0.113316,39.418367
2026-06-01,RTX,-0.031945,4.9e-5,0.145258,0.051227,0.479964,0.002414,-0.155481,29.540816
2026-06-02,RTX,-0.002218,6.1e-5,0.145957,0.064729,0.480932,0.007866,-0.165501,28.72449
2026-06-03,RTX,-0.002796,1.8e-5,0.130503,0.019537,0.48558,-0.002024,-0.153586,25.790816
2026-06-05,RTX,0.034616,2.57e-4,0.181854,0.266288,0.460534,0.024047,-0.137157,36.357143
2026-06-08,RTX,-0.015138,1.96e-4,0.167405,0.202557,0.45913,0.014595,-0.136908,35.336735
2026-06-10,RTX,-0.007092,2.3e-4,0.159077,0.239822,0.48586,-0.006719,-0.126231,29.336735
2026-06-11,RTX,0.021332,3.55e-4,0.190251,0.368647,0.519159,0.029739,-0.099306,58.015306
2026-06-12,RTX,-0.0091,1.58e-4,0.138056,0.166109,0.548299,0.030431,-0.102631,56.994898
2026-06-16,RTX,0.023006,9.1e-5,0.132203,0.096329,0.53991,0.061495,-0.086967,53.219388
2026-06-17,RTX,0.043596,3.36e-4,0.195606,0.34869,0.506045,0.094516,-0.040602,55.52551
2026-06-18,RTX,-0.044045,1.8e-4,0.160485,0.184097,0.497162,0.063671,-0.063383,53.831633
2026-06-22,RTX,-0.017166,1.11e-4,0.13979,0.113056,0.502297,0.02723,-0.062732,46.357143
2026-06-23,RTX,0.0396,4.22e-4,0.207282,0.431074,0.492802,0.052991,-0.044154,54.239796
2026-06-24,RTX,-0.006672,4.11e-4,0.203826,0.419523,0.493365,0.034028,-0.040394,53.015306
2026-06-25,RTX,0.006822,4.33e-4,0.20647,0.441942,0.491614,0.042577,-0.016446,56.280612
2026-06-26,RTX,0.014735,4.39e-4,0.201448,0.447045,0.4817,0.064556,-0.009066,55.668367
2026-06-30,RTX,0.005025,4.26e-4,0.212609,0.43392,0.472186,0.087839,-0.025627,57.709184
2026-05-29,SPGI,0.01264,-0.001628,-0.281512,-1.506336,0.493443,-0.021215,-0.040463,40.438776
2026-06-01,SPGI,0.008032,-0.001589,-0.27123,-1.472607,0.494734,0.005868,-0.034753,48.193878
2026-06-02,SPGI,-0.027259,-0.001665,-0.292835,-1.536757,0.495513,-0.017163,-0.062941,31.377551
2026-06-03,SPGI,-0.005367,-0.001701,-0.306355,-1.569513,0.500338,-0.029335,-0.086054,27.295918
2026-06-05,SPGI,0.036092,-0.001485,-0.257038,-1.353231,0.460195,0.002054,-0.061721,33.5
2026-06-08,SPGI,-0.019581,-0.001557,-0.274153,-1.418996,0.458533,-0.007212,-0.042141,31.581633
2026-06-10,SPGI,0.019438,-0.001374,-0.23652,-1.24496,0.441712,0.012779,0.015916,52.071429
2026-06-11,SPGI,-0.04758,-0.001485,-0.249616,-1.330281,0.405357,-0.025532,-0.021657,31.581633
2026-06-12,SPGI,0.008067,-0.001459,-0.237944,-1.303392,0.404165,0.030402,-0.008474,32.602041
2026-06-16,SPGI,0.027609,-0.001367,-0.201543,-1.2171,0.397402,0.037948,0.015493,49.418367
2026-06-17,SPGI,-0.022665,-0.001471,-0.241012,-1.305898,0.423371,0.001461,-0.019055,30.561224
2026-06-18,SPGI,-0.024785,-0.001653,-0.280787,-1.462099,0.406972,0.001267,-0.031831,22.683673
2026-06-22,SPGI,-0.005443,-0.001668,-0.287401,-1.478348,0.408613,-0.024449,-0.009266,28.806122
2026-06-23,SPGI,-0.003225,-0.001702,-0.311592,-1.508848,0.410615,-0.041762,-0.020368,21.790816
2026-06-24,SPGI,0.005936,-0.001663,-0.302296,-1.473928,0.410022,-0.024559,-0.024488,22.887755
2026-06-25,SPGI,-0.019365,-0.001661,-0.30669,-1.472365,0.415715,-0.042038,-0.027324,19.137755
2026-06-26,SPGI,0.040182,-0.001563,-0.287042,-1.369369,0.390598,-0.018374,0.004726,23.908163
2026-06-30,SPGI,-0.010969,-0.001679,-0.300432,-1.472008,0.384367,-0.049701,-0.042124,23.704082
2026-05-29,TMO,0.008366,5.1e-5,0.024417,0.044887,0.954784,0.056299,-0.054883,45.744898
2026-06-01,TMO,3.83e-4,5.3e-5,0.024817,0.046142,0.954834,0.052919,-0.027672,50.846939
2026-06-02,TMO,-0.025567,-6.2e-5,-0.003763,-0.053909,0.953095,0.04211,-0.059705,47.581633
2026-06-03,TMO,-0.009847,-1.4e-4,-0.025309,-0.121822,0.959753,0.024535,-0.08652,33.091837
2026-06-05,TMO,0.006661,-8.4e-5,-0.0101,-0.073053,0.94923,-3.17e-4,-0.058111,33.5
2026-06-08,TMO,-0.008969,-1.19e-4,-0.0188,-0.104204,0.948385,0.009957,-0.06089,28.112245
2026-06-10,TMO,-0.008583,1.3e-5,0.014438,0.010975,0.94297,0.065046,0.012923,51.05102
2026-06-11,TMO,-0.030232,-9.4e-5,-0.005276,-0.08019,0.912254,0.035619,0.024313,41.663265
2026-06-12,TMO,-0.018695,-7.8e-5,0.0039,-0.066188,0.892164,0.052261,0.010703,33.622449
2026-06-16,TMO,0.003661,1.6e-5,0.035986,0.013884,0.865536,0.069299,0.017087,33.622449
2026-06-17,TMO,-0.010659,-5.1e-5,0.014933,-0.043355,0.87685,0.044548,-0.01812,26.357143
2026-06-18,TMO,-0.001476,-1.16e-4,-0.003115,-0.099606,0.885655,0.037516,-0.020616,26.765306
2026-06-22,TMO,0.001856,-1.08e-4,-0.001505,-0.093034,0.885255,0.03509,-0.053601,24.112245
2026-06-23,TMO,0.02603,-2e-6,0.027348,-0.001404,0.860578,0.047002,-0.043646,25.132653
2026-06-24,TMO,0.049148,1.35e-4,0.0624,0.114046,0.856818,0.09822,0.006853,49.010204
2026-06-25,TMO,0.026084,2.56e-4,0.091529,0.21568,0.859535,0.128453,0.068426,55.744898
2026-06-26,TMO,0.021626,4.49e-4,0.138277,0.376408,0.855995,0.124548,0.083805,51.72449
2026-06-30,TMO,-0.017779,9.9e-5,0.060124,0.083402,0.823514,0.014817,0.013791,49.826531
2026-05-29,TSLA,-0.016764,3.86e-4,-0.172482,0.23522,2.061364,0.168965,0.082681,70.158163
2026-06-01,TSLA,-0.04841,1.91e-4,-0.221916,0.115604,2.055161,0.064122,0.059756,60.852041
2026-06-02,TSLA,0.017542,2.65e-4,-0.199152,0.160694,2.057707,0.079565,0.043849,61.872449
2026-06-03,TSLA,0.006923,4.34e-4,-0.146613,0.263862,2.046029,0.079463,0.044754,62.280612
2026-06-05,TSLA,-0.03979,4.79e-4,-0.096776,0.309316,2.00225,-0.019387,-0.014443,30.846939
2026-06-08,TSLA,0.043644,6.51e-4,-0.055557,0.419155,2.006253,-0.04529,0.024321,46.969388
2026-06-10,TSLA,-0.022275,2.34e-4,-0.138794,0.151276,2.005827,-0.142494,-0.033974,21.382653
2026-06-11,TSLA,0.029021,4.56e-4,-0.100242,0.294456,2.025412,-0.079133,0.020322,41.663265
2026-06-12,TSLA,0.012831,3.77e-4,-0.137129,0.24385,2.066264,-0.087228,0.038931,42.683673
2026-06-16,TSLA,-0.009823,4.33e-4,-0.134643,0.28153,2.027861,-0.013,0.030246,40.642857
2026-06-17,TSLA,-0.007974,3.29e-4,-0.14744,0.213789,2.024427,-0.033196,0.042282,32.479592
2026-06-18,TSLA,0.002568,2.7e-5,-0.219877,0.017818,1.989929,-0.008958,0.088406,35.94898
2026-06-22,TSLA,0.014533,8.5e-5,-0.200105,0.056215,1.985022,-0.049201,0.057489,44.112245
2026-06-23,TSLA,-0.043347,5e-5,-0.195075,0.032978,2.042947,-0.104223,-0.011245,29.622449
2026-06-24,TSLA,-0.015469,1.42e-4,-0.170893,0.094189,2.043539,-0.133905,0.009191,24.852041
2026-06-25,TSLA,-0.002537,1.85e-4,-0.155209,0.122599,2.052932,-0.134851,0.03673,25.260204
2026-06-26,TSLA,0.019467,4.04e-4,-0.082392,0.267356,2.050494,-0.137728,0.049415,29.010204
2026-06-30,TSLA,0.013484,9.41e-4,0.017668,0.620408,2.100534,0.011349,0.103184,63.831633
2026-05-29,TXN,-0.034997,0.001322,0.337403,0.894152,0.983667,0.135428,0.441139,88.505102
2026-06-01,TXN,-0.04355,0.001143,0.293606,0.768729,0.978171,0.043342,0.446687,87.892857
2026-06-02,TXN,0.049529,0.00128,0.328904,0.854249,0.9746,0.096942,0.522407,88.505102
2026-06-03,TXN,0.008543,0.001257,0.323628,0.839212,0.971717,0.098615,0.558693,89.117347
2026-06-05,TXN,-0.0407,8.89e-4,0.213603,0.590751,1.048278,-0.015133,0.475237,83.117347
2026-06-08,TXN,0.018223,9.59e-4,0.230645,0.637424,1.049933,0.010771,0.47321,83.117347
2026-06-10,TXN,-0.00717,9.11e-4,0.219002,0.60617,1.054016,-0.052895,0.483873,83.729592
2026-06-11,TXN,0.036512,0.001074,0.251222,0.711211,1.09231,0.006539,0.557291,89.117347
2026-06-12,TXN,0.008123,0.001111,0.262817,0.734919,1.078566,-0.01704,0.578362,89.117347
2026-06-16,TXN,-0.018389,0.001121,0.256387,0.741028,1.110179,0.016999,0.602422,89.117347
2026-06-17,TXN,-4e-5,0.001107,0.254224,0.731707,1.110071,0.004258,0.603272,89.117347
2026-06-18,TXN,0.061697,0.001316,0.300421,0.85739,1.136388,0.067977,0.724772,89.117347
2026-06-22,TXN,0.032324,0.00144,0.334115,0.937041,1.128026,0.07461,0.707239,90.117347
2026-06-23,TXN,-0.069504,0.001118,0.243778,0.715992,1.191253,-0.015685,0.54678,93.117347
2026-06-24,TXN,-0.003643,0.001115,0.242912,0.713428,1.191566,-0.067038,0.567189,89.729592
2026-06-25,TXN,0.027257,0.001237,0.274209,0.789956,1.195381,-0.04026,0.63826,89.321429
2026-06-26,TXN,-0.077371,9.45e-4,0.196491,0.590512,1.237174,-0.100866,0.499658,65.438776
2026-06-30,TXN,0.036314,9.65e-4,0.196938,0.60193,1.232147,0.01661,0.518441,83.321429
2026-05-29,UNH,-0.008295,2.1e-4,0.138934,0.133403,0.661146,0.025813,0.296791,83.607143
2026-06-01,UNH,-0.003906,1.93e-4,0.135481,0.123168,0.660713,0.030045,0.31344,80.75
2026-06-02,UNH,-0.006465,2.36e-4,0.143505,0.15064,0.665883,0.019339,0.294424,80.545918
2026-06-03,UNH,0.004583,2.65e-4,0.148694,0.168762,0.664648,0.016858,0.305537,81.362245
2026-06-05,UNH,0.033376,5.78e-4,0.229427,0.364614,0.61403,0.087644,0.394408,82.852041
2026-06-08,UNH,0.015509,6.38e-4,0.244699,0.402802,0.615514,0.069977,0.440001,78.214286
2026-06-10,UNH,0.002351,6.37e-4,0.234534,0.402301,0.623032,0.059879,0.470709,88.076531
2026-06-11,UNH,-0.021684,4.63e-4,0.200471,0.29285,0.601048,0.023108,0.437662,86.647959
2026-06-12,UNH,0.001915,6.04e-4,0.237419,0.382037,0.608881,0.018347,0.44819,87.056122
2026-06-16,UNH,-0.002286,4.97e-4,0.217623,0.31479,0.610476,0.042237,0.433721,84.280612
2026-06-17,UNH,-0.007431,4.88e-4,0.208094,0.309248,0.621561,0.021476,0.424654,86.872449
2026-06-18,UNH,-0.004221,5.77e-4,0.232115,0.36528,0.621435,0.03011,0.454915,86.872449
2026-06-22,UNH,0.017413,6.44e-4,0.248449,0.408356,0.617382,0.046876,0.493609,86.872449
2026-06-23,UNH,0.020841,7.06e-4,0.258151,0.44699,0.597394,0.053492,0.512659,87.688776
2026-06-24,UNH,-0.007967,7.24e-4,0.262034,0.458199,0.597946,0.076792,0.513897,88.30102
2026-06-25,UNH,0.022532,8.37e-4,0.287526,0.529312,0.600652,0.102611,0.604239,84.688776
2026-06-26,UNH,0.036977,9.05e-4,0.302107,0.569086,0.577437,0.114268,0.651958,83.642857
2026-06-30,UNH,-0.017767,5.06e-4,0.218404,0.31921,0.54397,0.094166,0.517008,88.30102
2026-05-29,UPS,-0.002304,-4.64e-4,-0.07783,-0.41771,0.846388,7.5e-4,-0.079941,65.362245
2026-06-01,UPS,0.019116,-3.85e-4,-0.058451,-0.347005,0.84882,0.01348,-0.037181,65.627551
2026-06-02,UPS,-0.002183,-4.01e-4,-0.062772,-0.360967,0.847832,0.131035,-0.014208,72.158163
2026-06-03,UPS,0.00463,-4.03e-4,-0.063822,-0.362527,0.846121,0.128336,0.044201,79.647959
2026-06-05,UPS,0.010567,-3.26e-4,-0.044738,-0.293287,0.827117,0.086595,0.060375,79.239796
2026-06-08,UPS,-0.010003,-3.65e-4,-0.054051,-0.328538,0.826213,0.068664,0.067182,76.382653
2026-06-10,UPS,-0.026971,-5.2e-4,-0.100809,-0.467936,0.846599,0.0326,0.054858,66.096939
2026-06-11,UPS,0.035201,-3.54e-4,-0.065735,-0.315795,0.888654,0.103718,0.117683,78.015306
2026-06-12,UPS,-0.01047,-4.11e-4,-0.078499,-0.366046,0.885023,0.098019,0.112026,76.178571
2026-06-16,UPS,0.016896,-3.63e-4,-0.059288,-0.323406,0.864181,0.15168,0.136101,76.382653
2026-06-17,UPS,-0.031959,-4.73e-4,-0.095196,-0.418765,0.893113,0.100492,0.088753,61.688776
2026-06-18,UPS,-0.010369,-5.46e-4,-0.1124,-0.482478,0.88956,0.082929,0.093887,64.545918
2026-06-22,UPS,0.025844,-4.41e-4,-0.084704,-0.388371,0.882688,0.061572,0.089395,72.178571
2026-06-23,UPS,0.001374,-4e-4,-0.078374,-0.352468,0.887499,0.047614,0.075836,69.52551
2026-06-24,UPS,0.003393,-3.34e-4,-0.061888,-0.294999,0.88701700000000006,0.040894,0.088615,71.158163
2026-06-25,UPS,0.028421,-2.39e-4,-0.038302,-0.209742,0.885687,0.071982,0.153059,75.239796
2026-06-26,UPS,-0.003472,-2.28e-4,-0.038104,-0.200062,0.889122,0.03513,0.140717,72.178571
2026-06-30,UPS,-0.012509,-4.89e-4,-0.097552,-0.431831,0.87078,-0.013942,0.097947,69.933673
2026-05-29,V,0.001848,-0.001365,-0.243794,-1.608243,0.605631,-0.025384,0.019429,56.846939
2026-06-01,V,-0.013723,-0.001414,-0.255203,-1.667024,0.604199,-0.016035,0.006047,51.05102
2026-06-02,V,-0.018243,-0.001471,-0.27104,-1.727867,0.60409,-0.029157,-0.009829,47.989796
2026-06-03,V,-0.008488,-0.001529,-0.290034,-1.796692,0.610542,-0.04421,-0.023139,29.954082
2026-06-05,V,0.036397,-0.001264,-0.223746,-1.453595,0.562548,0.014962,0.019568,53.785714
2026-06-08,V,-0.014317,-0.001317,-0.236024,-1.513953,0.561355,0.00276,0.016665,46.561224
2026-06-10,V,0.009336,-0.001261,-0.229768,-1.444327,0.552201,-0.002779,0.053703,53.785714
2026-06-11,V,-0.029104,-0.001341,-0.239716,-1.524696,0.531481,-0.022578,0.038777,46.153061
2026-06-12,V,0.00506,-0.001162,-0.183444,-1.337649,0.49731,0.006494,0.049652,52.153061
2026-06-16,V,0.034681,-0.001132,-0.163391,-1.290137,0.485822,0.001443,0.114039,65.464286
2026-06-17,V,0.004263,-9.21e-4,-0.116018,-1.07423,0.483866,-0.006794,0.102332,65.668367
2026-06-18,V,-0.017305,-0.001016,-0.134755,-1.179627,0.470665,-0.008093,0.084941,56.969388
2026-06-22,V,0.001191,-0.001007,-0.13469,-1.171668,0.470649,-0.006933,0.075191,57.377551
2026-06-23,V,0.020278,-9.73e-4,-0.134838,-1.129073,0.445403,-0.001216,0.077302,57.989796
2026-06-24,V,0.01188,-8.51e-4,-0.104363,-0.9889,0.444154,0.017612,0.087389,64.035714
2026-06-25,V,-0.006593,-8.55e-4,-0.108971,-0.993431,0.444296,0.012374,0.118435,66.484694
2026-06-26,V,0.024507,-8.25e-4,-0.107579,-0.952344,0.427456,0.026312,0.137757,64.647959
2026-06-30,V,-0.003572,-8.43e-4,-0.100477,-0.975559,0.437688,0.062955,0.149342,65.117347
2026-05-29,WMT,-0.028984,-3.02e-4,0.165349,-0.291202,0.049879,-0.095774,-0.09535,31.280612
2026-06-01,WMT,-0.012658,-3.51e-4,0.154872,-0.339187,0.048564,-0.129179,-0.104058,25.260204
2026-06-02,WMT,-0.014796,-3.96e-4,0.139613,-0.38188,0.047789,-0.13251,-0.115406,24.239796
2026-06-03,WMT,0.040893,-2.08e-4,0.18529,-0.198461,0.027946,-0.103123,-0.052064,36.382653
2026-06-05,WMT,0.035492,5e-5,0.227374,0.047142,0.009738,-0.086101,-0.039742,38.908163
2026-06-08,WMT,0.005727,7.3e-5,0.23435,0.068703,0.010416,-0.08127,-0.042279,40.540816
2026-06-10,WMT,0.03015,2.52e-4,0.261369,0.237473,-0.005844,-0.054863,-0.03782,39.846939
2026-06-11,WMT,-0.017743,2.38e-4,0.270791,0.223572,-0.005328,-0.075566,-0.047581,39.846939
2026-06-12,WMT,-9.27e-4,2.51e-4,0.282587,0.236021,-0.007007,-0.079334,-0.043313,40.255102
2026-06-16,WMT,0.0077,1.71e-4,0.282986,0.160288,-0.011383,-0.09232,-0.007788,41.071429
2026-06-17,WMT,-0.011473,8.9e-5,0.244629,0.083131,0.011204,-0.114069,-0.024445,40.05102
2026-06-18,WMT,-0.015843,-7.3e-5,0.210376,-0.068305,0.001039,-0.126826,-0.01546,38.75
2026-06-22,WMT,0.003147,-6e-5,0.209488,-0.056344,0.00126,-0.025692,-0.039902,38.341837
2026-06-23,WMT,0.033638,1.13e-4,0.231143,0.105733,-0.017285,-0.007067,-0.029579,42.908163
2026-06-24,WMT,-0.003053,1.34e-4,0.235145,0.124642,-0.017049,0.003627,-0.026027,41.071429
2026-06-25,WMT,-0.028504,1.02e-4,0.219655,0.094799,-0.012056,-0.02353,-0.057857,29.872449
2026-06-26,WMT,0.006454,9.4e-5,0.201706,0.087332,-0.015734,-0.024043,-0.058589,24.647959
2026-06-30,WMT,-0.01948,-1.08e-4,0.178299,-0.099689,-0.030965,-0.011693,-0.092031,23.015306
2026-05-29,XOM,-0.014059,4.9e-4,0.473018,0.424721,-0.376174,-0.060839,-0.047475,44.954082
2026-06-01,XOM,0.02564,5.9e-4,0.499886,0.511104,-0.372802,-0.022062,-0.016136,52.785714
2026-06-02,XOM,-1.53e-4,5.83e-4,0.492765,0.505117,-0.375318,-0.026872,-0.001735,54.010204
2026-06-03,XOM,0.026875,7.47e-4,0.527288,0.645564,-0.385508,-0.007548,0.011741,59.397959
2026-06-05,XOM,0.011866,6.91e-4,0.468778,0.59542,-0.358761,0.008272,-0.008531,51.561224
2026-06-08,XOM,0.009942,7.28e-4,0.479793,0.628267,-0.357691,0.049664,0.024438,55.234694
2026-06-10,XOM,0.027249,6.21e-4,0.423886,0.53538,-0.359707,0.00628,-0.018954,47.683673
2026-06-11,XOM,-0.043686,4.47e-4,0.402991,0.380839,-0.384306,-0.026754,-0.060979,43.193878
2026-06-12,XOM,-0.002612,3.31e-4,0.382549,0.283443,-0.373514,-0.030085,-0.058353,43.193878
2026-06-16,XOM,0.012632000000000001,5.6e-5,0.348504,0.047082,-0.409456,-0.116082,-0.099816,34.137755
2026-06-17,XOM,0.004593,1.02e-4,0.339917,0.085987,-0.397455,-0.123061,-0.110142,35.566327
2026-06-18,XOM,-0.028619,5.6e-5,0.332043,0.047339,-0.38838,-0.152199,-0.136907,34.75
2026-06-22,XOM,0.007936,8.8e-5,0.334445,0.074073,-0.388976,-0.106184,-0.162716,33.933673
2026-06-23,XOM,0.023621,3.48e-4,0.361037,0.296285,-0.372777,-0.098051,-0.144126,34.75
2026-06-24,XOM,-0.01979,2.7e-4,0.339609,0.229316,-0.371015,-0.086176,-0.17246,33.729592
2026-06-25,XOM,0.003302,2.55e-4,0.328365,0.216375,-0.378443,-0.081837,-0.195567,32.096939
2026-06-26,XOM,-1.11e-4,3.75e-4,0.334059,0.318621,-0.367479,-0.076809,-0.201474,31.688776
2026-06-30,XOM,-0.002936,2.27e-4,0.328731,0.19294,-0.362562,-0.08475,-0.149645,32.913265
