symbol,price,high_52w,low_52w,last_fetched,industry,market_cap,pe_ratio,pe_forward,pb_ratio,eps,eps_forward,roe,roa,profit_margin,operating_margin,revenue,revenue_per_share,ebitda,ev_ebitda,earningsGrowth,revenue_growth,beta_av,analyst_target,analyst_strong_buy,analyst_buy,analyst_hold,analyst_sell,analyst_strong_sell,shares_outstanding,dividend_yield,peg_ratio,ev_revenue,book_value,company,sector,pe_score,pb_score,roe_score,margin_score,analyst_total,analyst_score,analyst_upside,fundamental_score
ZM,89.71,114.74,70.7,2026-09-22,SOFTWARE - APPLICATION,25901640000,8.24,14.6,2.291,10.77,10.77,0.321,0.0611,0.652,0.246,4993050000,16.89,1333759000,14.22,3.423,0.049,1.04,118.24,2,16,11,0,1,263233000,NA,2.433,3.748,33.98,Zoom Video Communications Inc,TECHNOLOGY,90,75,95,90,30,65,0.3180247464050831,86
ACAD,20.68,30.96,19.69,2026-09-20,BIOTECHNOLOGY,4702218000,12.24,27.03,3.599,2.23,2.23,0.357,0.0364,0.334,0.123,1138644000,6.69,98392000,38.82,0.133,0.164,0.857,33.89,4,12,4,1,0,172306000,NA,50.86,3.354,7.59,ACADIA Pharmaceuticals Inc,HEALTHCARE,90,60,95,90,21,72.6,0.6387814313346228,83.76
AFRM,71.52,91.08,42.09,2026-09-20,CREDIT SERVICES,24027767000,12.88,37.31,4.382,5.53,5.53,0.451,0.0193,0.453,0.126,4261082000,12.71,739194000,25.16,21.87,0.33,3.61,99.09,5,19,9,0,0,296882000,NA,8.64,7.38,16.26,Affirm Holdings Inc,FINANCIAL SERVICES,90,60,95,90,33,72,0.38548657718120816,83.7
BAC,56.7,64.9,45.65,2026-09-26,BANKS - DIVERSIFIED,391803699000,12.94,10.75,1.418,4.33,4.33,0.112,0.0097,0.295,0.383,113931002000,15.59,NA,NA,0.341,0.168,1.164,68.62,5,15,4,0,0,6992748000,0.02,0.846,6.85,39.34,Bank of America Corp,FINANCIAL SERVICES,90,90,65,90,24,76,0.2102292768959436,81.1
WAL,77.61,95.75,65.11,2026-09-22,BANKS - REGIONAL,8568782000,8.86,6.83,1.135,8.86,8.86,0.13,0.0109,0.282,0.394,3487100000,32.18,NA,NA,0.14,0.136,1.324,93.07,4,7,4,0,0,109101000,0.0206,1.467,4.22,67.88,Western Alliance Bancorporation,FINANCIAL SERVICES,90,90,65,90,15,75,0.19920113387450064,81
HON,212.55,258.09,193.26,2026-09-16,CONGLOMERATES,64478274000,7.82,21.05,3.443,26.02,26.02,0.466,0.0572,0.216,0.203,38057001000,119.9,8512000000,6.6,2.639,0.043,0.901,263.41,3,12,8,0,1,316940000,0.0467,3.291,2.329,58.49,Honeywell International Inc,INDUSTRIALS,90,60,95,75,24,66.7,0.23928487414725952,80.92
DECK,78.67,122.29,77.37,2026-09-22,FOOTWEAR & ACCESSORIES,10925871000,11.41,10.46,4.64,7.03,7.03,0.426,0.203,0.184,0.152,5527289000,38.73,1326979000,6.87,0.011,0.057,1.15,120.41,5,8,11,2,0,136182000,NA,0.959,1.728,16.83,Deckers Outdoor Corporation,CONSUMER CYCLICAL,90,60,95,75,26,65.4,0.5305707385280284,80.79
FHN,23.46,26.25,19.26,2026-09-19,BANKS - REGIONAL,11342225000,11.57,10.44,1.341,2.07,2.07,0.115,0.0129,0.302,0.413,3501000000,7.18,NA,NA,0.2,0.09,0.611,28.05,3,5,11,0,0,473777000,0.0267,1.756,4.153,17.91,First Horizon Corporation,FINANCIAL SERVICES,90,90,65,90,19,64.5,0.19565217391304346,79.95
INCY,123.89,132.6,81.09,2026-09-20,BIOTECHNOLOGY,25400054000,15.98,14.53,4.003,7.84,7.84,0.307,0.168,0.277,0.419,5819530000,29.36,1942313000,10.11,0.377,0.377,0.77,127.74,2,10,15,1,0,202698000,NA,10.82,3.592,31.57,Incyte Corporation,HEALTHCARE,75,60,95,90,28,61.6,0.031075954475744565,78.91
WBS,77.57,79.4,51.49,2026-08-29,BANKS - REGIONAL,12568934000,12.63,12.3,1.326,6.14,6.14,0.107,0.0122,0.368,0.506,2769366000,17.2,NA,NA,0.028,0.058,1.005,76.18,1,1,11,1,0,162033000,0.0205,1.728,5.87,57.33,Webster Financial Corporation,FINANCIAL SERVICES,90,90,65,90,14,53.6,-0.017919298697950062,78.86
ZION,63.83,72.85,44.82,2026-09-16,BANKS - REGIONAL,9923369000,8.82,10.1,1.326,7.71,7.71,0.164,0.0132,0.318,0.521,3687000000,25.12,NA,NA,0.871,0.352,0.773,75.09,1,6,12,1,2,145953000,0.026,4.392,3.243,52.18,Zions Bancorporation,FINANCIAL SERVICES,90,90,65,90,22,53.4,0.1764060786464046,78.84
CROX,126.14,141.28,73.2,2026-09-22,FOOTWEAR & ACCESSORIES,5930327000,10.98,8.06,4.236,11.27,11.27,0.423,0.12,0.146,0.242,4054866000,79.38,926537000,7.99,-0.042,0.026,1.514,138.25,2,5,7,1,0,47945100,NA,1.393,1.821,28.77,Crocs Inc,CONSUMER CYCLICAL,90,60,95,60,15,63.3,0.09600443951165372,78.33
DUOL,143.51,353,87.89,2026-09-22,SOFTWARE - APPLICATION,6961944000,17.66,18.42,4.709,8.46,8.46,0.344,0.0564,0.359,0.117,1145002000,24.65,179031000,31.3,-0.275,0.183,0.89,134.29,2,4,16,1,1,40237100,NA,NA,4.726,30.17,Duolingo Inc,TECHNOLOGY,75,60,95,90,24,55.2,-0.06424639397951362,78.27
PD,14.38,16.91,5.7,2026-09-25,SOFTWARE - APPLICATION,1166378000,7.13,10.99,5.03,2.08,2.08,0.826,0.0229,0.375,0.0823,494733000,5.88,45853000,18.42,-0.4,0.008,0.965,12.64,0,3,4,1,1,78650000,NA,NA,2.242,2.98,Pagerduty Inc,TECHNOLOGY,90,40,95,90,9,50,-0.12100139082058416,77.5
GOOGL,343.92,408.1,235.23,2026-09-16,INTERNET CONTENT & INFORMATION,4219083162000,17.55,22.73,6.86,19.66,19.66,0.487,0.13,0.548,0.34,445865984000,36.84,173164003000,12.67,2.94,0.242,1.225,428.07,13,45,5,0,0,5867156000,0.0024,1.249,9.29,50.9,Alphabet Inc Class A,COMMUNICATION SERVICES,75,40,95,90,63,78.2,0.244678995115143,76.57
EXP,178.49,245.2,171.56,2026-09-22,BUILDING MATERIALS,5495178000,14.11,13.57,3.648,12.7,12.7,0.27,0.0923,0.173,0.217,2324934000,73.59,704889000,9.48,-0.125,0.026,1.366,220.5,0,1,10,0,0,30675300,0.0057,2.085,3.005,48.27,Eagle Materials Inc,BASIC MATERIALS,90,60,80,75,11,52.3,0.23536332567650842,74.98
CALM,67.43,98.96,70.97,2026-09-22,FARM PRODUCTS,3404400000,10.99,19.8,1.293,6.63,6.63,0.122,0.0693,0.109,-0.11,2911632000,61.1,467694000,5.31,-0.898,-0.499,0.209,81,0,1,3,0,0,46706000,0.0332,2.198,0.852,56.04,Cal-Maine Foods Inc,CONSUMER DEFENSIVE,90,90,65,60,4,56.2,0.20124573631914566,74.62
RJF,159.87,182.73,138.33,2026-09-20,ASSET MANAGEMENT,31691592000,14.36,11.72,2.496,11.47,11.47,0.184,0.0258,0.151,0.193,15239999000,77.55,NA,NA,0.42,0.151,0.917,186,2,3,9,0,0,192362000,0.0129,0.809,2.411,66.1,Raymond James Financial Inc.,FINANCIAL SERVICES,90,75,65,75,14,62.5,0.16344529930568583,74.5
TROW,105.51,120.5,83.17,2026-09-20,ASSET MANAGEMENT,22218979000,10.46,10.14,2.019,9.96,9.96,0.194,0.107,0.293,0.287,7592000000,34.95,2963800000,6.11,0.286,0.107,1.48,109.33,0,0,9,1,3,213316000,0.05,2.474,2.557,51.58,T. Rowe Price Group Inc,FINANCIAL SERVICES,90,75,65,90,13,36.5,0.036205099042744694,74.15
JAZZ,237.95,266.38,125.79,2026-09-19,BIOTECHNOLOGY,15627535000,16.69,11.03,3.295,14.42,14.42,0.221,0.0686,0.204,0.269,4601286000,74.6,1927067000,11.15,0.032,0.155,0.36,290.6,7,11,2,0,0,64915000,NA,0.958,3.919,74.1,Jazz Pharmaceuticals PLC,HEALTHCARE,75,60,80,75,20,81.2,0.2212649716326961,74.12
MLI,60.52,70.92,47.75,2026-09-25,METAL FABRICATION,13343874000,15.59,18.18,3.734,3.87,3.87,0.263,0.165,0.182,0.218,4661137000,21.37,1089398000,9.95,0.018,0.255,1.107,80,0,2,0,0,0,221181000,0.01,3.408,2.544,16.04,Mueller Industries Inc,INDUSTRIALS,75,60,80,75,2,75,0.32187706543291467,73.5
AMZN,249.67,287.2,196,2026-09-26,INTERNET RETAIL,2689890779000,20.05,23.64,4.874,12.44,12.44,0.306,0.0659,0.174,0.137,775680033000,72.33,168911995000,10.98,2.423,0.196,1.443,329.54,3,9,10,0,0,10786314000,NA,1.478,3.595,51.16,Amazon.com Inc,CONSUMER CYCLICAL,60,60,95,75,22,67,0.3199022709977171,73.45
NEE,76.08,97.3,68.4,2026-09-17,UTILITIES - REGULATED ELECTRIC,167650083000,18.22,18.66,2.96,4.41,4.41,0.117,0.0244,0.324,0.315,28700000000,13.81,14593000000,15.62,0.531,0.124,0.644,98.39,2,10,7,1,0,2085978000,0.0293,1.637,9.63,27.39,Nextera Energy Inc,UTILITIES,75,75,65,90,20,66.2,0.2932439537329128,73.37
JPM,343.06,366.5,276.44,2026-09-16,BANKS - DIVERSIFIED,936984052000,15.1,14.01,2.632,23.35,23.35,0.178,0.0136,0.349,0.504,186328007000,68.35,NA,NA,0.469,0.304,0.975,376.14,4,9,10,0,1,2658186000,0.0171,1.628,5.76,133.01,JPMorgan Chase & Co,FINANCIAL SERVICES,75,75,65,90,24,65.6,0.09642628111700573,73.31
NTRS,175.73,194.86,118.61,2026-09-25,ASSET MANAGEMENT,31832455000,14.91,13.74,2.534,11.67,11.67,0.171,0.0128,0.247,0.425,9085500000,48.65,NA,NA,0.986,0.364,1.257,184.27,0,2,10,1,2,182956000,0.0185,0.981,5.42,68.41,Northern Trust Corporation,FINANCIAL SERVICES,90,75,65,75,15,45,0.04859727991805623,72.75
ORCL,137.1,325.79,114.5,2026-09-17,SOFTWARE - INFRASTRUCTURE,432878060000,21.99,17.36,6.87,6.51,6.51,0.412,0.0636,0.264,0.356,71776002000,24.79,34432999000,14.53,0.545,0.296,1.732,239,8,28,7,1,0,3023736000,0.0143,0.789,7.64,13.04,Oracle Corporation,TECHNOLOGY,60,40,95,90,44,74.4,0.7432530999270606,72.44
CFR,157.42,169.71,115.6,2026-09-22,BANKS - REGIONAL,9931376000,15.1,14.04,2.218,10.58,10.58,0.155,0.013,0.302,0.372,2264467000,35.77,NA,NA,0.128,0.061,0.513,174.43,2,3,7,2,1,62149000,0.0252,3.266,4.48,72.04,Cullen/Frost Bankers Inc,FINANCIAL SERVICES,75,75,65,90,15,55,0.10805488502096317,72.25
WLDN,78.9,137,64.67,2026-09-16,ENGINEERING & CONSTRUCTION,1185514000,18.27,14.68,3.543,4.26,4.26,0.212,0.0586,0.088,0.0863,741835000,50.27,73680000,17.1,0.534,0.332,1.188,137.5,0,2,0,0,0,15232100,NA,0.476,1.747,20.65,Willdan Group Inc,INDUSTRIALS,75,60,80,60,2,75,0.7427122940430924,71.25
JBSS,67.24,91.07,56.56,2026-09-23,PACKAGED FOODS,791999000,12.64,10.35,2.045,5.36,5.36,0.167,0.085,0.0527,0.0411,1175673000,100.5,113602000,7.41,-0.385,0.042,0.32,100,1,0,1,0,0,9096100,0.0143,1.518,0.748,32.49,John B Sanfilippo & Son Inc,CONSUMER DEFENSIVE,90,75,65,40,2,75,0.4872099940511601,70.5
SENEA,182.66,210,99.58,2026-09-26,PACKAGED FOODS,1245764000,10.36,39.37,1.567,17.76,17.76,0.168,0.0828,0.0675,0.0719,1767391000,259.54,204056000,6.9,0.331,0.362,-0.024,202,0,1,0,0,0,5221200,NA,0.831,0.766,114.34,Seneca Foods Corp A,CONSUMER DEFENSIVE,90,75,65,40,1,75,0.10587977663418376,70.5
ACN,176.11,285.21,116.75,2026-09-16,INFORMATION TECHNOLOGY SERVICES,118349595000,15.45,13.18,3.742,12.52,12.52,0.244,0.109,0.107,0.17,73100591000,118.32,12943768000,9.53,0.09,0.056,1.092,185.39,3,11,13,0,0,611942000,0.0334,1.417,1.608,52.12,Accenture plc,TECHNOLOGY,75,60,80,60,27,65.7,0.0526943387655441,70.32
PEP,128.63,166.41,131.99,2026-09-17,BEVERAGES - NON-ALCOHOLIC,183508435000,17.77,14.99,8.37,7.56,7.56,0.515,0.0893,0.108,0.168,96904004000,70.89,18882001000,12.2,1.37,0.064,0.361,155,4,3,16,1,0,1366000000,0.0424,1.388,2.347,16.18,PepsiCo Inc,CONSUMER DEFENSIVE,75,40,95,60,24,60.4,0.20500660810075413,70.29
CVX,204.45,217.78,142.51,2026-09-26,OIL & GAS INTEGRATED,403403702000,19.75,15.2,2.123,10.41,10.41,0.122,0.0586,0.0983,0.219,209383997000,106.25,50661999000,7.72,3.219,0.535,0.491,222.17,6,14,4,1,0,1961603000,0.034,0.899,2.068,96.8,Chevron Corp,ENERGY,75,75,65,60,25,75,0.08667155783810222,69.75
MS,196.31,230.98,148.47,2026-09-17,CAPITAL MARKETS,317914022000,16.35,15.41,3.04,12.38,12.38,0.18,0.0135,0.259,0.416,77827998000,49.81,NA,NA,0.624,0.28,1.207,237.33,2,9,12,1,1,1570566000,0.0201,1.813,6.09,67.8,Morgan Stanley,FINANCIAL SERVICES,75,60,65,90,25,60,0.20895522388059706,69.75
NBIX,138.4,186.12,122.14,2026-09-25,DRUG MANUFACTURERS - SPECIALTY & GENERIC,14179045000,20.76,14.12,3.902,6.72,6.72,0.221,0.117,0.209,0.222,3373900000,33.66,913300000,15.65,0.311,0.395,0.381,208.4,4,19,4,0,0,101649000,NA,0.282,4.275,36.35,Neurocrine Biosciences Inc,HEALTHCARE,60,60,80,75,27,75,0.5057803468208092,69.75
OLLI,84.25,134.8,60.29,2026-09-25,DISCOUNT STORES,4907233000,18.48,19.19,2.586,4.47,4.47,0.149,0.0674,0.098,0.108,2793108000,45.87,373038000,12.87,0.434,0.091,0.501,99.93,3,9,3,0,0,59402000,NA,2.08,1.948,31.83,Ollie's Bargain Outlet Hldg,CONSUMER DEFENSIVE,75,75,65,60,15,75,0.186112759643917,69.75
PG,146.23,164.77,134.62,2026-09-17,HOUSEHOLD & PERSONAL PRODUCTS,341479293000,22.18,21.01,6.39,6.63,6.63,0.303,0.107,0.184,0.221,87031996000,37.29,24752001000,15.01,-0.155,0.015,0.377,160.61,6,7,12,0,0,2322672000,0.029,3.752,4.211,22.95,Procter & Gamble Company,CONSUMER DEFENSIVE,60,40,95,75,25,69,0.09833823428844987,69.65
DKS,136.43,242.09,119.27,2026-09-22,SPECIALTY RETAIL,12180838000,13.65,10.31,1.882,9.06,9.06,0.185,0.0642,0.0397,0.0767,21145145000,240.69,2083461000,9.69,-0.257,0.532,1.141,163.22,4,10,11,0,1,74956000,0.0407,1.036,0.843,64.24,Dick’s Sporting Goods Inc,CONSUMER CYCLICAL,90,75,65,40,26,65.4,0.19636443597449235,69.54
MSFT,516.17,549.2,348.54,2026-09-17,SOFTWARE - INFRASTRUCTURE,3640745001000,27.7,25.06,8.34,17.7,17.7,0.34,0.141,0.403,0.451,331839013000,44.67,194237006000,17.69,0.317,0.177,1.108,572.92,14,38,3,0,0,7425545000,0.0073,1.614,11.06,59.56,Microsoft Corporation,TECHNOLOGY,45,40,95,90,55,80,0.1099443981633958,69.25
IBM,225.51,330.09,197.77,2026-09-16,INFORMATION TECHNOLOGY SERVICES,233997910000,22.06,18.73,6.81,11.26,11.26,0.345,0.053,0.155,0.166,69094998000,73.7,16473000000,16.61,-0.018,0.011,0.708,245.35,3,10,10,1,1,942134000,0.027,2.356,4.223,36.57,International Business Machines,TECHNOLOGY,60,40,95,75,25,63,0.08797836016141193,69.05
INTU,275.79,697.25,251.72,2026-09-16,SOFTWARE - APPLICATION,87992795000,20.62,14.68,4.772,15.97,15.97,0.236,0.105,0.213,0.176,21447999000,77.71,6849000000,12.9,-0.014,0.137,0.976,405.6,5,16,12,1,1,267236000,0.0142,1.076,4.283,69.82,Intuit Inc,TECHNOLOGY,60,60,80,75,35,66.4,0.4706842162514957,68.89
GGG,77.86,94.99,72.22,2026-09-23,SPECIALTY INDUSTRIAL MACHINERY,12574094000,24.11,21.83,4.917,3.22,3.22,0.212,0.127,0.235,0.297,2267210000,13.73,734998000,15.65,0.145,0.033,0.91,91.29,2,1,8,0,0,161954000,0.0151,2.285,5.27,15.58,Graco Inc,INDUSTRIALS,60,60,80,75,11,61.4,0.1724890829694324,68.39
QCOM,201.97,257.56,120.88,2026-09-17,SEMICONDUCTORS,197420302000,21.47,18.59,7.25,8.61,8.61,0.338,0.116,0.21,0.185,44068999000,41.28,11999000000,15.4,-0.23,-0.04,1.679,194.13,2,9,23,1,2,1068060000,0.0191,0.834,4.71,26.17,Qualcomm Incorporated,TECHNOLOGY,60,40,95,75,37,55.4,-0.03881764618507701,68.29
NFLX,71.15,124.86,65.08,2026-09-18,ENTERTAINMENT,313586287000,24.06,20,10.55,3.13,3.13,0.495,0.161,0.282,0.334,48370766000,11.46,14726931000,9.24,0.111,0.134,1.526,93.88,7,28,16,0,0,4163940000,NA,1.413,6.68,7.24,Netflix Inc,COMMUNICATION SERVICES,60,20,95,90,51,70.6,0.31946591707659855,68.06
SPGI,403.3,518.88,358.55,2026-09-18,FINANCIAL DATA & STOCK EXCHANGES,119131628000,24.75,19.88,3.807,16.33,16.33,0.143,0.0703,0.305,0.448,16122000000,53.79,8143000000,15.67,0.177,0.104,1.077,520.3,6,17,1,0,0,294800000,0.0095,1.943,8.15,106.86,S&P Global Inc,FINANCIAL SERVICES,60,60,65,90,24,80.2,0.2901066203818496,68.02
ONON,29.96,51.08,26.36,2026-09-25,FOOTWEAR & ACCESSORIES,10079915000,20.94,15.41,4.228,1.44,1.44,0.239,0.0958,0.123,0.14,3220400000,9.71,490400000,12.41,0.811,0.135,2.084,43.05,7,16,4,1,0,301716000,NA,0.481,2.287,6.97,On Holding Ltd,CONSUMER CYCLICAL,60,60,80,60,28,75.9,0.43691588785046714,67.59
FIZZ,29.67,34.54,27.8,2026-09-23,BEVERAGES - NON-ALCOHOLIC,2913308000,16.91,18.48,8,1.84,1.84,0.401,0.206,0.148,0.177,1180699000,12.61,241406000,11.98,-0.161,0,0.755,31,0,0,0,1,0,93615000,0,4.032,2.449,3.981,National Beverage Corp,CONSUMER DEFENSIVE,75,40,95,60,1,25,0.04482642399730361,66.75
YETI,42.28,53.99,31.66,2026-09-26,LEISURE,3085966000,18.54,13.21,5.22,2.28,2.28,0.253,0.113,0.0924,0.193,1935756000,25.23,289114000,11.27,0.541,0.085,1.699,54.87,2,8,6,0,0,72989000,NA,1.655,1.743,8.35,YETI Holdings Inc,CONSUMER CYCLICAL,75,40,80,60,16,68.8,0.2977767265846735,66.63
LOVE,15.19,19.25,10.33,2026-09-23,"FURNISHINGS, FIXTURES & APPLIANCES",210871000,11.98,17.57,0.93,1.22,1.22,0.0878,0.0014,0.0256,-0.0562,697653000,47.59,17314000,8.17,0.027,0.004,2.032,23.17,1,4,0,0,0,14423400,NA,0.426,0.455,14.04,The Lovesac Company,CONSUMER CYCLICAL,90,90,40,40,5,80,0.5253456221198158,66.5
ARHS,9.71,11.51,5.57,2026-09-22,SPECIALTY RETAIL,1102597000,15.58,15.22,2.661,0.5,0.5,0.173,0.0313,0.0491,0.0792,1408588000,9.99,118327000,7.88,0.124,0.074,2.321,10.5,1,4,10,0,0,54424000,0,NA,1.056,2.928,Arhaus Inc,CONSUMER CYCLICAL,75,75,65,40,15,60,0.08135942327497415,65.25
MA,567.65,601.23,463.74,2026-09-16,CREDIT SERVICES,502190211000,31.59,24.88,89.68,18.15,18.15,2.412,0.241,0.463,0.611,35083002000,39.27,22201000000,23.34,0.221,0.141,0.735,666.71,9,28,3,0,0,869464000,0.0059,1.5,14.71,6.4,Mastercard Inc,FINANCIAL SERVICES,45,20,95,90,40,78.8,0.17450894036818473,65.13
NVDA,225.07,236,163.9,2026-09-17,SEMICONDUCTORS,5165043155000,26.8,23.42,22.37,7.98,7.98,1.172,0.536,0.637,0.662,302970012000,12.48,201266004000,21.8,1.278,1.059,2.217,328.66,9,48,2,1,0,24147000000,0.0013,0.451,16.83,9.48,NVIDIA Corporation,TECHNOLOGY,45,20,95,90,60,77.1,0.46025680899275795,64.96
V,367.38,385.57,292.74,2026-09-18,CREDIT SERVICES,694490038000,31.54,24.69,19.98,11.73,11.73,0.612,0.191,0.508,0.661,44487999000,23.4,31094000000,24.37,0.102,0.144,0.761,419.36,9,27,3,0,1,1704113000,0.0072,1.68,15.92,18.87,Visa Inc. Class A,FINANCIAL SERVICES,45,20,95,90,40,76.9,0.14148837715716703,64.94
BLK,1086.31,1194.26,907.48,2026-09-16,ASSET MANAGEMENT,172007047000,25.34,16.53,2.864,41.77,41.77,0.123,0.0374,0.241,0.351,27299000000,175.98,11116000000,14.85,0.196,0.306,1.429,1323.31,5,10,2,0,0,154869000,0.0205,0.893,6.09,371.7,BlackRock Inc,FINANCIAL SERVICES,45,75,65,75,17,79.4,0.21816976737763624,64.94
XOM,160.59,174.09,107.28,2026-09-18,OIL & GAS INTEGRATED,671351898000,21.01,14.97,2.589,7.77,7.77,0.126,0.0552,0.0907,0.159,361060008000,85.49,67937001000,9.28,1.128,0.441,0.175,170.91,3,7,15,0,0,4111912000,0.025,1.399,1.948,63.08,Exxon Mobil Corp,ENERGY,60,75,65,60,25,63,0.06426303007659252,64.8
KO,87.81,91.94,63.66,2026-09-16,BEVERAGES - NON-ALCOHOLIC,381679108000,26.64,25.51,10.63,3.33,3.33,0.42,0.094,0.286,0.349,50128998000,11.65,16998000000,20.76,0.169,0.067,0.342,94.7,7,12,4,0,1,4302549000,0.0234,4.059,8.21,8.4,The Coca-Cola Company,CONSUMER DEFENSIVE,45,20,95,90,24,75,0.07846486732718369,64.75
META,751.66,788.22,519.78,2026-09-16,INTERNET CONTENT & INFORMATION,1707440472000,25.07,19.72,6.49,26.74,26.74,0.298,0.146,0.298,0.348,228246995000,90.25,109654999000,15.3,-0.134,0.28,1.243,758.28,8,47,7,0,0,2205129000,0.0032,0.881,7.53,102.52,Meta Platforms Inc.,COMMUNICATION SERVICES,45,40,80,90,62,75.4,0.008807173456083874,64.29
HD,293.2,409.79,284.85,2026-09-16,HOME IMPROVEMENT RETAIL,304774218000,21.36,20.7,18.66,14.3,14.3,1.043,0.121,0.0841,0.129,169176007000,170.2,24647999000,14.55,0.046,0.057,0.955,377.19,4,17,15,0,0,997690000,0.0149,1.734,2.191,16.65,The Home Depot Inc,CONSUMER CYCLICAL,60,20,95,60,36,67.4,0.2864597544338336,63.24
FIVE,222.6,263.88,137.77,2026-09-22,SPECIALTY RETAIL,13000460000,21.16,22.73,5.2,11.16,11.16,0.282,0.0784,0.117,0.0886,5313868000,96.3,820375000,13.95,4.182,0.229,0.989,310.95,2,15,8,0,0,55054000,NA,0.984,2.584,44.98,Five Below Inc,CONSUMER CYCLICAL,60,40,80,60,25,69,0.396900269541779,62.9
UPS,93.96,116.86,76.95,2026-09-22,INTEGRATED FREIGHT & LOGISTICS,84278419000,18.41,12.45,5.59,5.38,5.38,0.296,0.0728,0.0508,0.0905,89929998000,105.86,12084000000,10.01,-0.53,0.076,1.038,115.81,0,14,12,1,2,749349000,0.0655,1.408,1.204,17.7,United Parcel Service Inc,INDUSTRIALS,75,40,80,40,29,57.8,0.23254576415495967,62.53
HALO,113.9,116.84,61.23,2026-09-23,BIOTECHNOLOGY,13067024000,32.71,11.35,88.12,3.52,3.52,1.737,0.255,0.249,0.598,1663738000,14.15,1050688000,20.27,0.429,0.477,0.882,99.56,2,5,2,0,0,113498000,NA,-2.5,8.75,1.259,Halozyme Therapeutics Inc,HEALTHCARE,45,20,95,75,9,75,-0.12589991220368746,62.5
AMKR,53.61,96.5,27.84,2026-09-20,SEMICONDUCTOR EQUIPMENT & MATERIALS,12497159000,22.56,17.76,2.687,2.23,2.23,0.125,0.0462,0.0745,0.105,7457680000,30.14,1323916000,9.03,2.182,0.256,2.232,76.4,2,4,4,0,0,248452000,0.0069,0.76,1.686,18.75,Amkor Technology Inc,TECHNOLOGY,60,75,65,40,10,70,0.425107256108935,62.5
JNJ,271.22,281.07,169.49,2026-09-16,DRUG MANUFACTURERS - GENERAL,643924886000,30.96,20.79,7.55,8.63,8.63,0.257,0.086,0.215,0.292,97929003000,40.67,34872001000,19.73,-0.009,0.066,0.235,277.91,5,11,6,1,0,2409899000,0.0197,2.791,6.84,35.28,Johnson & Johnson,HEALTHCARE,45,40,80,75,23,71.7,0.024666322542585346,61.67
TWLO,275.8,258.35,98.44,2026-09-20,SOFTWARE - INFRASTRUCTURE,37447778000,33.68,36.5,4.171,7.24,7.24,0.135,0.0206,0.206,0.0783,5572328000,36.51,499808000,71.81,46.72,0.22,1.405,260.18,6,20,4,0,1,153575000,NA,0.378,6.43,58.46,Twilio Inc,TECHNOLOGY,45,60,65,75,31,74.2,-0.056635242929659185,61.42
ALRM,53.38,58.15,41.49,2026-09-20,SOFTWARE - APPLICATION,2648909000,23.88,26.25,3.064,2.26,2.26,0.133,0.0499,0.111,0.151,1060984000,21.36,167716000,12.58,-0.234,0.092,0.764,63,1,2,2,0,1,49090200,NA,1.406,2.58,17.63,Alarm.com Holdings Inc,TECHNOLOGY,60,60,65,60,6,58.3,0.1802173098538778,61.33
AMGN,414.61,447.03,263.36,2026-09-26,DRUG MANUFACTURERS - GENERAL,219518222000,25.25,16.67,18.78,16.08,16.08,0.915,0.0867,0.23,0.355,38095000000,70.68,17268001000,14.92,0.649,0.095,0.426,389.22,4,10,16,2,2,540632000,0.0241,2.451,6.9,21.62,Amgen Inc,HEALTHCARE,45,20,95,75,34,58.8,-0.06123827211114056,60.88
CRM,234.02,268.27,146.32,2026-09-16,SOFTWARE - APPLICATION,210399953000,23.41,15.55,5.56,10.92,10.92,0.194,0.057,0.22,0.214,43938001000,49.2,12899000000,14.88,1.189,0.108,1.202,275.6,6,34,14,0,2,823000000,0.0066,0.867,5.55,46.63,Salesforce.com Inc,TECHNOLOGY,60,40,65,75,56,68.8,0.17767712161353735,60.63
ANET,206.55,214.89,114.52,2026-09-18,COMPUTER HARDWARE,251652162000,62.55,38.17,16.84,3.19,3.19,0.315,0.141,0.384,0.454,10540800000,8.38,4639600000,50.82,0.357,0.377,1.617,241.04,8,23,0,0,0,1261225000,NA,1.478,22.37,11.73,Arista Networks,TECHNOLOGY,25,20,95,90,31,81.5,0.16698136044541262,60.4
UNH,376.59,458.79,252.96,2026-09-18,HEALTHCARE PLANS,336786555000,24.1,16.72,3.421,15.57,15.57,0.141,0.0487,0.0314,0.0713,450525987000,497.54,26681000000,14.78,0.615,0.004,0.622,481.72,7,16,4,0,0,897595000,0.0239,1.02,0.841,108.78,UnitedHealth Group Incorporated,HEALTHCARE,60,60,65,40,27,77.8,0.2791630154810273,60.28
QRVO,117.97,120.76,74.92,2026-09-19,SEMICONDUCTORS,10337810000,27.19,15.11,2.978,4.31,4.31,0.116,0.0671,0.11,0.158,3644534000,39.89,885481000,13.13,2.556,-0.042,1.455,90.17,1,1,16,1,0,88222000,NA,1.079,2.819,39.36,Qorvo Inc,TECHNOLOGY,45,75,65,60,19,52.6,-0.23565313215224207,60.01
AVGO,352.81,493.28,288.95,2026-09-26,SEMICONDUCTORS,1672488944000,45.27,19.42,17.46,7.74,7.74,0.443,0.154,0.429,0.543,89103999000,18.77,52260000000,33.92,2.153,0.855,1.457,531.85,8,37,4,0,0,4773630000,0.0073,0.361,19.93,20.88,Broadcom Inc,TECHNOLOGY,25,20,95,90,49,77,0.5074686091664069,59.95
LLY,1183.46,1292.65,707.59,2026-09-16,DRUG MANUFACTURERS - GENERAL,1013116305000,38.16,24.15,29.95,29.77,29.77,1.023,0.204,0.335,0.542,79666004000,89.02,41707000000,25.43,0.262,0.477,0.502,1324.87,6,18,4,1,1,891741000,0.0057,1.125,13.31,38,Eli Lilly and Company,HEALTHCARE,25,20,95,90,30,72.5,0.11948861811975044,59.5
KRYS,345.82,382.54,158.08,2026-09-23,BIOTECHNOLOGY,10385639000,41.82,48.08,7.65,8.39,8.39,0.201,0.0937,0.548,0.49,440484000,15.08,199293000,46.74,0.388,0.241,0.537,386,1,9,1,0,0,29598800,NA,NA,21.69,45.92,Krystal Biotech Inc,HEALTHCARE,25,40,80,90,11,75,0.11618761205251289,59.25
TER,398.38,487.72,125.78,2026-09-20,SEMICONDUCTOR EQUIPMENT & MATERIALS,58075898000,51.03,28.57,16.9,7.28,7.28,0.365,0.198,0.258,0.332,4464031000,28.44,1504894000,38.78,3.858,1.039,1.778,446.47,1,11,5,0,0,156341000,0.0014,0.68,12.95,20.08,Teradyne Inc,TECHNOLOGY,25,20,95,90,17,69.1,0.12071389125960147,59.16
LMB,51.48,114.95,40.74,2026-09-23,BUILDING PRODUCTS & EQUIPMENT,621054000,20.75,12.99,3.066,2.51,2.51,0.162,0.0677,0.0442,0.0431,683771000,58.27,59291000,11.16,-0.391,0.219,1.406,77.2,1,3,0,0,1,11925000,NA,2.289,0.972,17.04,Limbach Holdings Inc,INDUSTRIALS,60,60,65,40,5,65,0.49961149961149975,59
GRMN,294.14,313.07,183.64,2026-09-18,SCIENTIFIC & TECHNICAL INSTRUMENTS,53101949000,28.56,24.15,5.92,9.64,9.64,0.219,0.122,0.245,0.304,7671438000,39.84,2311467000,22.03,0.353,0.114,0.866,290.29,0,2,4,0,2,192853000,0.0152,2.944,6.64,46.8,Garmin Ltd,TECHNOLOGY,45,40,80,75,8,43.8,-0.01308900523560198,58.88
RTX,189.4,226.41,153.36,2026-09-18,AEROSPACE & DEFENSE,260845093000,34.01,25.32,3.997,5.69,5.69,0.123,0.0421,0.0828,0.127,93499998000,69.43,15895000000,18.39,0.287,0.145,0.287,234.82,4,11,8,0,0,1347758000,0.0141,2.282,3.164,49.25,RTX Corporation,INDUSTRIALS,45,60,65,60,23,70.7,0.2398099260823653,58.82
CAT,821.58,1071.47,463.29,2026-09-26,FARM & HEAVY CONSTRUCTION MACHINERY,370153193000,34.97,25.38,19.25,23.03,23.03,0.57,0.0903,0.145,0.222,74728997000,160.78,16251000000,24.46,0.682,0.24,1.594,975.61,1,13,12,1,1,459675000,0.0076,1.421,5.51,42.19,Caterpillar Inc,INDUSTRIALS,45,20,95,60,28,60.7,0.18748022103751305,58.82
TMO,675,663.57,434.5,2026-09-18,DIAGNOSTICS & RESEARCH,243412042000,34.85,23.58,4.551,18.89,18.89,0.135,0.0513,0.15,0.188,46336000000,123.89,11739000000,23.1,0.094,0.105,0.854,645.15,3,19,5,0,1,369747000,0.0028,1.931,6,142.47,Thermo Fisher Scientific Inc,HEALTHCARE,45,60,65,60,28,70.5,-0.04422222222222225,58.8
TXN,278.07,332.33,150.2,2026-09-18,SEMICONDUCTORS,235745772000,39.65,26.32,13.22,6.51,6.51,0.352,0.131,0.311,0.426,19453000000,21.38,9520000000,25.33,0.518,0.228,1.314,324.71,3,17,14,2,0,913248000,0.0216,0.928,12.6,19.72,Texas Instruments Incorporated,TECHNOLOGY,25,20,95,90,36,64.6,0.16772755061675113,58.71
AAPL,341.07,345.34,242.76,2026-09-26,CONSUMER ELECTRONICS,4902477103000,38.61,35.21,45.74,8.7,8.7,1.488,0.271,0.276,0.326,466822988000,31.71,167959003000,29.41,0.287,0.164,1.085,328.22,6,19,14,3,2,14594180000,0.0031,2.706,10.58,7.36,Apple Inc.,TECHNOLOGY,25,20,95,90,44,63.6,-0.03767555047350974,58.61
HUBB,466.62,562.06,398.95,2026-09-23,ELECTRICAL EQUIPMENT & PARTS,24241168000,27.1,20.37,6.18,16.93,16.93,0.244,0.0843,0.145,0.217,6223600000,117.43,1515500000,19.98,-0.009,0.153,0.889,565.73,0,7,6,0,0,52833000,0.0122,1.921,4.713,74.04,Hubbell Inc,INDUSTRIALS,45,40,80,60,13,63.5,0.21239981140971242,58.6
IESC,324.13,408.25,170.07,2026-09-23,ENGINEERING & CONSTRUCTION,12794227000,28.56,208.33,10.44,11.24,11.24,0.445,0.165,0.114,0.144,3985742000,100.16,551440000,19.59,0.987,0.396,1.78,440,0,0,1,0,0,39848700,NA,0,3.141,30.85,IES Holdings Inc,INDUSTRIALS,45,20,95,60,1,50,0.3574800234473822,57.75
FTNT,173.46,176.1,73.55,2026-09-18,SOFTWARE - INFRASTRUCTURE,126624309000,60.55,44.25,81.25,2.85,2.85,1.174,0.142,0.282,0.336,7527400000,10.14,2595800000,43.74,0.439,0.256,1.059,164.32,1,10,29,3,1,733714000,NA,1.886,16.27,2.114,Fortinet Inc,TECHNOLOGY,25,20,95,90,44,54,-0.052692263346016455,57.65
ALNY,255.96,495.55,197.81,2026-09-18,BIOTECHNOLOGY,32851476000,41.68,18.73,23.65,5.89,5.89,0.966,0.123,0.161,0.179,4804182000,36.24,1054538000,27.13,0,0.669,0.3,371.35,7,16,6,0,0,133809000,NA,0.309,6.24,10.12,Alnylam Pharmaceuticals Inc,HEALTHCARE,25,20,95,75,29,75.9,0.4508126269729646,57.59
DOCN,139.75,187.5,33.69,2026-09-23,SOFTWARE - INFRASTRUCTURE,17166615000,66.36,78.74,18.46,2.2,2.2,0.623,0.0386,0.233,0.104,1011113000,10.63,308634000,47.47,-0.245,0.286,1.57,175.2,3,11,3,0,0,117580000,NA,1.538,17.75,8.86,DigitalOcean Holdings Inc,TECHNOLOGY,25,20,95,75,17,75,0.25366726296958847,57.5
LIN,469.89,546.4,384,2026-09-16,SPECIALTY CHEMICALS,213415379000,29.95,23.53,5.48,15.46,15.46,0.184,0.0716,0.204,0.281,35449000000,76.2,13822000000,17.4,0.113,0.093,0.727,544.4,5,16,5,1,0,460980000,0.0134,1.798,6.69,84.78,Linde plc Ordinary Shares,BASIC MATERIALS,45,40,65,75,27,73.1,0.15856902679350485,57.31
GE,327.09,388.84,268.58,2026-09-26,AEROSPACE & DEFENSE,331791729000,37.75,35.34,18.78,8.47,8.47,0.482,0.0507,0.177,0.206,50639000000,48.27,11483000000,27.24,0.194,0.211,1.35,400.05,3,16,2,0,1,1037563000,0.0052,4.059,6.73,17,GE Aerospace,INDUSTRIALS,25,20,95,75,22,72.7,0.22305787397963875,57.27
KEYS,362.15,374.96,158.79,2026-09-20,SCIENTIFIC & TECHNICAL INSTRUMENTS,57031991000,45.27,21.28,8.68,7.4,7.4,0.209,0.0723,0.191,0.257,6582000000,38.44,1698000000,29.84,1.091,0.365,1.208,415.08,3,7,2,0,0,170245000,NA,0.664,8.69,38.59,Keysight Technologies Inc,TECHNOLOGY,25,40,80,75,12,77.1,0.14615490818721527,57.21
CRS,396.84,625.73,227.48,2026-09-22,METAL FABRICATION,19967146000,38.26,23.36,9.08,10.53,10.53,0.258,0.119,0.17,0.241,3124200000,62.48,826100000,24.24,0.464,0.126,1.261,625.88,1,7,1,0,0,49558600,0.002,1.591,6.57,44.91,Carpenter Technology Corporation,INDUSTRIALS,25,40,80,75,9,75,0.5771595605281726,57
IBKR,89.24,98.66,58.7,2026-09-19,CAPITAL MARKETS,154519044000,35.99,27.17,6.78,2.52,2.52,0.24,0.0228,0.165,0.765,6835000000,15.33,NA,3.26,0.353,0.263,1.349,105.74,2,7,3,0,1,453078000,0.0037,1.427,2.917,13.1,Interactive Brokers Group Inc,FINANCIAL SERVICES,25,40,80,75,13,67.3,0.18489466606902735,56.23
NDSN,325.77,338.1,219.4,2026-09-25,SPECIALTY INDUSTRIAL MACHINERY,17902891000,32.37,24.57,5.45,9.93,9.93,0.178,0.0847,0.186,0.274,2979795000,53.36,957891000,21.37,0.23,0.103,0.972,349.71,0,4,3,0,1,55699000,0.0103,1.821,6.55,58.69,Nordson Corporation,INDUSTRIALS,45,40,65,75,8,56.2,0.07348742978174785,55.62
TXRH,159.75,215.47,152.58,2026-09-26,RESTAURANTS,10486138000,25.56,21.01,6.94,6.25,6.25,0.277,0.0872,0.0663,0.0851,6231515000,94.4,705438000,16.6,-0.005,0.111,0.787,218.38,2,12,13,1,0,65641000,0.0177,1.641,1.879,23.41,Texas Roadhouse Inc,CONSUMER CYCLICAL,45,40,80,40,28,63.4,0.3670109546165884,55.59
MEDP,618.88,677.9,373,2026-09-25,DIAGNOSTICS & RESEARCH,17225679000,36.24,32.57,40.58,17.03,17.03,1.621,0.201,0.177,0.208,2782288000,98.47,611200000,28.18,0.371,0.172,1.149,581.83,1,1,10,1,0,27911700,NA,3,6.19,15.54,Medpace Holdings Inc,HEALTHCARE,25,20,95,75,13,53.8,-0.059866209927611096,55.38
MYRG,292.58,503.57,190.14,2026-09-25,ENGINEERING & CONSTRUCTION,4595731000,27.48,21.28,5.97,10.74,10.74,0.247,0.0848,0.0413,0.062,4006051000,257.75,290834000,14.98,0.865,0.201,1.313,412,0,3,4,0,0,15569200,NA,3.409,1.106,48.46,MYR Group Inc,INDUSTRIALS,45,40,80,40,7,60.7,0.4081618702577074,55.32
ABBV,264.34,269.39,189.4,2026-09-26,DRUG MANUFACTURERS - GENERAL,468498121000,74.68,16.39,50.46,3.55,3.55,0.623,0.105,0.098,0.4,64385999000,36.39,30763000000,27.34,2.904,0.102,0.281,278.61,8,17,5,0,1,1767117000,0.0258,0.542,8.27,-3.359,AbbVie Inc,HEALTHCARE,25,20,95,60,31,75,0.053983506090640995,55.25
STRL,512.29,1005.68,281.57,2026-09-26,ENGINEERING & CONSTRUCTION,15670191000,36.8,19.65,11.64,13.92,13.92,0.4,0.145,0.126,0.201,3438486000,112.23,714010000,22.11,1.165,0.901,1.847,876,0,8,0,0,0,30588500,NA,0.634,4.558,44.22,"Sterling Infrastructure, Inc.",INDUSTRIALS,25,20,95,60,8,75,0.709968962892112,55.25
HOOD,119.4,153.86,63.52,2026-09-23,CAPITAL MARKETS,111710978000,54.74,45.25,11.69,2.27,2.27,0.236,0.0453,0.42,0.439,4932000000,5.5,138119000,49.73,0.476,0.323,2.34,130.08,4,18,4,1,1,790630000,NA,2.153,23.8,10.54,Robinhood Markets Inc,FINANCIAL SERVICES,25,20,80,90,28,70.5,0.08944723618090458,54.8
VEEV,280.68,310.5,148.05,2026-09-22,HEALTH INFORMATION SERVICES,42130301000,42.73,28.99,5.67,6.09,6.09,0.144,0.0758,0.293,0.296,3458098000,21.15,1075341000,32.58,0.395,0.176,0.974,297.3,8,12,8,1,0,161909000,NA,1.16,10.13,44.83,Veeva Systems Inc Class A,HEALTHCARE,25,40,65,90,29,73.3,0.05921333903377513,54.58
ISRG,405.18,603.88,328.57,2026-09-16,MEDICAL INSTRUMENTS & SUPPLIES,135128146000,43.3,31.35,7.35,8.71,8.71,0.174,0.105,0.284,0.336,11034400000,31.07,4180800000,30.22,0.265,0.185,1.465,476.34,7,17,8,1,0,358278000,NA,1.759,11.63,51.34,Intuitive Surgical Inc,HEALTHCARE,25,40,65,90,33,72.7,0.1756256478602102,54.52
WTS,357.79,393.86,258.13,2026-09-26,SPECIALTY INDUSTRIAL MACHINERY,11944121000,31.55,25.32,5.43,11.34,11.34,0.188,0.116,0.143,0.209,2677200000,79.92,581000000,20.01,0.173,0.186,1.133,404,1,2,8,0,0,27466800,0.0062,3.162,4.35,62.77,Watts Water Technologies Inc,INDUSTRIALS,45,40,65,60,11,59.1,0.12915397300092227,53.66
FIGS,13.42,17.48,6.5,2026-09-22,APPAREL MANUFACTURING,2181421000,39.79,34.36,4.905,0.33,0.33,0.148,0.0775,0.0872,0.179,710078000,4.293,78853000,24.49,2.75,0.288,1.072,18.62,1,4,4,0,0,157857000,NA,NA,2.72,2.669,Figs Inc,CONSUMER CYCLICAL,25,60,65,60,9,66.7,0.38748137108792857,53.42
MPWR,1367.43,1711.48,828.85,2026-09-20,SEMICONDUCTORS,59846349000,74.08,34.25,15.36,16.44,16.44,0.22,0.136,0.245,0.31,3273158000,67.27,1000282000,58.44,0.858,0.476,1.664,1839.8,3,12,1,0,0,49143000,0.0061,0.914,17.86,79.27,Monolithic Power Systems Inc,TECHNOLOGY,25,20,80,75,16,78.1,0.34544364245336134,53.31
SOFI,16.58,32.73,14.88,2026-09-26,CREDIT SERVICES,21414236000,33.84,20.7,1.93,0.49,0.49,0.071,0.0125,0.149,0.17,4268439000,3.445,NA,NA,0.404,0.426,2.208,20.35,3,5,12,2,2,1291570000,NA,0.596,5.76,8.58,SoFi Technologies Inc.,FINANCIAL SERVICES,45,75,40,60,24,55.2,0.2273823884197831,52.77
DHR,224.49,241.78,160.6,2026-09-16,DIAGNOSTICS & RESEARCH,147177161000,37.32,21.88,2.717,5.61,5.61,0.0761,0.0395,0.16,0.198,25106999000,35.47,8028000000,21.77,0.597,0.055,0.808,229.09,5,17,4,0,0,702986000,0.0071,1.217,6.58,74.81,Danaher Corporation,HEALTHCARE,25,75,40,75,26,76,0.020490890462826827,52.1
WMT,107.98,134.84,98.05,2026-09-18,DISCOUNT STORES,849843257000,38.97,36.9,8.68,2.74,2.74,0.223,0.0641,0.03,0.0345,735839977000,92.36,44073001000,19.57,-0.091,0.059,0.595,127.42,10,27,5,0,1,7958079000,0.009,4.105,1.244,11.85,Walmart Inc.,CONSUMER DEFENSIVE,25,40,80,40,43,76.2,0.18003333950731615,51.87
VITL,9.95,45.16,7.95,2026-09-26,FARM PRODUCTS,427169000,NA,208.33,1.557,-0.05,-0.05,5e-4,4e-4,2e-4,-0.242,765672000,17.45,15713000,27.04,0.513,-0.101,1.047,13.22,1,3,6,0,0,42931500,NA,NA,0.691,6.61,Vital Farms Inc,CONSUMER DEFENSIVE,50,75,40,40,10,62.5,0.32864321608040215,51.75
PRIM,72.65,205.33,64.95,2026-09-25,ENGINEERING & CONSTRUCTION,4021376000,29.89,13.46,2.558,2.48,2.48,0.0889,0.0299,0.0192,-0.0156,7284200000,134.64,321700000,16.29,-0.605,-0.107,1.441,117.8,3,8,4,0,0,54255000,0.0042,1.217,0.71,29.84,Primoris Services Corporation,INDUSTRIALS,45,75,40,40,15,73.3,0.6214728148657948,51.58
TOST,30.6,42.15,22.26,2026-09-15,SOFTWARE - INFRASTRUCTURE,18565360000,40.66,19.01,9.08,0.79,0.79,0.252,0.0895,0.0714,0.0744,6804000000,11.63,477000000,34.59,1,0.231,1.728,38.92,6,15,9,0,0,514000000,NA,0.247,2.471,3.544,Toast Inc,TECHNOLOGY,25,40,80,40,30,72.5,0.2718954248366013,51.5
PTGX,141.86,160.81,62.24,2026-09-25,BIOTECHNOLOGY,8975038000,134.66,36.9,11.15,1.03,1.03,0.11,0.0455,0.294,0.744,281992000,4.358,59883000,143.84,3.513,37.49,1.794,174.69,3,10,0,0,0,64708000,NA,0,30.55,13.01,Protagonist Therapeutics Inc,HEALTHCARE,25,20,65,90,13,80.8,0.23142534893557015,51.33
ATI,185.48,243.57,75.02,2026-09-22,METAL FABRICATION,26094332000,56.2,29.94,13.9,3.41,3.41,0.254,0.0879,0.101,0.182,4715200000,34.54,916800000,31.2,0.557,0.106,1.011,259.89,1,8,0,0,0,136170000,NA,1.195,5.83,13.78,Allegheny Technologies Incorporated,INDUSTRIALS,25,20,80,60,9,77.8,0.4011753288764287,51.03
PLNT,42.68,114.26,37.03,2026-09-25,LEISURE,3109818000,14.49,11.19,139.36,2.83,2.83,0,0.0854,0.183,0.337,1301656000,16.14,577783000,9.39,0.261,0.045,1.012,67.54,3,9,6,0,0,75217000,NA,0.917,4.103,-8.15,Planet Fitness Inc,CONSUMER CYCLICAL,90,20,15,75,18,70.8,0.5824742268041239,49.33
WDAY,189.45,249.85,110.36,2026-09-22,SOFTWARE - APPLICATION,46722671000,39.57,17.83,7.23,4.9,4.9,0.16,0.0451,0.123,0.118,10155000000,39.59,1586000000,26.77,2.06,0.128,1.082,208.68,5,15,19,1,2,196000000,NA,0.709,4.637,26.84,Workday Inc,TECHNOLOGY,25,40,65,60,42,61.9,0.10150435471100565,48.94
WING,99.07,300.78,95.82,2026-09-26,RESTAURANTS,2698919000,23.15,18.18,NA,4.28,4.28,0,0.19,0.162,0.298,720719000,26.13,234028000,16.79,0.198,0.064,1.78,197.88,5,19,5,0,0,27242500,0.0123,1.217,5.29,-28.38,Wingstop Inc,CONSUMER CYCLICAL,60,50,15,75,29,75,0.99737559301504,48.25
DOCU,67.5,86.27,40.16,2026-09-18,SOFTWARE - APPLICATION,13202788000,43.07,15.34,7.66,1.64,1.64,0.178,0.0635,0.0982,0.134,3361191000,17.04,441653000,22.24,0.333,0.094,0.9,69.29,2,2,16,0,1,186902000,NA,0.825,3.738,9.13,DocuSign Inc,TECHNOLOGY,25,40,65,60,21,54.8,0.02651851851851861,48.23
AMD,630.63,638.95,159.33,2026-09-26,SEMICONDUCTORS,1027251241000,156.14,39.53,14.93,4.03,4.03,0.102,0.0513,0.156,0.172,41305002000,25.36,9562000000,92.79,1.595,0.501,2.476,616.51,4,39,11,0,0,1632475000,NA,0.626,24.08,41.19,Advanced Micro Devices Inc,TECHNOLOGY,25,20,65,75,54,71.8,-0.022390308104593828,48.18
MTZ,212.85,441.43,182.34,2026-09-25,ENGINEERING & CONSTRUCTION,17467933000,35.31,18.38,5.12,6.16,6.16,0.162,0.0528,0.0307,0.0542,16109103000,206.78,1308463000,15.79,0.514,0.234,1.818,413.8,2,17,1,0,0,80305000,NA,0.669,1.286,44.54,MasTec Inc,INDUSTRIALS,25,40,65,40,20,76.2,0.9440920836269675,47.37
MITK,17.66,21.05,8.53,2026-09-25,SOFTWARE - APPLICATION,798215000,36.85,9.79,3.148,0.48,0.48,0.0923,0.0549,0.114,0.214,197902000,4.352,49551000,13.85,2.4,0.182,0.991,22.62,1,4,0,0,0,45122400,NA,1.276,3.743,5.55,"Mitek Systems, Inc.",TECHNOLOGY,25,60,40,60,5,80,0.2808607021517554,47.25
ORN,8.58,17.4,8.08,2026-09-25,ENGINEERING & CONSTRUCTION,364458000,112.5,22.88,2.225,0.08,0.08,0.0227,0.0107,0.004,-0.0066,896500000,22.37,32971000,14.35,-0.333,0.081,1.389,15.32,1,5,0,0,0,40495300,NA,0.619,0.587,4.061,Orion Group Holdings Inc,INDUSTRIALS,25,75,40,40,6,79.2,0.7855477855477856,47.17
ROAD,93.71,151,88.73,2026-09-26,ENGINEERING & CONSTRUCTION,5099487000,36.67,24.51,5.1,2.45,2.45,0.15,0.0634,0.041,0.107,3477932000,62.43,507135000,15.01,0.342,0.282,0.899,142.57,0,5,1,0,0,48206400,NA,1.567,2.043,18.43,Construction Partners Inc,INDUSTRIALS,25,40,65,40,6,70.8,0.5213957955394302,46.83
COST,922.77,1094.76,840.35,2026-09-26,DISCOUNT STORES,397569884000,45.05,40.32,11.97,19.9,19.9,0.291,0.0867,0.0301,0.0399,293586993000,661.29,13790000000,26.92,0.152,0.116,0.855,1069.2,4,19,14,1,1,443479000,0.0059,4.434,1.326,75.55,Costco Wholesale Corp,CONSUMER DEFENSIVE,25,20,80,40,39,65.4,0.15868526284989767,46.79
OKTA,195.19,192.59,62.66,2026-09-19,SOFTWARE - INFRASTRUCTURE,31882093000,109.86,48.31,4.572,1.66,1.66,0.0431,0.0158,0.0963,0.133,3073000000,17.45,321000000,71.93,0.757,0.106,0.789,185.18,9,26,9,0,0,167140000,NA,1.508,9.64,39.89,Okta Inc,TECHNOLOGY,25,60,40,60,44,75,-0.05128336492648184,46.75
BMRN,60.26,70.98,49.26,2026-09-18,BIOTECHNOLOGY,12597780000,175.89,9.78,1.982,0.37,0.37,0.0118,0.0326,0.0214,0.212,3406614000,17.69,645319000,41.12,-0.813,0.199,0.238,91.38,6,14,7,0,0,193574000,NA,0.379,4.655,32.66,Biomarin Pharmaceutical Inc,HEALTHCARE,25,75,40,40,27,74.1,0.5164288084965151,46.66
ROKU,152.68,159.89,78.53,2026-09-19,ENTERTAINMENT,22803091000,64.83,39.22,8.1,2.37,2.37,0.131,0.0425,0.0682,0.122,5209110000,35.26,578996000,28.46,14.43,0.219,2.05,162.33,1,9,15,0,1,132051000,NA,0.6,3.993,19.03,Roku Inc,COMMUNICATION SERVICES,25,40,65,40,26,58.7,0.06320408697930315,45.62
UPST,23.81,57.95,23.72,2026-09-26,CREDIT SERVICES,2317024000,45.79,13.59,2.983,0.52,0.52,0.0794,0.0198,0.0469,0.072,1285890000,13.26,115055000,NA,2.112,0.423,2.165,40,2,6,6,0,1,97313000,NA,NA,3.592,8.2,Upstart Holdings Inc,FINANCIAL SERVICES,25,75,40,40,15,63.3,0.6799664006719867,45.58
ON,77.2,134.92,44.56,2026-09-25,SEMICONDUCTORS,28848509000,47.2,16.5,3.969,1.57,1.57,0.0831,0.0675,0.102,0.195,6197800000,15.57,2089900000,18.68,0.366,0.092,1.997,103.69,2,11,16,0,0,389319000,NA,0.165,4.723,18.54,ON Semiconductor Corporation,TECHNOLOGY,25,60,40,60,29,62.9,0.34313471502590664,45.54
BARK,8.16,20.8,8.15,2026-09-22,SPECIALTY RETAIL,79765000,NA,NA,1.046,-3.66,-3.66,-0.367,-0.0814,-0.0842,8e-4,370797000,43,-21510000,-5.81,0,-0.234,1.977,15.5,0,2,0,0,0,9033500,NA,NA,0.269,8.44,"BARK, Inc.",CONSUMER CYCLICAL,50,90,15,20,2,75,0.8995098039215685,45.5
YEXT,6.47,9.03,3.265,2026-09-26,SOFTWARE - INFRASTRUCTURE,640392000,38.06,7.6,17.87,0.17,0.17,0.278,0.0179,0.059,0.161,443021000,3.874,39847000,10.37,3.902,-0.018,1.154,7,0,0,1,0,0,98979000,NA,0,1.743,1.297,Yext Inc,TECHNOLOGY,25,20,80,40,1,50,0.08191653786707886,45.25
SG,8.24,10.63,4.49,2026-09-26,RESTAURANTS,983281000,91.78,18.8,1.685,0.09,0.09,0.0307,-0.0904,0.0201,-0.126,681770000,5.75,-59441000,11.08,0,0.038,2.206,7,2,2,10,0,1,107148000,NA,NA,1.468,3.928,Sweetgreen Inc,CONSUMER CYCLICAL,25,75,40,40,15,56.7,-0.1504854368932039,44.92
CXM,5.07,8.28,4.715,2026-09-22,SOFTWARE - APPLICATION,1251404000,53.9,20.7,2.382,0.1,0.1,0.0436,0.0273,0.0265,0.0446,872882000,3.606,51106000,12.6,-0.395,0.008,0.646,8.44,1,2,5,0,1,131087000,NA,0.824,0.946,2.191,Sprinklr Inc,TECHNOLOGY,25,75,40,40,9,55.6,0.6646942800788953,44.81
SWKS,89.34,92.3,51.49,2026-09-20,SEMICONDUCTORS,13350034000,45.99,17.61,2.328,1.93,1.93,0.0509,0.0344,0.0723,0.0883,4014100000,26.8,880200000,16.22,-0.686,-0.031,1.518,68.35,1,1,19,1,1,150406000,0.0311,12.57,3.298,38.13,Skyworks Solutions Inc,TECHNOLOGY,25,75,40,40,23,50,-0.23494515334676527,44.25
SMPL,9.6,25.66,9.38,2026-09-26,PACKAGED FOODS,849036000,NA,6.23,0.598,-2.11,-2.11,-0.122,0.0538,-0.143,0.128,1392235000,14.6,217475000,9.06,-0.326,-0.063,0.17,14.38,0,4,7,0,0,88441000,NA,1.643,0.837,16.04,Simply Good Foods Co,CONSUMER DEFENSIVE,50,90,15,20,11,59.1,0.4979166666666668,43.91
MCD,236.5,335.18,247.83,2026-09-16,RESTAURANTS,178877628000,20.93,18.45,146.07,12.08,12.08,0,0.133,0.317,0.465,27702000000,38.96,14930000000,15.65,0.057,0.037,0.414,312.84,4,15,14,1,0,707642000,0.0285,2.222,8.52,-1.446,McDonald’s Corporation,CONSUMER CYCLICAL,60,20,15,90,34,66.2,0.3227906976744185,43.62
SRPT,18.67,25.32,14.68,2026-09-26,BIOTECHNOLOGY,1972057000,NA,19.16,1.31,-1.57,-1.57,-0.0948,-0.0113,-0.0693,0.13,1974344000,19,-17533000,16.91,26.64,-0.343,0.261,21.86,0,8,11,3,2,105627000,NA,159.25,1.144,14.46,Sarepta Therapeutics Inc,HEALTHCARE,50,90,15,20,24,51,0.170862346009641,43.1
OLMA,8.75,36.26,6.65,2026-09-25,BIOTECHNOLOGY,772604000,NA,NA,1.959,-1.94,-1.94,-0.527,-0.318,0,0,0,0,-220675008,-3.326,0,0,1.988,36.5,2,9,1,0,0,87498000,NA,NA,NA,4.923,Olema Pharmaceuticals Inc,HEALTHCARE,50,75,15,20,12,77.1,3.1714285714285713,42.71
PINS,18.9,36.15,13.84,2026-09-19,INTERNET CONTENT & INFORMATION,10533422000,53.14,8.4,3.583,0.35,0.35,0.0646,0.0351,0.0546,-0.0346,4555720000,7.16,316556000,32.21,-0.846,0.182,0.894,29.05,2,17,20,0,0,492198000,NA,0.25,2.259,5.12,Pinterest Inc,COMMUNICATION SERVICES,25,60,40,40,39,63.5,0.5370370370370372,42.6
BRCC,9.22,18.55,6,2026-09-22,PACKAGED FOODS,133333000,NA,71.43,2.759,-0.3,-0.3,-0.184,0.0158,-0.0089,0.0103,429698000,37.65,10158000,31.29,0,0.128,1.221,22.5,0,2,0,0,0,1198200,NA,NA,0.417,4.039,BRC Inc.,CONSUMER DEFENSIVE,50,75,15,20,2,75,1.4403470715835138,42.5
MCHP,78.69,104.75,47.28,2026-09-20,SEMICONDUCTORS,39786246000,107.75,19.84,6.17,0.68,0.68,0.0719,0.0354,0.0934,0.24,5122300000,9.46,1506100000,30.76,-0.816,0.38,1.736,108.64,2,18,6,0,0,543009000,0.0257,0.218,8.77,11.88,Microchip Technology Inc,TECHNOLOGY,25,40,40,60,26,71.2,0.3806074469437032,42.37
ENTG,151.89,186.78,67.81,2026-09-22,SEMICONDUCTOR EQUIPMENT & MATERIALS,21871792000,71.21,29.85,5.23,2.01,2.01,0.0767,0.0413,0.0919,0.193,3326100000,21.85,914700000,28.28,0.751,0.115,1.364,173.36,1,8,2,1,0,152800000,0.0028,1.239,7.5,27.22,Entegris Inc,TECHNOLOGY,25,40,40,60,12,68.8,0.1413522944235962,42.13
NPWR,1.63,5.2,1.35,2026-09-25,SPECIALTY INDUSTRIAL MACHINERY,151302000,NA,NA,1.917,-6.11,-6.11,-1.42,-0.106,0,0,0,0,-175326000,-13.21,0,0.904,1.105,2.85,0,3,1,0,0,88481000,NA,NA,4450.26,0.944,NET Power Inc.,INDUSTRIALS,50,75,15,20,4,68.8,0.7484662576687118,41.88
RXRX,3.74,7.18,2.77,2026-09-26,BIOTECHNOLOGY,2086094000,NA,NA,2.168,-1,-1,-0.566,-0.273,0,-17.6,54856000,0.108,-471604000,-5.31,0,-0.601,1.071,7.22,2,1,4,0,0,535342000,NA,NA,28.26,1.71,Recursion Pharmaceuticals Inc,HEALTHCARE,50,75,15,20,7,67.9,0.9304812834224597,41.79
ZNTL,2.7,6.95,1.212,2026-09-26,BIOTECHNOLOGY,255614000,NA,NA,1.891,-1.96,-1.96,-0.667,-0.332,0,0,26865000,0.374,-149768000,-2.313,0,0,1.862,6.89,0,4,5,0,0,94672000,NA,NA,7.77,2.004,Zentalis Pharmaceuticals Llc,HEALTHCARE,50,75,15,20,9,61.1,1.5518518518518516,41.11
PRPL,2.47,25,2.3,2026-09-25,"FURNISHINGS, FIXTURES & APPLIANCES",11249100,NA,285.71,1.736,-11.32,-11.32,-102.71,-0.0662,-0.107,-0.0433,453454000,104.56,-12222000,28.89,-0.602,-0.065,1.403,25,0,1,2,0,0,4353100,NA,3.696,0.449,-14.65,Purple Innovation Inc,CONSUMER CYCLICAL,50,75,15,20,3,58.3,9.121457489878543,40.83
PM,190.48,207.76,138.43,2026-09-17,TOBACCO,298801791000,26.66,21.23,1318.7,7.19,7.19,0,0.146,0.256,0.4,42545000000,27.32,18015001000,18.47,-0.075,0.104,0.395,207.27,3,9,4,0,0,1558613000,0.0303,2.331,8.12,-5.51,Philip Morris International Inc,CONSUMER DEFENSIVE,45,20,15,90,16,73.4,0.08814573708525841,40.59
UTZ,14.24,14.27,6.69,2026-09-26,PACKAGED FOODS,2050022000,NA,17.36,1.812,-0.33,-0.33,-0.0311,7e-4,-0.02,0.0215,1453100000,16.54,90700000,22.97,-0.478,0.014,0.767,14.31,1,0,9,0,0,88613000,0.0261,NA,1.537,7.86,Utz Brands Inc,CONSUMER DEFENSIVE,50,75,15,20,10,55,0.0049157303370786715,40.5
BRZE,24.37,37.33,15.26,2026-09-22,SOFTWARE - APPLICATION,2774867000,NA,38.17,4.623,-1.03,-1.03,-0.185,-0.0577,-0.136,-0.0798,834241000,7.55,-86197000,-18.23,0,0.262,0.88,37.3,6,15,0,0,0,113584000,NA,1.272,2.95,5.31,Braze Inc,TECHNOLOGY,50,60,15,20,21,82.1,0.5305703734099301,40.21
AXON,430.11,792.16,339.01,2026-09-22,AEROSPACE & DEFENSE,36374868000,185.02,56.82,9.9,2.42,2.42,0.0622,0.0051,0.0619,0.0517,3219099000,40.47,165106000,92.35,-0.182,0.353,1.399,706.21,8,10,2,0,1,81237000,NA,2.054,11.65,45.23,Axon Enterprise Inc.,INDUSTRIALS,25,40,40,40,21,78.6,0.6419288089093488,40.11
BBAI,2.8,9.39,2.59,2026-09-22,INFORMATION TECHNOLOGY SERVICES,1342585000,NA,NA,1.743,-0.02,-0.02,-0.166,-0.0758,-0.652,-0.745,131627000,0.294,-71517000,-3.258,0,0.132,3.182,4,NA,NA,NA,NA,NA,479494000,NA,NA,7.95,1.607,BigBearai Holdings Inc,TECHNOLOGY,50,75,15,20,0,50,0.42857142857142866,40
ALGM,36.76,71.77,22.41,2026-09-20,SEMICONDUCTORS,6356310000,487.14,34.84,6.59,0.07,0.07,0.0153,0.0297,0.015,0.0982,945934000,5.1,134877000,64.39,-0.485,0.275,1.911,54.82,2,9,1,0,0,186402000,NA,NA,6.87,5.17,Allegro Microsystems Inc,TECHNOLOGY,25,40,40,40,12,77.1,0.4912948857453755,39.96
XENE,36.94,72.66,35.66,2026-09-15,BIOTECHNOLOGY,5679691000,NA,NA,4.572,-4.74,-4.74,-0.436,-0.28,0,0,0,0,-439188992,34.16,0,-1,0.616,81.21,3,17,0,0,0,96840000,NA,-0.06,649.22,12.84,Xenon Pharmaceuticals Inc,HEALTHCARE,50,60,15,20,20,78.8,1.1984298863021114,39.88
IDYA,36.69,42.68,25.36,2026-09-23,BIOTECHNOLOGY,3831598000,NA,4.649,3.128,-1.96,-1.96,-0.162,-0.115,-0.748,-13.81,234127000,2.617,-214195008,-7.8,0,0.554,-0.076,52.38,3,11,1,0,0,96489000,NA,NA,12.6,12.44,Ideaya Biosciences Inc,HEALTHCARE,50,60,15,20,15,78.3,0.42763695829926424,39.83
CGEM,14.81,23.19,5.68,2026-09-22,BIOTECHNOLOGY,1356597000,NA,6.74,4.216,-3.11,-3.11,-0.503,-0.314,0,0,0,0,-221488992,-1.457,0,0,0.02,33.55,1,11,0,0,0,64355000,NA,NA,11.55,5,Cullinan Oncology LLC,HEALTHCARE,50,60,15,20,12,77.1,1.2653612424037808,39.71
CELH,27.99,66.74,23.56,2026-09-22,BEVERAGES - NON-ALCOHOLIC,7090042000,121.83,16.21,5.91,0.23,0.23,0.0511,0.0885,0.0424,0.191,3047274000,11.86,671721000,38.16,-0.569,0.106,0.922,42.29,5,12,7,0,0,253035000,NA,0.256,2.916,4.735,Celsius Holdings Inc,CONSUMER DEFENSIVE,25,40,40,40,24,72.9,0.510896748838871,39.54
MRK,148.78,156,75.37,2026-09-16,DRUG MANUFACTURERS - GENERAL,354754593000,115.96,14.95,8.52,1.24,1.24,0.0696,0.119,0.0477,-0.0024,66568999000,26.85,28871000000,28.05,-0.193,0.051,0.226,152.96,5,15,8,0,0,2467172000,0.0231,2.646,6.07,16.99,Merck & Company Inc,HEALTHCARE,25,40,40,40,28,72.3,0.028095174082538022,39.48
IONQ,45.48,84.64,25.89,2026-09-23,COMPUTER HARDWARE,16505227000,NA,NA,4.933,-3.89,-3.89,-0.605,-0.145,0,-4.082,246474000,0.721,-793051008,-10.33,0,2.868,3.295,67.14,1,10,2,0,0,405136000,NA,NA,58.21,8.73,IONQ Inc,TECHNOLOGY,50,60,15,20,13,73.1,0.4762532981530344,39.31
TDUP,2.25,10,2.19,2026-09-26,INTERNET RETAIL,295501000,NA,NA,4.94,-0.18,-0.18,-0.368,-0.0825,-0.0665,-0.0674,334303000,2.636,-8703000,-2.746,0,0.169,1.978,7.24,0,6,1,0,0,111010000,NA,NA,0.892,0.463,ThredUp Inc,CONSUMER CYCLICAL,50,60,15,20,7,71.4,2.217777777777778,39.14
CAVA,51.58,98.79,43.41,2026-09-22,RESTAURANTS,6031872000,92.21,68.49,7.17,0.56,0.56,0.0832,0.035,0.0482,0.0762,1373929000,11.82,160631000,33.41,0.198,0.313,1.741,83.12,4,14,9,1,0,116806000,NA,4.459,4.452,7.2,"CAVA Group, Inc.",CONSUMER CYCLICAL,25,40,40,40,28,68.8,0.6114773167894534,39.13
VERX,11.37,26.54,10.21,2026-09-26,SOFTWARE - APPLICATION,1844418000,568.5,10.02,7.89,0.02,0.02,0.0146,0.0065,0.0045,0.0337,787439000,4.916,19386000,23.03,-0.44,0.105,0.824,17.15,3,4,8,0,0,80062000,NA,NA,2.566,1.529,Vertex,TECHNOLOGY,25,40,40,40,15,66.7,0.5083553210202286,38.92
HUBS,213.74,525.51,169.63,2026-09-20,SOFTWARE - APPLICATION,11063336000,76.91,13.09,6.5,2.81,2.81,0.0789,0.0236,0.0426,0.0487,3448998000,66.32,156663000,29.04,9.68,0.198,1.181,249.37,6,9,18,0,1,51191000,NA,0.265,2.805,33.36,HubSpot Inc,TECHNOLOGY,25,40,40,40,34,64,0.166697857209694,38.65
AI,10.65,20.22,7.67,2026-09-20,SOFTWARE - INFRASTRUCTURE,1684973000,NA,NA,2.425,-3.09,-3.09,-0.598,-0.312,-1.921,-1.863,232382000,1.598,-447079008,-2.296,0,-0.255,2.093,8.91,0,1,7,3,3,157280000,NA,NA,4.474,4.348,C3 Ai Inc,TECHNOLOGY,50,75,15,20,14,35.7,-0.16338028169014085,38.57
COIN,195.11,402.16,139.11,2026-09-22,FINANCIAL DATA & STOCK EXCHANGES,53044417000,NA,53.19,3.918,-3.87,-3.87,-0.0785,0.0112,-0.163,-0.139,6043753000,22.82,699549000,30.69,4.306,-0.173,3.388,202,3,19,9,2,1,222803000,NA,2.322,7.78,49.59,Coinbase Global Inc,FINANCIAL SERVICES,50,60,15,20,34,65.4,0.0353134129465429,38.54
FSLY,24.96,34.82,7.74,2026-09-23,SOFTWARE - APPLICATION,4154544000,NA,49.75,4.41,-0.5,-0.5,-0.0839,-0.0346,-0.118,-0.0787,687173000,4.508,-38510000,-18.37,0,0.233,0.358,27,1,4,6,0,1,159300000,NA,NA,6.45,6.23,"Fastly, Inc. Class A Common Stock",TECHNOLOGY,50,60,15,20,12,58.3,0.08173076923076919,37.83
SNAP,5.42,9.28,3.81,2026-09-20,INTERNET CONTENT & INFORMATION,9352324000,NA,8.01,4.853,-0.18,-0.18,-0.156,-0.0272,-0.049,-0.0264,6351084000,3.759,-146279008,1102.19,3.958,0.189,1.05,7.39,3,8,29,1,2,1437047000,NA,496.06,1.719,1.146,Snap Inc,COMMUNICATION SERVICES,50,60,15,20,43,55.2,0.3634686346863468,37.52
HNST,5.29,6.01,2.07,2026-09-23,HOUSEHOLD & PERSONAL PRODUCTS,580408000,NA,42.55,3.424,-0.11,-0.11,-0.0687,0.0135,-0.0356,0.0486,342010000,3.055,7834000,25.49,2,-0.109,2.241,5.2,0,3,3,0,1,107284000,NA,NA,1.39,1.531,Honest Company Inc,CONSUMER DEFENSIVE,50,60,15,20,7,53.6,-0.017013232514177665,37.36
DDOG,268.13,292.72,98.01,2026-09-18,SOFTWARE - APPLICATION,84741702000,453.85,77.52,18.98,0.52,0.52,0.047,0.0018,0.0448,0.0067,3966725000,11.26,82897000,281.02,14.98,0.356,1.488,285.28,10,31,3,1,1,334905000,NA,1.17,19.96,12.17,Datadog Inc,TECHNOLOGY,25,20,40,40,46,76.1,0.06396151120725013,35.86
SANA,2.94,6.55,2.61,2026-09-26,BIOTECHNOLOGY,886108000,NA,NA,5.97,-0.72,-0.72,-1.529,-0.292,0,0,0,0,-174186000,-1.082,0,0,2.131,8.43,2,6,1,0,0,299361000,NA,NA,NA,0.516,Sana Biotechnology Inc,HEALTHCARE,50,40,15,20,9,77.8,1.8673469387755104,35.78
LSCC,128.05,157.01,60.5,2026-09-23,SEMICONDUCTORS,17402968000,471.27,37.31,21.14,0.26,0.26,0.0493,0.0387,0.0558,0.133,651117000,4.758,92137000,167.27,6,0.622,1.779,164.54,3,8,0,0,1,142030000,NA,0.591,25.36,5.74,Lattice Semiconductor Corporation,TECHNOLOGY,25,20,40,40,12,75,0.28496680983990613,35.75
PANW,374.74,398.88,139.57,2026-09-19,SOFTWARE - INFRASTRUCTURE,297408430000,886.78,90.09,11.16,0.41,0.41,0.0174,0.014,0.0267,0.054,11480001000,15.33,1560000000,220.15,0.605,0.345,0.908,395.38,11,33,9,1,1,818000000,NA,1.915,26.67,33.73,Palo Alto Networks Inc,TECHNOLOGY,25,20,40,40,55,73.6,0.05507818754336336,35.61
KYMR,111.95,130.05,51.47,2026-09-23,BIOTECHNOLOGY,10040361000,NA,NA,6.72,-3.37,-3.37,-0.241,-0.156,-2.853,-1.163,105000000,1.126,-339891008,-9.49,0,4.664,1.965,138.64,4,17,3,0,0,82258000,NA,NA,76.58,18.23,Kymera Therapeutics Inc,HEALTHCARE,50,40,15,20,24,76,0.23841000446627944,35.6
MDB,410.44,473.1,215.68,2026-09-20,SOFTWARE - INFRASTRUCTURE,30898190000,525.42,62.89,10.37,0.73,0.73,0.0199,-0.0022,0.0212,0.0368,2782770000,34.44,13854000,247.19,0.022,0.305,1.585,456.88,8,24,8,0,1,80556000,NA,1.672,10.25,36.96,MongoDB,TECHNOLOGY,25,20,40,40,41,73.2,0.11314686677711723,35.57
CRWD,252.13,250.32,85.68,2026-09-18,SOFTWARE - INFRASTRUCTURE,251580793000,4914,192.31,48.44,0.05,0.05,0.0146,-0.0078,0.0083,-0.0226,5396145000,5.33,106861000,573.8,5.33,0.258,1.255,234.35,10,30,12,0,1,1023935000,NA,7.72,45.02,4.983,Crowdstrike Holdings Inc,TECHNOLOGY,25,20,40,40,53,72.6,-0.07051917661523818,35.51
U,41.55,52.15,16.78,2026-09-26,SOFTWARE - APPLICATION,18285695000,NA,28.65,6.4,-1.36,-1.36,-0.174,-0.0312,-0.29,-0.0518,2028410000,4.7,146200000,134.62,0,0.239,2.057,49.39,4,18,4,0,0,440089000,NA,NA,9.51,6.89,Unity Software Inc,TECHNOLOGY,50,40,15,20,26,75,0.18868832731648624,35.5
QBTS,17.41,46.75,12.75,2026-09-26,COMPUTER HARDWARE,6635873000,NA,NA,5.89,-0.7,-0.7,-0.28,-0.106,0,-17.32,12425000,0.035,-161195008,-2.065,0,-0.006,2.14,34.65,1,15,1,0,0,376451000,NA,NA,473.51,2.911,D-Wave Quantum Inc. Common Stock,TECHNOLOGY,50,40,15,20,17,75,0.990235496840896,35.5
VERA,32.54,56.05,23.05,2026-09-26,BIOTECHNOLOGY,2344941000,NA,NA,5.84,-5.92,-5.92,-0.917,-0.468,0,0,0,0,-415224000,-3.597,0,0,0.953,77.5,1,12,1,0,0,72063000,NA,NA,NA,5.67,Vera Therapeutics Inc,HEALTHCARE,50,40,15,20,14,75,1.381684081130916,35.5
ETSY,68.44,87.97,44,2026-09-19,INTERNET RETAIL,6663354000,22.97,14.58,21.42,3.16,3.16,-12.24,0.105,0.0711,0.187,2941756000,30.16,470799000,14.82,-0.071,0.062,1.813,88.27,3,7,19,1,1,91782000,NA,0.766,2.921,-15.1,"Etsy, Inc.",CONSUMER CYCLICAL,60,20,15,40,31,58.1,0.2897428404441847,35.31
RGTI,16.66,58.15,12.53,2026-09-26,COMPUTER HARDWARE,5507184000,NA,NA,9.94,-0.86,-0.86,-0.438,-0.0945,0,-5.46,13353000,0.04,-87229000,1.29,0,1.853,2.01,28.81,1,8,4,0,0,333769000,NA,NA,371.15,1.611,Rigetti Computing Inc,TECHNOLOGY,50,40,15,20,13,69.2,0.7292917166866746,34.92
SOUN,6.05,22.17,5.65,2026-09-26,SOFTWARE - APPLICATION,2686879000,NA,227.27,5.54,-0.62,-0.62,-0.322,-0.195,-0.674,-0.759,203200000,0.484,-154590000,135.77,0,0.45,2.831,12.57,0,6,2,0,0,411577000,NA,NA,12.39,1.125,SoundHound AI Inc,TECHNOLOGY,50,40,15,20,8,68.8,1.0776859504132232,34.88
TSLA,372.11,498.83,297.38,2026-09-18,AUTO MANUFACTURERS,1446324339000,332.91,149.25,16.28,1.1,1.1,0.0467,0.0193,0.0367,0.0141,103619002000,32.05,10755000000,115.3,-0.03,0.255,1.845,396.94,6,16,19,3,2,3949547000,NA,4.281,13.38,22,Tesla Inc,CONSUMER CYCLICAL,25,20,40,40,46,61.4,0.06672758055413718,34.39
INTA,36.1,47.93,19.01,2026-09-23,SOFTWARE - APPLICATION,2761287000,NA,22.94,8.84,-0.51,-0.51,-0.0987,-0.0218,-0.0715,0.0057,577805000,7.26,-15965000,-56.63,0,0.13,0.45,40.29,1,3,4,0,1,76511000,NA,0.655,4.607,4.152,Intapp Inc,TECHNOLOGY,50,40,15,20,9,58.3,0.11606648199445976,33.83
CRNX,84.95,85.01,32.3,2026-09-11,BIOTECHNOLOGY,9012787000,NA,NA,7.56,-5.05,-5.05,-0.424,-0.263,0,-5.27,42156000,0.423,-544849984,-13.4,0,23.36,0.088,85,0,1,13,0,0,106095000,NA,NA,186.31,11.27,Crinetics Pharmaceuticals Inc,HEALTHCARE,50,40,15,20,14,51.8,5.885815185402844e-4,33.18
ARWR,65.92,95.49,31.45,2026-09-22,BIOTECHNOLOGY,9390597000,NA,111.11,20.18,-2.28,-2.28,-0.552,-0.081,-0.478,-2.26,669495000,4.766,-200635008,27.85,0.098,1.71,1.284,110,4,8,0,0,0,141254000,NA,-1.32,13.11,3.298,Arrowhead Pharmaceuticals Inc,HEALTHCARE,50,20,15,20,12,83.3,0.6686893203883495,32.33
ANAB,51,72.36,13.81,2026-09-22,BIOTECHNOLOGY,1634388000,NA,19.34,128.4,-1.02,-1.02,-1.145,0.0678,-0.115,-1.355,232388000,8.22,41341000,23.32,0,-0.08,0.408,89.62,3,7,0,0,0,29608500,NA,0,5.87,0.439,AnaptysBio Inc,HEALTHCARE,50,20,15,20,10,82.5,0.7572549019607844,32.25
IONS,44.5,86.74,43.01,2026-09-25,BIOTECHNOLOGY,7300477000,NA,90.91,17.29,-3.48,-3.48,-1.055,-0.124,-0.647,-0.382,874093000,5.36,-579484992,135.77,-0.437,-0.407,0.419,83.64,9,10,5,0,0,166184000,NA,25.7,8.19,2.655,Ionis Pharmaceuticals Inc,HEALTHCARE,50,20,15,20,24,79.2,0.8795505617977528,31.92
RARE,14.5,39.89,12.73,2026-09-26,BIOTECHNOLOGY,1456158000,NA,NA,19.68,-5.78,-5.78,-6.08,-0.242,-0.817,-0.35,717000000,7.13,-465000000,-6.46,0,0.281,0.315,28.05,5,13,2,0,0,98589000,NA,-0.24,1.149,-2.96,Ultragenyx,HEALTHCARE,50,20,15,20,20,78.8,0.9344827586206897,31.88
FROG,89.18,105.76,34.05,2026-09-23,SOFTWARE - APPLICATION,11090952000,NA,80.65,11.81,-0.36,-0.36,-0.0493,-0.0292,-0.0735,-0.0712,599962000,5.02,-40562000,-62.99,0,0.287,1.276,112,5,16,2,0,0,123301000,NA,NA,17.56,7.81,Jfrog Ltd,TECHNOLOGY,50,20,15,20,23,78.3,0.25588697017268436,31.83
NTRA,412.56,369.69,157.43,2026-09-20,DIAGNOSTICS & RESEARCH,53245420000,NA,5000,29.23,-1.37,-1.37,-0.125,-0.0808,-0.0711,-0.103,2707076000,19.32,-224420992,-26.8,0,0.377,1.534,344.33,5,14,3,0,0,144144000,NA,0,19.35,12.68,Natera Inc,HEALTHCARE,50,20,15,20,22,77.3,-0.16538200504169095,31.73
TEAM,187.74,198.6,56.01,2026-09-19,SOFTWARE - APPLICATION,48607715000,NA,35.84,46.05,-0.21,-0.21,-0.0448,0.0304,-0.0082,0.123,6572308000,25.26,436393000,229.68,1.722,0.276,1.159,199.23,6,21,6,0,0,159005000,NA,2.006,7.41,4.177,Atlassian Corp Plc,TECHNOLOGY,50,20,15,20,33,75,0.06120166187280271,31.5
AMPL,13.3,14.76,5.51,2026-09-20,SOFTWARE - APPLICATION,1750574000,NA,69.44,12.11,-0.75,-0.75,-0.479,-0.155,-0.266,-0.328,374369000,2.828,-96246000,-14.31,0,0.212,1.502,13.77,3,6,3,0,0,103867000,NA,NA,4.057,1.091,Amplitude Inc,TECHNOLOGY,50,20,15,20,12,75,0.035338345864661565,31.5
ERAS,14.25,24.28,1.775,2026-09-22,BIOTECHNOLOGY,5260421000,NA,NA,14.26,-0.95,-0.95,-0.782,-0.214,0,0,0,0,-147743008,-1.574,0,0,0.645,24.11,2,6,2,0,0,349762000,NA,NA,NA,1.158,Erasca Inc,HEALTHCARE,50,20,15,20,10,75,0.6919298245614035,31.5
ZS,193.05,336.99,114.62,2026-09-22,SOFTWARE - INFRASTRUCTURE,33773521000,NA,40.49,12.38,-0.39,-0.39,-0.0287,-0.0103,-0.0189,-0.0101,3352523000,20.93,43850000,171.17,0,0.249,0.948,208.86,8,29,9,0,0,163055000,NA,2.022,9.11,15.94,Zscaler Inc,TECHNOLOGY,50,20,15,20,46,74.5,0.0818958818958819,31.45
DKNG,22.02,44.22,20.46,2026-09-18,GAMBLING,11155322000,NA,14.47,21.21,-0.32,-0.32,-0.211,-0.0242,-0.0268,-0.0472,6222523000,12.55,122832000,118.69,1.846,-0.046,1.628,35.2,5,24,6,0,1,496454000,NA,0.0594,2.091,1.148,DraftKings Inc,CONSUMER CYCLICAL,50,20,15,20,36,72.2,0.5985467756584925,31.22
NET,349.02,338,158.83,2026-09-20,SOFTWARE - INFRASTRUCTURE,115227394000,NA,163.93,71.13,-0.58,-0.58,-0.144,-0.0204,-0.0821,-0.076,2512350000,7.14,-3610000,2962.92,0,0.359,1.664,336.81,7,17,8,1,1,322619000,NA,2.377,45.61,4.552,Cloudflare Inc,TECHNOLOGY,50,20,15,20,34,70.6,-0.03498366855767572,31.06
RBLX,46.44,142,33.88,2026-09-26,ELECTRONIC GAMING & MULTIMEDIA,34882978000,NA,192.31,230.25,-1.41,-1.41,-4.323,-0.0773,-0.176,-0.133,5685551000,8.04,-843521984,-24.79,0,0.359,1.474,48.97,4,14,15,2,0,669993000,NA,8.18,5.95,0.213,Roblox Corp,COMMUNICATION SERVICES,50,20,15,20,35,64.3,0.054478897502153345,30.43
ASAN,9.02,15.48,5.38,2026-09-22,SOFTWARE - APPLICATION,2177506000,NA,25.71,20.87,-0.65,-0.65,-0.938,-0.0926,-0.186,-0.191,828127000,3.505,-109700000,-13.2,0,0.099,0.951,10.08,1,4,8,2,0,159442000,NA,NA,2.531,0.452,Asana Inc,TECHNOLOGY,50,20,15,20,15,56.7,0.11751662971175172,29.67
APPN,36.01,46.06,18.63,2026-09-22,SOFTWARE - INFRASTRUCTURE,2687468000,NA,416.67,42.82,-0.14,-0.14,-9.37,0.0323,-0.0134,0.0042,795307000,10.8,39892000,126.11,0,0.191,0.94,34,0,1,5,0,1,40540200,NA,0,3.539,-1.465,Appian Corp,TECHNOLOGY,50,20,15,20,7,46.4,-0.05581782838100523,28.64
