title,url,publishedDate,source,summary,sentiment,sentiment_score,symbol,category
AMD acquires world model developer World Labs for $8.2B,https://siliconangle.com/2026/09/28/amd-acquires-world-model-developer-world-labs-for-8-2b/,2026-09-29T00:22:57Z,SiliconANGLE,"Advanced Micro Devices Inc. announced its plan to acquire World Labs Inc. for $8.2 billion in stock, seven months after participating in a $1 billion funding round for the company. World Labs, founded by AI researcher Fei-Fei Li, specializes in developing spatial intelligence or ""world models"" which generate interactive 3D environments for various applications, including robotics and visual effects. This acquisition will see Li become AMD’s executive vice president and chief scientist, furthering AMD's presence in the robotics market and strengthening its AI hardware and software development.",Somewhat-Bullish,0.260103,AMD,mergers_and_acquisitions
Form 4 Meta Platforms Inc For: 28 September By Investing.com,https://uk.investing.com/news/stock-market-news/form-4-meta-platforms-inc-for-28-september-93CH-4886529,2026-09-29T00:20:04Z,Investing.com UK,"This article from Investing.com reports on a Form 4 filing for Meta Platforms Inc., indicating transaction data for September 28. It provides a brief mention of the filing along with Meta's stock performance and various market data. The content is primarily a placeholder for the Form 4 information, surrounded by general financial news and market indices.",Somewhat-Bearish,-0.173374,META,financial_markets
Margarita Tour Could Be A Game Changer For Chipotle Stock,https://simplywall.st/stocks/us/consumer-services/nyse-cmg/chipotle-mexican-grill/news/margarita-tour-could-be-a-game-changer-for-chipotle-stock,2026-09-29T00:19:36Z,Simply Wall Street,"Chipotle Mexican Grill recently completed its ""Summon the Spirits Tour"" featuring a $6 margarita and appointed Sabir Sami, a veteran Yum! Brands leader, to its Board of Directors. While the margarita tour aims to boost near-term traffic, Sami's appointment is seen as more impactful for Chipotle's international expansion and operational efficiency. The article explores how these developments might influence Chipotle's investment narrative, especially considering analyst forecasts for revenue and earnings growth.",Somewhat-Bullish,0.203666,CMG,earnings
"Eversource crews restore power to more than 185,000 customers following nor’easter",https://greenwichfreepress.com/news/weather/eversource-crews-restore-power-to-more-than-185000-customers-following-noreaster-254530/,2026-09-29T00:15:49Z,Greenwich Free Press,"Eversource crews have restored power to over 185,000 customers in Connecticut following a challenging nor'easter that brought significant damage. While the majority of outages have been resolved, about 1,300 complex repairs remain, requiring individual assessment by lineworkers. Eversource emphasizes safety during cleanup and is also planning post-storm patrols.",Somewhat-Bullish,0.196536,ES,energy_transportation
2191 Stock Price and Chart — HKEX:2191,https://www.tradingview.com/symbols/HKEX-2191/,2026-09-28T23:58:56Z,TradingView,"This article provides detailed financial information and stock performance data for SF Real Estate Investment Trust (HKEX:2191). It includes key statistics like market capitalization, dividend yield, and EPS, along with technical analysis, analyst ratings, and a forecast. The company invests in logistics properties and has its headquarters in Hong Kong.",Neutral,0.122195,DFGR,financial_markets
Form 4 Teradyne Inc For: 28 September By Investing.com,https://in.investing.com/news/stock-market-news/form-4-teradyne-inc-for-28-september-93CH-5609906,2026-09-28T23:54:51Z,Investing.com India,This article announces that a Form 4 filing for Teradyne Inc. was submitted on September 28. It includes general market data and related news but provides no further details about the specific content of the Form 4 filing itself. The article is part of Investing.com's financial news updates.,Neutral,0.035403,TER,financial_markets
"News Corp stock at USD 29.10 on September 28, 2026",https://www.ad-hoc-news.de/boerse/news/nachboerse/news-corp-stock-at-usd-29-10-on-september-28-2026/70195781,2026-09-28T23:53:00Z,AD HOC NEWS,"News Corp Class A shares were last traded at USD 29.10 on September 28, 2026, marking a 2.14% increase from the previous close. The company has an ongoing share repurchase program, authorized to acquire up to USD 1 billion of its Class A and Class B common stock. Both share classes, NWSA and NWS, are listed on the Nasdaq Global Select Market.",Somewhat-Bullish,0.265307,NWS,financial_markets
Could Cadence Design (CDNS) and Analog Devices (ADI) Capture More of the Smart-Vehicle Opportunity?,https://finance.yahoo.com/technology/articles/could-cadence-design-cdns-analog-234719533.html,2026-09-28T23:48:09Z,Yahoo Finance,"Cadence Design Systems (CDNS) and Analog Devices (ADI) have partnered to integrate Cadence's Tensilica DSP architecture into ADI's SHARC automotive audio processors, aiming to enhance in-vehicle infotainment. This collaboration strengthens Cadence's IP business and reinforces ADI's leadership in premium automotive audio. Both companies stand to benefit from the expanding smart-vehicle electronics market, provided they effectively manage potential challenges like integration costs, regulatory risks, and market cyclicality.",Somewhat-Bullish,0.238735,ADI,earnings
"Mark Zuckerberg reports 17,140 shares converted and 27,474 sold at Meta Platforms (META).",https://www.stocktitan.net/sec-filings/META/form-4-meta-platforms-inc-insider-trading-activity-45f32277db2b.html,2026-09-28T23:48:04Z,Stock Titan,"Mark Zuckerberg, through CZI Holdings, LLC and Chan Zuckerberg Biohub, Inc., reported the conversion of 17,140 Class B Meta Platforms shares into Class A shares and the sale of 27,474 Class A shares on September 24, 2026. These transactions were executed under a Rule 10b5-1 trading plan established on January 31, 2026. Following these transactions, CZI Holdings, LLC holds 100,102,127 Class B shares.",Somewhat-Bearish,-0.22036,META,financial_markets
"Regeneron stock at USD 752.25 on September 28, 2026",https://www.ad-hoc-news.de/boerse/news/nachboerse/regeneron-stock-at-usd-752-25-on-september-28-2026/70195753,2026-09-28T23:47:00Z,AD HOC NEWS,"Regeneron's stock closed at USD 752.25 on September 28, 2026, marking a 4.54 percent decrease. The biotechnology company is scheduled to announce its third-quarter financial results on October 30 before U.S. markets open, with a conference call and webcast planned for the same day.",Somewhat-Bearish,-0.197215,REGN,earnings
Form 4 Fortive Corp For: 28 September By Investing.com,https://in.investing.com/news/stock-market-news/form-4-fortive-corp-for-28-september-93CH-5609899,2026-09-28T23:46:51Z,Investing.com India,"This article provides a Form 4 filing for Fortive Corp dated September 28, with a stock symbol of FTV. The content is very brief, mainly serving as a headline for the regulatory filing, and includes general market data and related news headlines.",Neutral,0.007698,FTV,financial_markets
$1000 Invested In Broadcom 10 Years Ago Would Be Worth This Much Today,https://www.benzinga.com/news/26/09/62037631/1000-invested-broadcom-10-years-ago-would-be-worth-much-today,2026-09-28T23:42:13Z,Benzinga,"Broadcom (NASDAQ: AVGO) has significantly outperformed the market over the last decade, with an average annual return of 35.38%. An investment of $1000 in AVGO stock 10 years ago would now be worth over $20,554.48, highlighting the power of compounded returns. The company currently has a market capitalization of $1.64 trillion.",Bullish,0.509335,AVGO,financial_markets
"NiSource stock last trades at USD 39.10 on September 28, 2026",https://www.ad-hoc-news.de/boerse/news/nachboerse/nisource-stock-last-trades-at-usd-39-10-on-september-28-2026/70195724,2026-09-28T23:40:00Z,AD HOC NEWS,"NiSource Inc. (NYSE: NI) shares closed at USD 39.10 on September 28, 2026, marking a 0.80 percent decrease from the previous close. The company also announced the release of its 2025 Sustainability Report, highlighting significant progress in renewable energy capacity and customer-centric initiatives. The report detailed nearly doubled renewable energy storage, regulatory approval for a new business model, and zero serious employee injuries in 2025.",Neutral,0.005009,NI,earnings
Form 4 Fortive Corp For: 28 September By Investing.com,https://uk.investing.com/news/stock-market-news/form-4-fortive-corp-for-28-september-93CH-4886496,2026-09-28T23:33:46Z,Investing.com UK,"This article reports on a Form 4 filing for Fortive Corp on September 28th. It is a brief announcement without further details, typical for such regulatory disclosures. The article also includes market data and links to other news and financial tools.",Neutral,0.00306,FTV,financial_markets
Here’s How Much You Would Have Made Owning AMETEK Stock In The Last 5 Years,https://www.benzinga.com/news/26/09/62037660/here-s-how-much-you-would-have-made-owning-ametek-stock-last-5-years,2026-09-28T23:32:11Z,Benzinga,"AMETEK (NYSE: AME) has outperformed the market over the last five years, with an average annual return of 15.03%. An investment of $1000 in AME stock five years ago would now be worth $2,029.43. The article highlights the significant impact of compounded returns on cash growth.",Bullish,0.357667,AME,financial_markets
"Morgan Stanley plans Dallas hub with 3,800 jobs",https://www.wfaa.com/video/money/business/morgan-stanley-plans-dallas-hub-with-3800-jobs-yall-street/287-12939128-9164-42ee-a978-b2df4b265d7f,2026-09-28T23:22:22Z,WFAA,"This article reports that Morgan Stanley is planning to establish a new hub in Dallas. The new facility is expected to create 3,800 jobs, signifying a significant expansion of the company's presence in the region.",Bullish,0.369664,MS,finance
"Banco Santander Brasil (NYSE:BSBR) Insider Sells 20,000 Shares of Stock",https://www.marketbeat.com/instant-alerts/insider-banco-santander-brasil-nyse-bsbr-insider-sells-20000-shares-of-stock-2026-09-28/,2026-09-28T23:21:00Z,MarketBeat,"Leonardo Mendes Cabral, an insider at Banco Santander Brasil (NYSE:BSBR), sold 20,000 shares for $113,600, reducing his stake by 15.09%. The stock recently traded at $5.71, and the company issued a quarterly dividend with a 7.3% annualized yield. Analysts have an average ""Reduce"" rating on the stock with a $6.10 target price.",Somewhat-Bearish,-0.283801,BSBR,finance
"Insider Selling: Banco Santander Brasil (NYSE:BSBR) VP Sells $289,500.00 in Stock",https://www.marketbeat.com/instant-alerts/insider-insider-selling-banco-santander-brasil-nyse-bsbr-vp-sells-28950000-in-stock-2026-09-28/,2026-09-28T23:21:00Z,MarketBeat,"Banco Santander Brasil (NYSE:BSBR) VP Edmilson Saes sold 50,000 shares of the company's stock for $289,500, reducing his stake by 14.28%. The stock recently traded at $5.71 and has a 7.3% dividend yield. Analysts currently hold a ""Reduce"" consensus rating for BSBR, with an average price target of $6.10.",Bearish,-0.422409,BSBR,finance
Core Scientific Inc (CORZ) Stock Down 4.7% but Still Overvalued -- GF Score: 29/100,https://www.gurufocus.com/news/9100690/core-scientific-inc-corz-stock-down-47-but-still-overvalued-gf-score-29100,2026-09-28T23:20:10Z,GuruFocus,"Core Scientific Inc (CORZ) stock recently dropped by 4.7% to $16.52, yet GuruFocus assesses it as 33.1% overvalued with a GF Value™ of $12.41. The company's GF Score™ is a low 29/100, reflecting weak profitability, growth, and financial strength, alongside significant net insider selling totaling $5.1 million. These factors suggest considerable risk and caution for potential investors, as the stock appears overvalued with poor underlying fundamentals.",Bearish,-0.745502,CORZ,earnings
"Martin Marietta stock last traded at USD 490.77 on September 28, 2026",https://www.ad-hoc-news.de/boerse/news/nachboerse/martin-marietta-stock-last-traded-at-usd-490-77-on-september-28-2026/70195625,2026-09-28T23:19:00Z,AD HOC NEWS,"Martin Marietta Materials (NYSE: MLM) last traded at USD 490.77 on September 28, 2026, marking a 1.34 percent increase from its previous close. The company recently filed a Form 8-K on September 16, 2026, detailing a material definitive agreement entered into on September 15, 2026. This filing, along with a specialized disclosure report from September 18, is available on Martin Marietta’s investor relations and SEC filings pages.",Somewhat-Bullish,0.187344,MLM,financial_markets
Microsoft forgoes $5 million; Mount Pleasant to reinvest funds,https://www.bnd.com/news/nation-world/national/article317418106.html,2026-09-28T23:16:56Z,Belleville News-Democrat,"Microsoft has decided to forgo a $5 million development incentive, allowing the Village of Mount Pleasant and the Racine Economic Development Corp. to reinvest the funds. Mount Pleasant plans to use its share ($4.9 million) to stabilize tax bills by reducing the 2027 tax levy and fund capital projects, while the redevelopment agency will use $100,000 for county-wide economic development. This decision comes as Microsoft continues to build its data center campus in the village, aiming to demonstrate its commitment to benefiting the community.",Bullish,0.434387,MSFT,earnings
Form 4 Banco Santander (Brasil) S.A. For: 28 September By Investing.com,https://uk.investing.com/news/stock-market-news/form-4-banco-santander-brasil-sa-for-28-september-93CH-4886482,2026-09-28T23:16:00Z,Investing.com UK,"The article reports on a Form 4 filing for Banco Santander (Brasil) S.A. on September 28. It provides financial data related to various indices, commodities, bonds, and shares, along with a list of trending and most popular articles on Investing.com. The core content is the announcement of the Form 4 filing for Banco Santander (Brasil) S.A.",Neutral,0.02804,BSBR,finance
"Global Payments stock at USD 84.70 on September 28, 2026",https://www.ad-hoc-news.de/boerse/news/nachboerse/global-payments-stock-at-usd-84-70-on-september-28-2026/70195612,2026-09-28T23:16:00Z,AD HOC NEWS,"Global Payments (GPN) stock closed at USD 84.70 on September 28, 2026, marking a 2.07 percent decrease from the previous session. The company's management had previously discussed the rapid integration progress of Worldpay during their Q2 2026 earnings call on August 5, detailing advancements in operating-model design, leadership structure, and technology architecture. They also emphasized capital allocation strategies including share repurchases and dividends.",Somewhat-Bearish,-0.217597,GPN,financial_markets
"Samsung Commits $1 Billion to AI Infrastructure Firm Backed by KKR, Nvidia",https://www.wsj.com/tech/ai/samsung-commits-1-billion-to-ai-infrastructure-firm-backed-by-kkr-nvidia-d1039c57,2026-09-28T23:12:35Z,WSJ,"Samsung has committed $1 billion to Helix Digital Infrastructure, an AI infrastructure firm backed by KKR and Nvidia. This investment brings Helix's total secured capital to over $11 billion, which will be used to develop data centers, power generation, and transmission for AI demand. Helix, established in June by a KKR-led consortium including Nvidia, aims to meet the growing need for complex AI infrastructure.",Somewhat-Bullish,0.31823,KKR,technology
Walmart CEO says company won't use AI to set personalized prices,https://finance.yahoo.com/technology/ai/articles/walmart-ceo-says-company-wont-230928483.html,2026-09-28T23:11:13Z,Yahoo Finance,"Walmart CEO John Furner has stated the company will not use AI to set personalized prices for customers, emphasizing they ""price the product, not the person."" This commitment extends to dynamic pricing and ensuring responsible use of customer information, despite implementing AI tools like their shopping assistant Sparky and digital shelf labels. The decision comes amidst concerns about personalized pricing practices and follows a period of slow sales growth for Walmart.",Somewhat-Bullish,0.167276,WMT,retail_wholesale
Ciena director Bruce Claflin contributes $1.02m in stock to fund,https://in.investing.com/news/stock-market-news/ciena-director-bruce-claflin-contributes-102m-in-stock-to-fund-93CH-5609872,2026-09-28T23:09:06Z,Investing.com India,"Ciena director Bruce Claflin contributed 2,857 shares of common stock, valued at $1.02 million, to an exchange fund on September 24, 2026. This transaction leaves Mr. Claflin with 50,843 directly held shares and 8,279 indirectly held in a spousal trust. Despite Ciena's strong 143% return over the past year, the stock has recently pulled back 14%, and InvestingPro analysis suggests it is currently overvalued.",Somewhat-Bullish,0.189381,CIEN,earnings
Samsung commits $1 billion to help build the infrastructure AI needs,https://www.stocktitan.net/news/KKR/samsung-commits-1-billion-to-helix-digital-infrastructure-to-support-c2c4q8rscaky.html,2026-09-28T23:03:35Z,Stock Titan,"Samsung has committed $1 billion to Helix Digital Infrastructure, an AI infrastructure company formed by KKR, to support the growing global demand for AI infrastructure. This investment builds on over $10 billion already committed to Helix by other founding investors, including KKR, Kuwait Investment Authority, NVIDIA, and Vistra. Helix aims to invest in and manage AI-enabling infrastructure worldwide, leveraging Samsung's expertise in technology, construction, energy storage, and cooling.",Neutral,0.016619,KKR,technology
Form 4 Central Garden & Pet Company For: 28 September By Investing.com,https://ca.investing.com/news/stock-market-news/form-4-central-garden--pet-company-for-28-september-93CH-4856864,2026-09-28T23:02:53Z,Investing.com Canada,"This article announces the filing of Form 4 for Central Garden & Pet Company on September 28. It provides a brief financial update showing CENT with a 0.43% gain. The piece itself is very short, primarily serving as an announcement, and includes no detailed financial analysis.",Neutral,0.003174,CENTA,financial_markets
"Avery Dennison stock at USD 171.89 on September 28, 2026",https://www.ad-hoc-news.de/boerse/news/nachboerse/avery-dennison-stock-at-usd-171-89-on-september-28-2026/70195542,2026-09-28T23:02:00Z,AD HOC NEWS,"Avery Dennison Corporation's stock was quoted at USD 171.89 on September 28, 2026, at 20:00 UTC in extended trading. The company previously hosted a High-Value Category Investor Showcase on September 23, 2026, in Mentor, Ohio, where senior management discussed their portfolio and industry trends. Avery Dennison, a materials science and digital identification solutions company, also provided demonstrations of their high-value products at the event.",Neutral,0.146081,AVY,financial_markets
Microsoft forgoes $5 million annual incentive from Village of Mount Pleasant,https://biztimes.com/microsoft-forgoes-5-million-annual-incentive-from-village-of-mount-pleasant/,2026-09-28T23:01:03Z,BizTimes - Milwaukee Business News,"Microsoft has opted to forgo its $5 million annual development incentive from the Village of Mount Pleasant. This decision means the funds will be largely redirected for property tax relief and distributed to the Racine County Economic Development Corp. (RCEDC), with approximately $100,000 staying with RCEDC for county-wide economic development.",Neutral,0.120606,MSFT,real_estate
Microsoft forgoes $5 million; Mount Pleasant to reinvest funds,https://www.jsonline.com/story/money/business/2026/09/28/microsoft-forgoes-5-million-mount-pleasant-to-reinvest-funds/91989988007/,2026-09-28T23:00:03Z,Milwaukee Journal Sentinel,"Microsoft has decided to forgo a $5 million development incentive it was to receive from the Village of Mount Pleasant. The funds will be reinvested, with $4.9 million going back to Mount Pleasant and $100,000 to the Racine Economic Development Corp. This money is intended for county-wide economic development initiatives.",Neutral,0.131863,MSFT,economy_fiscal
Microsoft Foregoes Data Center Incentive,https://urbanmilwaukee.com/pressrelease/microsoft-foregoes-data-center-incentive/,2026-09-28T22:59:56Z,Urban Milwaukee,"Microsoft is redirecting its $5 million annual development incentive in Mount Pleasant, Wisconsin, to allow the Village to provide immediate and long-term property tax relief to its residents. This decision follows Microsoft's Community-First AI Infrastructure Initiative, where the company committed to foregoing local property tax incentives. The funds will help stabilize tax bills and cover capital costs, with a portion also going to the Racine County Economic Development Corporation for county-wide initiatives.",Somewhat-Bullish,0.321972,MSFT,economy_fiscal
"Textron stock at USD 77.37 on September 28, 2026",https://www.ad-hoc-news.de/boerse/news/nachboerse/textron-stock-at-usd-77-37-on-september-28-2026/70195527,2026-09-28T22:59:00Z,AD HOC NEWS,"Textron stock closed at USD 77.37 on September 28, 2026, marking a 1.02 percent increase from its previous close. The company's aviation unit also celebrated a significant milestone with the rollout of the 500th Cessna Citation Latitude business jet, highlighting strong production and customer demand.",Somewhat-Bullish,0.318443,TXT,financial_markets
Form 13D/A Colliers International Group Inc. For: 28 September,https://in.investing.com/news/stock-market-news/form-13da-colliers-international-group-inc-for-28-september-93CH-5609855,2026-09-28T22:54:17Z,Investing.com India,"This article announces the filing of Form 13D/A for Colliers International Group Inc. on September 28. It is a brief, procedural notice from Investing.com, likely indicating a significant ownership disclosure or amendment related to the company's stock.",Neutral,7e-5,CIGI,financial_markets
"Hormel Foods stock last trades at USD 19.97 on September 28, 2026",https://www.ad-hoc-news.de/boerse/news/nachboerse/hormel-foods-stock-last-trades-at-usd-19-97-on-september-28-2026/70195480,2026-09-28T22:52:00Z,AD HOC NEWS,"Hormel Foods (US4404521001) stock last traded at USD 19.97 on September 28, 2026, marking a 1.32 percent increase. The company reported adjusted diluted earnings per share of USD 0.37 for the fiscal third quarter and updated its fiscal 2026 outlook, raising and narrowing its adjusted EPS guidance to USD 1.45–USD 1.51 and projecting net sales of USD 12.10 billion–USD 12.20 billion.",Somewhat-Bullish,0.296635,HRL,earnings
"Bristol Myers Squibb stock at USD 63.88 on September 28, 2026",https://www.ad-hoc-news.de/boerse/news/nachboerse/bristol-myers-squibb-stock-at-usd-63-88-on-september-28-2026/70195446,2026-09-28T22:48:00Z,AD HOC NEWS,"Bristol Myers Squibb's stock closed at USD 63.88 on September 28, 2026, on the New York Stock Exchange, marking a 1.62% increase. The company recently announced positive Phase 3 data for its multiple myeloma drug ZENBEXUS and declared a quarterly dividend of USD 0.63 per share.",Bullish,0.437643,BMY,life_sciences
Exclusive | Goldman’s Board Has Discussed a Plan to Name John Waldron as Its Next CEO,https://www.wsj.com/finance/banking/goldmans-board-has-discussed-a-plan-to-name-john-waldron-as-its-next-ceo-7c5d90dd,2026-09-28T22:43:14Z,WSJ,"Goldman Sachs' board has reportedly discussed a plan for David Solomon to transition from CEO to executive chairman, with current Chief Operating Officer John Waldron stepping into the CEO role. This leadership change could occur as early as next year, with Waldron potentially taking over the top position around late 2027 or 2028. Solomon is expected to remain as executive chairman for one to two years after stepping down as CEO.",Neutral,0.115418,GS,finance
"NetApp (NTAP) CEO George Kurian Sells 37,000 Shares as Stock Trades Significantly Above GF Value",https://www.gurufocus.com/news/9100586/netapp-ntap-ceo-george-kurian-sells-37000-shares-as-stock-trades-significantly-above-gf-value,2026-09-28T22:41:44Z,GuruFocus,"NetApp CEO George Kurian sold 37,000 shares of NTAP on September 24, 2026, bringing his total shares owned to 268,537. This sale is part of a broader trend of insider selling at NetApp, with no insider buys and 26 insider sells in the past year. The stock is currently trading at $199.95, significantly above its GF Value of $135.02, indicating it is overvalued.",Bearish,-0.438949,NTAP,earnings
Walmart CEO says company won't use AI to set personalized prices,https://www.usatoday.com/story/money/retail/2026/09/28/walmart-ceo-against-personalized-prices-ai/91993420007/,2026-09-28T22:41:18Z,USA Today,"Walmart's CEO, John Furner, has publicly stated that the company will not use artificial intelligence to set personalized prices for customers. Furner emphasized that Walmart prices the product, not the person, and will continue to have its people oversee pricing. This commitment comes amidst increasing concerns about dynamic pricing and the use of personal information by AI.",Somewhat-Bullish,0.293735,WMT,retail_wholesale
"KeyCorp stock last traded at USD 20.40 on September 28, 2026",https://www.ad-hoc-news.de/boerse/news/nachboerse/keycorp-stock-last-traded-at-usd-20-40-on-september-28-2026/70195406,2026-09-28T22:41:00Z,AD HOC NEWS,"KeyCorp's stock last traded at USD 20.40 on September 28, 2026, marking a 1.02 percent decrease from its previous close. This occurred after the company, effective September 17, raised its prime lending rate to 7.00 percent from 6.75 percent. KeyCorp, a Cleveland-based financial services company, offers deposit, lending, cash-management, and investment services through KeyBank National Association.",Somewhat-Bearish,-0.346601,KEY,financial_markets
Cintas (CTAS) Beats Estimates and Raises Fiscal 2027 Guidance Despite UniFirst Deal Uncertainty,https://finance.yahoo.com/markets/stocks/articles/cintas-ctas-beats-estimates-raises-223833348.html,2026-09-28T22:39:14Z,Yahoo Finance,"Cintas (CTAS) reported strong Q1 fiscal 2027 results, beating revenue and adjusted EPS estimates and subsequently raising its full-year fiscal 2027 guidance. Despite ongoing uncertainty surrounding regulatory clearance for its UniFirst acquisition and potential second-half margin pressure, the company saw double-digit revenue growth and improved profitability driven by volume growth, new customers, and cross-selling. Hedge fund interest in CTAS slightly increased, and short interest remains low, indicating a generally bullish sentiment supported by recent performance.",Bullish,0.517027,CTAS,earnings
"Equifax stock at USD 148.11 on September 28, 2026",https://www.ad-hoc-news.de/boerse/news/nachboerse/equifax-stock-at-usd-148-11-on-september-28-2026/70195381,2026-09-28T22:37:00Z,AD HOC NEWS,"Equifax Inc. stock traded at USD 148.11 on September 28, 2026. The company announced that its second-quarter Market Pulse Index rose to 61.3, marking the first pause in the widening K-shaped economic gap in three years. This improvement was attributed to wealth and asset cushions, with financial stability improving across all generations.",Somewhat-Bullish,0.306537,EFX,earnings
"CDW Corporation stock last trades at USD 130.33 on September 28, 2026",https://www.ad-hoc-news.de/boerse/news/nachboerse/cdw-corporation-stock-last-trades-at-usd-130-33-on-september-28-2026/70195341,2026-09-28T22:32:00Z,AD HOC NEWS,"CDW Corporation's stock last traded at USD 130.33 on September 28, 2026, marking a 3.77 percent decrease. The company also announced the completion of its acquisition of Lovelytics, a data and AI services firm, on September 25, 2026. This acquisition, valued at approximately USD 525 million, is expected to expand CDW's Services & Solutions portfolio and strengthen its Data & Analytics Practice.",Neutral,0.126981,CDW,financial_markets
"Former Bausch & Lomb Director Karen Ling Files Form 144 to Sell 4,500 Shares",https://kalkinemedia.com/us/news/announcements/former-bausch-lomb-director-karen-ling-files-form-144-to-sell-4500-shares,2026-09-28T22:30:51Z,Kalkine Media,"Karen Ling, a former director of Bausch & Lomb Corp, has filed a Form 144 notice to sell 4,500 shares of the company's common stock, valued at $75,735.00. These shares originate from restricted stock vestings in 2024 and 2025 as compensation. The sale will be executed via Fidelity Brokerage Services LLC, and Ling has not sold any other Bausch & Lomb securities in the past three months.",Neutral,0.013507,BLCO,finance
BJ's Wholesale Club Holdings Inc (BJ) Shares Surge 3.2% -- What GF Score of 88 Tells Investors,https://www.gurufocus.com/news/9100604/bjs-wholesale-club-holdings-inc-bj-shares-surge-32-what-gf-score-of-88-tells-investors,2026-09-28T22:30:16Z,GuruFocus,"BJ's Wholesale Club Holdings Inc (BJ) shares recently surged 3.2% to $96.81, indicating strong market performance. The stock is considered undervalued with a GF Value™ of $104.07, and it boasts a high GF Score™ of 88/100, driven by excellent growth and momentum ratings. Despite insider selling, guru ownership shows positive sentiment, suggesting potential for investors.",Bullish,0.390022,BJ,retail_wholesale
"Synchrony Financial stock at USD 71.52 on September 28, 2026, down 1.95 percent",https://www.ad-hoc-news.de/boerse/news/nachboerse/synchrony-financial-stock-at-usd-71-52-on-september-28-2026-down-1-95/70195332,2026-09-28T22:30:00Z,AD HOC NEWS,"Synchrony Financial's stock closed at USD 71.52 on September 28, 2026, marking a 1.95 percent decrease from the previous session. The company is scheduled to release its third-quarter 2026 financial results on October 20, with earnings and presentation materials available at 6:00 a.m. Eastern Time, followed by a conference call at 8:00 a.m. Eastern Time.",Somewhat-Bearish,-0.255475,SYF,earnings
Bank of Nova Scotia Announces SpaceX-Linked Auto-Callable Trigger PLUS Structured Notes,https://kalkinemedia.com/us/news/announcements/bank-of-nova-scotia-announces-spacex-linked-auto-callable-trigger-plus-structured-notes,2026-09-28T22:28:51Z,Kalkine Media,"The Bank of Nova Scotia has filed a free writing prospectus for Auto-Callable Dual Directional Trigger Performance Leveraged Upside Securities (Trigger PLUS) linked to SpaceX common stock. These structured notes, maturing around November 3, 2028, offer a 150% leverage factor for upside performance and detail payout scenarios including early redemption and potential losses if the stock falls below a 65% trigger price. The estimated value at pricing is below the $1,000 issue price, and the notes will not be listed on any exchange.",Neutral,0.144367,BNS,finance
"INVESTOR DEADLINE: Doximity, Inc. Investors with Substantial Losses May Seek to Lead Class Action Lawsuit before November 16, 2026 Deadline, Robbins Geller Rudman & Dowd LLP Announces - DOCS",https://www.businesswire.com/news/home/20260928454954/en/INVESTOR-DEADLINE-Doximity-Inc.-Investors-with-Substantial-Losses-May-Seek-to-Lead-Class-Action-Lawsuit-before-November-16-2026-Deadline-Robbins-Geller-Rudman-Dowd-LLP-Announces---DOCS,2026-09-28T22:27:10Z,Business Wire,"Robbins Geller Rudman & Dowd LLP announces a class action lawsuit against Doximity, Inc. (NYSE: DOCS) for alleged violations of the Securities Exchange Act of 1934. Investors who purchased Doximity common stock between August 8, 2024, and May 13, 2026, have until November 16, 2026, to seek appointment as lead plaintiff. The lawsuit claims Doximity made false and misleading statements regarding its revenue growth from Newsfeed and its market share, leading to significant stock price drops following earnings and guidance updates.",Bearish,-0.412582,DOCS,finance
Coeur Mining Inc (CDE) Shares Fall 7.0% -- What GF Score of 81 T,https://www.gurufocus.com/news/9100544/coeur-mining-inc-cde-shares-fall-70-what-gf-score-of-81-tells-investors,2026-09-28T22:26:54Z,GuruFocus,"Coeur Mining Inc (CDE) shares dropped 7.0% to $17.87, now considered 45.9% overvalued according to GuruFocus' GF Value™ estimate of $12.25. Despite a strong GF Score™ of 81/100, indicating robust growth and financial strength, insider selling activity suggests a lack of confidence. The stock's P/E ratio of 14.7x is below its historical median, yet it remains overvalued.",Bearish,-0.413832,CDE,financial_markets
"Zimmer Biomet stock closes at USD 91.04 on September 25, 2026",https://www.ad-hoc-news.de/boerse/news/nachboerse/zimmer-biomet-stock-closes-at-usd-91-04-on-september-25-2026/70195285,2026-09-28T22:26:00Z,AD HOC NEWS,"Zimmer Biomet's stock closed at USD 91.04 on September 25, 2026. The company also announced several leadership changes effective October 1, including new presidents for different regions and business units, while reiterating its full-year 2026 financial outlook.",Neutral,-0.05355,ZBH,earnings
