symbol,fcf_sec,fcf_latest_sec,fcf_years_sec,ocf_sec,capex_sec,revenue_sec,gross_margin_sec,equity_sec,total_debt_sec,cash_sec,debt_equity_sec,rev_cagr_sec
ZM,1734906000,1924087000,3,1989048000,64961000,4868769000,0.7702,11303611000,NA,931992000,NA,0.037
ACAD,92998000,105146000,3,109836000,4690000,726437000,0.9427,1306609000,NA,384985000,NA,0.2145
PD,98942000,111916000,3,114857000,2941000,492546000,0.8495,231961000,420614000,233651000,1.8133,0.0694
WAL,NA,NA,0,-2678900000,NA,135800000,NA,7842000000,1479000000,NA,0.1886,0.1736
HON,5082333333.333333,5422000000,3,6408000000,986000000,37442000000,NA,18537000000,31510000000,8751000000,1.6998,0.065
FHN,1027000000,595000000,3,628000000,33000000,3419000000,NA,9168000000,NA,NA,NA,-0.0069
INCY,NA,NA,0,1413498000,NA,5141242000,NA,6344427000,NA,3982375000,NA,0.1795
ZION,925000000,952000000,3,1073000000,121000000,662000000,NA,7681000000,1956000000,NA,0.2547,0.0367
CROX,799052666.6666666,659200000,3,710431000,51231000,4040647000,0.5833,1384674000,1313208000,170276000,0.9484,0.0098
DUOL,264515666.66666666,369727000,3,387823000,18096000,1037589000,0.7223,1409742000,NA,1180887000,NA,0.3977
BAC,NA,NA,0,12613000000,NA,113097000000,NA,301094000000,339863000000,NA,1.1288,0.049
DECK,999834333.3333334,1097332000,3,1181955000,84623000,5472296000,0.577,2301682000,NA,1602589000,NA,0.1297
GOOGL,71841666666.66667,73266000000,3,164713000000,91447000000,402836000000,NA,640480000000,100164000000,55911000000,0.1564,0.1448
AMZN,24263333333.333332,7695000000,3,139514000000,131819000000,716924000000,NA,551620000000,132224000000,78213000000,0.2397,0.1168
CALM,565431333.3333334,328533000,3,479753000,151220000,2911632000,0.2308,2632732000,NA,107217000,NA,0.1187
TROW,1217533333.3333333,1479200000,3,1753400000,274200000,7314800000,NA,11002500000,NA,3234300000,NA,0.0641
JAZZ,1240968000,1297021000,3,1355773000,58752000,4267586000,NA,4801700000,4351400000,1619800000,0.9062,0.055
MLI,623695000,686639000,3,755444000,68805000,4178547000,NA,3547750000,5243000,1388748000,0.0015,0.1053
JPM,NA,NA,0,-147782000000,NA,182447000000,NA,374598000000,NA,NA,NA,0.0742
FIZZ,164711333.33333334,156112000,3,181254000,25142000,1180552000,0.3704,635714000,NA,349543000,NA,-0.0047
CFR,436432666.6666667,127327000,3,273979000,146652000,2235244000,NA,4622643000,NA,NA,NA,0.0606
QCOM,11276666666.666666,12820000000,3,14012000000,1192000000,44284000000,NA,27658000000,16802000000,4533000000,0.6075,0.1119
ONON,NA,NA,0,NA,NA,NA,NA,NA,NA,NA,NA,NA
EXP,331442333.3333333,197427000,3,614166000,416739000,2308658000,0.2827,1486932000,1757011000,233539000,1.1816,0.0109
RJF,169666666.66666666,2246000000,3,2434000000,188000000,15912000000,NA,12699000000,950000000,9977000000,0.0748,0.1067
YETI,222298000,212070000,3,254737000,42667000,1868494000,0.5741,609504000,100662000,NA,0.1652,0.0614
JBSS,29647333.333333332,35748000,3,123837000,88089000,1175673000,0.1796,379948000,43567000,1147000,0.1147,0.0498
SENEA,89325000,298250000,2,335475000,37225000,NA,NA,774456000,217102000,86921000,0.2803,NA
NEE,NA,NA,0,12485000000,NA,NA,NA,55222000000,97785000000,1998000000,1.7708,NA
ACN,9494991333.333334,10874360000,3,11474399000,600039000,69672977000,NA,31890566000,5029449000,10165245000,0.1577,0.0425
PEP,7595000000,7672000000,3,12087000000,4415000000,93925000000,0.5415,22098000000,43921000000,10251000000,1.9876,0.0133
MS,NA,NA,0,-17889000000,NA,NA,NA,116329000000,383156000000,160135000000,3.2937,NA
NBIX,555833333.3333334,748700000,3,782700000,34000000,2860500000,NA,3693600000,NA,332400000,NA,0.2312
OLLI,143884333.33333334,194660000,3,296539000,101879000,2649198000,0.405,1895599000,1420000,120765000,7e-4,0.1225
PG,14784666666.666666,14044000000,3,17817000000,3773000000,84284000000,NA,54311000000,29299000000,NA,0.5395,0.0138
DKS,616448666.6666666,400167000,3,1537343000,1137176000,17215120000,0.3292,5725722000,NA,913736000,NA,0.1514
MSFT,68385666666.666664,71611000000,3,136162000000,64551000000,281724000000,0.6882,442387000000,40294000000,20935000000,0.0911,0.153
IBM,12395000000,12102000000,3,13193000000,1091000000,67535000000,0.5819,34452000000,56212000000,7172000000,1.6316,0.0449
NTRS,2460366666.6666665,5459500000,3,5533500000,74000000,8086400000,NA,13401600000,NA,NA,NA,0.0926
INTU,5217333333.333333,6123000000,3,6207000000,84000000,18831000000,NA,20629000000,6162000000,4681000000,0.2987,0.1448
META,48083000000,46109000000,3,115800000000,69691000000,200966000000,NA,261221000000,83664000000,15462000000,0.3203,0.2205
WLDN,54548666.666666664,70697000,3,80084000,9387000,681552000,0.3751,350465000,67245000,34870000,0.1919,0.1559
LMB,42084000,41893000,3,45700000,3807000,646804000,0.2618,203148000,35842000,17529000,0.1764,0.1192
CVX,17138666666.666666,16592000000,3,33939000000,17347000000,189031000000,NA,189883000000,39781000000,NA,0.2095,-0.0301
MA,14358000000,17159000000,3,17648000000,489000000,32791000000,NA,5611000000,24643000000,11291000000,4.3919,0.143
V,19988666666.666668,21577000000,3,23059000000,1482000000,40000000000,NA,35178000000,23858000000,12359000000,0.6782,0.1068
NVDA,61516666666.666664,96676000000,3,102718000000,6042000000,215938000000,0.7107,228984000000,33366000000,22443000000,0.1457,0.8827
KO,6594666666.666667,5296000000,3,7408000000,2112000000,47941000000,0.6163,36150000000,37001000000,12907000000,1.0235,0.0236
XOM,NA,NA,0,NA,NA,NA,NA,259380000000,32229000000,10588000000,0.1243,NA
ORCL,-4091000000,-23686000000,3,31977000000,55663000000,67357000000,NA,42508000000,129541000000,31289000000,3.0474,0.1278
GGG,539709000,637922000,3,683591000,45669000,2236604000,0.5245,2522688000,NA,507575000,NA,0.0093
NFLX,7769542666.666667,9461053000,3,10149273000,688220000,45183036000,NA,30152052000,11825548000,9099232000,0.3922,0.1575
SPGI,4862666666.666667,5456000000,3,5651000000,195000000,15336000000,NA,31501000000,12598000000,4134000000,0.3999,0.10780000000000001
QRVO,623374000,679561000,3,808631000,129070000,3678517000,0.4589,3471925000,1549138000,1328943000,0.4462,-0.0121
HD,15639000000,12646000000,3,16325000000,3679000000,164683000000,0.3332,16617000000,49397000000,2085000000,2.9727,0.0386
UPS,5352666666.666667,4765000000,3,8450000000,3685000000,88661000000,NA,15067000000,23585000000,4653000000,1.5653,-0.0127
AMKR,352205666.6666667,190992000,3,1095606000,904614000,6707981000,0.1399,4650412000,2334950000,1551890000,0.5021,0.0156
ARHS,57987000,58978000,3,136848000,77870000,1379222000,0.3889,414947000,NA,226399000,NA,0.0349
HALO,495411000,644588000,3,651558000,6970000,1396611000,NA,143543000,2146654000,163138000,14.9548,0.2978
BLK,4024666666.6666665,3552000000,3,3927000000,375000000,12794000000,NA,57613000000,12744000000,10492000000,0.2212,0.4829
JNJ,19262666666.666668,19698000000,3,24530000000,4832000000,94193000000,0.6788,84971000000,39344000000,20422000000,0.463,0.0517
TWLO,NA,NA,0,1003244000,NA,5067220000,0.4892,8977808000,993162000,823261000,0.1106,0.1045
AMGN,8617666666.666666,8100000000,3,9958000000,1858000000,36751000000,NA,11688000000,57304000000,13989000000,4.9028,0.1418
CRM,12111333333.333334,14402000000,3,14996000000,594000000,41525000000,0.7768,38378000000,39288000000,8310000000,1.0237,0.0915
ANET,3309400000,4252400000,3,4371900000,119500000,9005700000,0.6406,14797700000,NA,2290200000,NA,0.2397
STRL,397677000,362676000,3,439988000,77312000,2490049000,0.2298,1357315000,283875000,464451000,0.2091,0.1236
AVGO,21320333333.333332,26914000000,3,27537000000,623000000,63887000000,0.6777,87691000000,64907000000,19628000000,0.7402,0.3355
LLY,NA,NA,0,16813000000,NA,65179000000,NA,33879000000,47858000000,8950000000,1.4126,0.3821
FIVE,227636666.66666666,411687000,3,586428000,174741000,4764147000,NA,2476123000,NA,561083000,NA,0.1569
TER,450025333.3333333,450406000,3,674415000,224009000,3190024000,0.5822,3437162000,NA,349538000,NA,0.0918
KRYS,69164333.33333333,188914000,3,200865000,11951000,389130000,NA,1359126000,NA,427740000,NA,1.7704
TMO,6829000000,6293000000,3,7818000000,1525000000,44556000000,NA,52679000000,42284000000,4064000000,0.8027,0.0196
GRMN,1261518000,1362913000,3,1633359000,270446000,7245519000,0.5874,9029013000,NA,2334235000,NA,0.1772
CAT,10084333333.333334,8918000000,3,11739000000,2821000000,67589000000,NA,19394000000,30696000000,6713000000,1.5828,0.0039
AAPL,102386000000,98767000000,3,111482000000,12715000000,416161000000,0.4691,107520000000,82347000000,39544000000,0.7659,0.042
TXN,1816666666.6666667,2603000000,3,7153000000,4550000000,17682000000,0.5702,18007000000,14052000000,3660000000,0.7804,0.0046
HUBB,800200000,874700000,3,1029800000,155100000,5844600000,0.3532,3911900000,4803900000,378600000,1.228,0.043
IESC,181441000,218843000,3,286096000,67253000,3371468000,0.2549,1229242000,0,77278000,0,0.1909
ALNY,154913000,465383000,3,524080000,58697000,3713937000,NA,1354118000,NA,1708318000,NA,0.4253
FTNT,1945466666.6666667,2225800000,3,2590600000,364800000,6799600000,0.8046,1551100000,496900000,2934900000,0.3204,0.1322
ALRM,153925666.66666666,137049000,3,153330000,16281000,1011187000,NA,864455000,NA,479418000,NA,0.0709
DOCN,133573000,180518000,3,309604000,129086000,901427000,0.5986,930731000,921053000,767026000,0.9896,0.1406
LIN,5177666666.666667,5089000000,3,10350000000,5261000000,33986000000,NA,39081000000,23152000000,4898000000,0.5924,0.0171
GE,5089666666.666667,7264000000,3,8537000000,1273000000,45855000000,NA,17640000000,20469000000,NA,1.1604,0.139
KEYS,1130000000,1281000000,3,1409000000,128000000,5375000000,NA,6571000000,2517000000,2605000000,0.383,-0.0082
IBKR,NA,NA,0,15811000000,NA,2440000000,NA,5904000000,NA,7711000000,NA,0.2518
UNH,20820666666.666668,16075000000,3,19697000000,3622000000,447567000000,NA,104513000000,69501000000,28585000000,0.665,0.0974
MEDP,550286666.6666666,681867000,3,713223000,31356000,2530234000,NA,433861000,NA,502688000,NA,0.1583
NDSN,586532333.3333334,661115000,3,719175000,58060000,2791687000,NA,3269059000,1539005000,113431000,0.4708,0.0305
TXRH,319769666.6666667,342071000,3,730067000,387996000,5878075000,NA,1558552000,50000000,202427000,0.0321,0.1265
MYRG,76550666.66666667,232195000,3,326567000,94372000,3657889000,0.1159,660423000,9372000,137872000,0.0142,0.0019
ABBV,19236666666.666668,17816000000,3,19030000000,1214000000,61160000000,NA,-5935000000,64503000000,6569000000,NA,0.0611
HOOD,NA,NA,0,1638000000,NA,4473000000,NA,8567000000,NA,5362000000,NA,0.5487
VEEV,NA,NA,0,1415225000,NA,3195311000,0.7553,7431449000,NA,1812012000,NA,0.1627
ISRG,1514700000,2490700000,3,3030500000,539800000,10064700000,0.66,18168400000,NA,2760400000,NA,0.1886
RTX,5980666666.666667,7940000000,3,10567000000,2627000000,80738000000,NA,66377000000,31858000000,8305000000,0.48,0.1338
WTS,321066666.6666667,356300000,3,402000000,45700000,2438500000,0.4946,2189400000,108000000,347900000,0.0493,0.089
MPWR,629705333.3333334,666189000,3,838202000,172013000,2790459000,0.5518,3895424000,NA,1005587000,NA,0.2379
CRS,132266666.66666667,286100000,3,440400000,154300000,2877100000,0.2671,2227600000,690700000,393300000,0.3101,0.0621
DHR,5445666666.666667,5260000000,3,6416000000,1156000000,24568000000,0.5911,52581000000,25147000000,NA,0.4783,0.0141
WMT,14234333333.333334,14923000000,3,41565000000,26642000000,713163000000,NA,98238000000,39932000000,11529000000,0.4065,0.049
PRIM,272600000,340500000,3,470400000,129900000,7574900000,0.1073,1606300000,797000000,218200000,0.4962,0.1512
TOST,335666666.6666667,608000000,3,661000000,53000000,6153000000,0.2589,2045000000,NA,1015000000,NA,0.2617
VITL,9103666.666666666,-48235000,3,33715000,81950000,759444000,0.3762,283653000,30000000,21239000,0.1058,0.2687
PTGX,56011000,56081000,3,57671000,1590000,NA,NA,841543000,NA,420078000,NA,NA
ATI,129000000,333700000,3,614300000,280600000,4587400000,0.2195,1876700000,1808400000,783000000,0.9636,0.0484
LOVE,30616333.333333332,26193000,3,49328000,23135000,697115000,0.5641,205534000,NA,56998000,NA,-0.0023
AFRM,261322666.66666666,601720000,3,793909000,192189000,3224412000,NA,5483824000,9794058000,1630038000,1.786,0.425
FIGS,67236666.66666667,53002000,3,61170000,8168000,631098000,0.6653,442365000,NA,108539000,NA,0.0755
WDAY,2295333333.3333335,2777000000,3,2939000000,162000000,9552000000,NA,6460000000,2989000000,661000000,0.4627,0.1471
SWKS,1473200000,1105800000,3,1300800000,195000000,4086900000,0.4116,5738300000,496900000,790000000,0.0866,-0.0746
DOCU,955327000,1058562000,3,1165007000,106445000,3219500000,0.794,1718520000,NA,528161000,NA,0.0797
AMD,3420333333.3333335,6735000000,3,7709000000,974000000,34639000000,0.4952,67224000000,3226000000,5086000000,0.048,0.2358
SOFI,-4199174000,-3984902000,3,-3742458000,242444000,619353000,NA,11076227000,3300544000,3126237000,0.298,0.2123
MTZ,584278333.3333334,285729000,3,545714000,259985000,14299171000,NA,3476968000,2573839000,315641000,0.7403,0.0918
MITK,38329000,54185000,3,55340000,1155000,179691000,NA,250523000,49375000,90045000,0.1971,0.0205
ORN,-1314000,-10796000,3,28066000,38862000,852260000,0.1239,164457000,99162000,2527000,0.603,0.0942
ROAD,111289333.33333333,153372000,3,291303000,137931000,2812356000,0.1561,1040736000,1786166000,94547000,1.7163,0.3412
COST,7070333333.333333,7837000000,3,13335000000,5498000000,275235000000,NA,33509000000,5670000000,18946000000,0.1692,0.0658
BMRN,424980333.3333333,724956000,3,827994000,103038000,3221253000,NA,6321692000,4186142000,874005000,0.6622,0.1539
OKTA,707000000,875000000,3,884000000,9000000,2919000000,0.7736,6973000000,NA,763000000,NA,0.1357
ROKU,288219666.6666667,478438000,3,483718000,5280000,4737251000,0.4379,2823452000,NA,2001815000,NA,0.166
BARK,-14193666.666666666,-26574000,3,-23158000,3416000,394843000,0.6126,76232000,0,16090000,0,-0.1025
PLNT,212610333.33333334,254751000,3,418421000,163670000,1324144000,NA,-612737000,2474032000,298265000,NA,0.1117
ON,1023133333.3333334,1418600000,3,1759800000,341200000,5995400000,0.3309,7218700000,4459400000,3514500000,0.6178,-0.1477
YEXT,48281666.666666664,53290000,3,55847000,2557000,446579000,0.7446,35662000,147704000,86828000,4.1418,0.051
SG,-74482333.33333333,-119188000,3,-12696000,106492000,679474000,NA,467621000,NA,142631000,NA,0.0786
WING,97357666.66666667,105624000,3,153065000,47441000,696853000,NA,-772987000,1210589000,127455000,NA,0.2307
SMPL,175802666.66666666,157915000,3,178457000,20542000,1450920000,0.3624,1418120000,397037000,123884000,0.28,0.0805
MCD,7037666666.666667,7186000000,3,10551000000,3365000000,26885000000,NA,-1023000000,40588000000,822000000,NA,0.0269
SRPT,-409097666.6666667,-307451000,3,-205479000,101972000,2198237000,NA,1527798000,847623000,571148000,0.5548,0.3297
OLMA,-104510000,-146875000,1,-146716000,159000,NA,NA,430564000,NA,48599000,NA,NA
PINS,932258333.3333334,1251889000,3,1284264000,32375000,4221767000,NA,2893898000,NA,422484000,NA,0.1755
UPST,-25272333.333333332,-148072000,3,-147725000,347000,1043857000,NA,797488000,2003129000,455957000,2.5118,0.4257
BRCC,-21005000,-13470000,3,-9810000,3660000,398263000,0.3464,48324000,31609000,12029000,0.6541,0.0033
MCHP,1416900000,871000000,3,962100000,91100000,4713100000,0.5773,6451000000,5361300000,272300000,0.8311,-0.2143
NPWR,-127149000,-153998000,2,-120784000,33214000,0,NA,83527000,NA,117933000,NA,NA
CXM,97506333.33333333,157814000,3,159193000,1379000,857200000,0.674,519477000,NA,231415000,NA,0.0819
RXRX,-350293666.6666667,-378277000,3,-371808000,6469000,74681000,NA,915003000,4753000,545683000,0.0052,0.2944
ENTG,300000000,396200000,3,695400000,299200000,3196600000,0.4442,4156200000,3456000000,353600000,0.8315,-0.0476
ZNTL,-168244333.33333334,-125247000,3,-125247000,0,0,NA,143646000,NA,24783000,NA,NA
BBAI,-33129333.333333332,-42476000,3,-41951000,525000,127672000,0.2231,770324000,16643000,36278000,0.0216,-0.0929
PM,9773333333.333334,10664000000,3,12233000000,1569000000,40648000000,0.6712,-8583000000,42366000000,5999000000,NA,0.075
PRPL,-45352000,-41909000,3,-33830000,8079000,468725000,0.4023,-63767000,126679000,23300000,NA,-0.0418
UTZ,12633333.333333334,9400000,3,112200000,102800000,1438800000,0.249,695900000,838800000,58600000,1.2053,2e-4
CELH,228889333.33333334,323375000,3,359442000,36067000,1318014000,0.9615,1199584000,674850000,631234000,0.5626,0.3814
ALGM,67931333.33333333,124893000,3,163069000,38176000,890096000,0.4628,964276000,287159000,162029000,0.2978,-0.079
XENE,-207036666.66666666,-279917000,3,-279118000,799000,NA,NA,1242396000,NA,119527000,NA,NA
IDYA,-147499666.66666666,-73466000,3,-71098000,2368000,218710000,NA,1198905000,NA,272589000,NA,2.0582
PANW,3067266666.6666665,3469800000,3,3716000000,246200000,9221500000,0.7341,27668000000,NA,2364000000,NA,0.1567
CGEM,-151861666.66666666,-175799000,3,-175750000,49000,NA,NA,408730000,NA,78640000,NA,NA
HUBS,528488333.3333333,707552000,3,760717000,53165000,3131266000,0.8376,1656728000,NA,958314000,NA,0.2012
CAVA,12444000,26141000,3,184840000,158699000,1179664000,0.1529,841276000,NA,322763000,NA,0.2723
MRK,13199666666.666666,12360000000,3,16472000000,4112000000,65011000000,NA,41933000000,53381000000,6849000000,1.273,0.0399
VERX,59068500,116282000,2,165543000,49261000,748444000,0.6435,241107000,338605000,230489000,1.4044,0.1435
AI,-108066666.66666667,-192136000,3,-190228000,1908000,250268000,0.3092,653751000,NA,66197000,NA,-0.1023
COIN,NA,NA,0,2426383000,NA,7181325000,NA,13079665000,5944232000,8614065000,0.4545,0.52
FSLY,20404000,65750000,3,94444000,28694000,NA,NA,990817000,323958000,89798000,0.327,NA
HNST,10712333.333333334,13611000,3,15121000,1510000,371317000,0.3333,167020000,NA,105899000,NA,0.0384
BRZE,27461666.666666668,61850000,3,71438000,9588000,738182000,0.6715,581673000,NA,145289000,NA,0.2508
AXON,178078666.66666666,75081000,3,211339000,136258000,2779536000,0.5965,3674537000,1731817000,597704000,0.4713,0.3345
DDOG,822936333.3333334,1000557000,3,1050135000,49578000,3427158000,0.7996,4367160000,NA,434957000,NA,0.269
SANA,-224987666.66666666,-144766000,3,-143828000,938000,NA,NA,154568000,NA,57073000,NA,NA
LSCC,167320333.33333334,132580000,3,175107000,42527000,523262000,0.6821,787527000,NA,173305000,NA,-0.1575
KYMR,-192995000,-234340000,3,-232891000,1449000,39211000,NA,1509256000,NA,124477000,NA,-0.2937
U,289571333.3333333,403931000,3,422955000,19024000,1849648000,0.7417,3033890000,NA,2351987000,NA,-0.0804
QBTS,-60608333.333333336,-75844000,3,-71982000,3862000,24587000,0.8259,1083110000,34886000,296642000,0.0322,0.6755
VERA,-156543000,-241734000,3,-241104000,630000,NA,NA,407758000,75228000,48876000,0.1845,NA
IONQ,-171931000,-299604000,3,-283187000,16417000,130016000,NA,3327208000,NA,1235729000,NA,1.4287
TDUP,-35699000,-33063000,1,-22591000,10472000,310813000,0.7939,60748000,17722000,42169000,0.2917,0.0965
SOUN,-92433000,-99124000,3,-98222000,902000,NA,NA,490430000,NA,202776000,NA,NA
TSLA,4719333333.333333,6220000000,3,14747000000,8527000000,94827000000,0.1803,86858000000,7721000000,15219000000,0.0889,-0.0101
SNAP,230212333.33333334,437189000,3,656170000,218981000,5931447000,NA,1927088000,3381448000,958848000,1.7547,0.1348
CRNX,-263669333.33333334,-383684000,3,-377922000,5762000,1039000,NA,1191962000,NA,55498000,NA,0.3848
ARWR,-259353666.66666666,156886000,3,179552000,22666000,829448000,NA,465529000,NA,NA,NA,0.8562
ANAB,-79230666.66666667,19610000,3,19697000,87000,234603000,NA,12747000,NA,248469000,NA,2.6978
IONS,-399190666.6666667,-320027000,3,-268583000,51444000,943711000,NA,439737000,1760119000,350065000,4.0027,0.0946
RARE,-470666666.6666667,-472000000,3,-466000000,6000000,673000000,NA,-291000000,NA,125000000,NA,0.2453
NTRA,-35933333.333333336,109113000,3,215301000,106188000,2306113000,NA,1821499000,NA,NA,NA,0.4595
FROG,107407666.66666667,142269000,3,145729000,3460000,531840000,0.7679,960706000,NA,96692000,NA,0.2329
ETSY,702950666.6666666,678028000,3,693414000,15386000,2883501000,0.7164,-1395078000,2335911000,901281000,NA,0.0243
ZS,602868333.3333334,808201000,3,972453000,164252000,2673115000,0.7687,2598261000,NA,928354000,NA,0.2858
AMPL,23111666.666666668,28203000,3,29824000,1621000,343214000,0.7399,136198000,NA,73776000,NA,0.1146
ERAS,-102684000,-95583000,3,-95455000,128000,NA,NA,361869000,NA,42542000,NA,NA
TEAM,1224296333.3333333,1415543000,3,1460393000,44850000,5215304000,0.8284,1058442000,989560000,1239512000,0.9349,0.2147
DKNG,344147000,647503000,3,662855000,15352000,6054525000,NA,569428000,NA,983882000,NA,0.2852
NET,207633000,287497000,3,603114000,315617000,2167937000,0.7451,1620020000,NA,1663773000,NA,0.293
RGTI,-66194000,-77219000,3,-58543000,18676000,NA,NA,537434000,NA,27763000,NA,NA
RBLX,711854333.3333334,1355380000,3,1796358000,440978000,4890551000,NA,152000000,1009000000,991000000,6.6382,0.3218
INTA,70635000,121856000,3,123529000,1673000,504120000,0.7398,317603000,NA,162813000,NA,0.1986
ASAN,23424333.333333332,86569000,3,90361000,3792000,790806000,0.8903,104323000,NA,219562000,NA,0.1009
APPN,-19147666.666666668,59556000,3,62874000,3318000,726937000,0.7254,-105181000,236027000,121111000,NA,0.1545
MDB,245410666.66666666,500188000,3,505148000,4960000,2463797000,0.7175,2979981000,NA,1002401000,NA,0.2099
CRWD,1142264666.6666667,1310241000,3,1612349000,302108000,NA,NA,5101724000,746216000,5013847000,0.1463,NA
