date,symbol,news_sentiment,news_articles,wsb_mentions,wsb_rank,wsb_rank_chg,st_bullish,st_bearish,st_watchers,st_bull_ratio
2026-08-21,AAOI,NA,NA,11,36,54,1,1,25090,0.5
2026-08-22,AAOI,NA,NA,23,8,658,NA,NA,NA,NA
2026-08-21,AAPL,NA,NA,7,44,-5,NA,NA,NA,NA
2026-08-22,AAPL,-0.268832,2,NA,NA,NA,NA,NA,NA,NA
2026-08-21,ABUS,NA,NA,NA,NA,NA,0,0,16799,NA
2026-08-21,ADA.X,NA,NA,NA,NA,NA,0,0,129514,NA
2026-08-22,ADA.X,NA,NA,NA,NA,NA,0,0,129580,NA
2026-08-21,ADBE,0.448626,1,NA,NA,NA,NA,NA,NA,NA
2026-08-21,ALLE,0.405614,1,NA,NA,NA,NA,NA,NA,NA
2026-08-21,AM,NA,NA,21,21,5,NA,NA,NA,NA
2026-08-22,AM,NA,NA,4,28,-4,NA,NA,NA,NA
2026-08-21,AMD,NA,NA,10,37,-18,NA,NA,NA,NA
2026-08-22,AMP.X,NA,NA,NA,NA,NA,0,0,21905,NA
2026-08-21,AMZN,NA,NA,20,22,9,NA,NA,NA,NA
2026-08-22,ANNX,NA,NA,NA,NA,NA,0,0,1238,NA
2026-08-21,ARCT,NA,NA,NA,NA,NA,0,0,5511,NA
2026-08-22,ARE,0.11388499999999999,2,NA,NA,NA,NA,NA,NA,NA
2026-08-22,ARR,NA,NA,3,45,559,NA,NA,NA,NA
2026-08-22,ASST,NA,NA,NA,NA,NA,0,0,19516,NA
2026-08-21,ASTS,NA,NA,16,30,-7,NA,NA,NA,NA
2026-08-22,ASTS,NA,NA,4,29,1,NA,NA,NA,NA
2026-08-22,AVAX.X,NA,NA,NA,NA,NA,0,0,18058,NA
2026-08-21,AVGO,NA,NA,18,26,2,NA,NA,NA,NA
2026-08-21,AWK,-0.237009,1,NA,NA,NA,NA,NA,NA,NA
2026-08-21,BA,NA,NA,NA,NA,NA,0,0,197098,NA
2026-08-21,BABA,NA,NA,8,42,10,0,0,425135,NA
2026-08-22,BBAI,NA,NA,3,47,-47,NA,NA,NA,NA
2026-08-21,BBY,0.549948,1,NA,NA,NA,NA,NA,NA,NA
2026-08-22,BBY,0.09263,1,NA,NA,NA,NA,NA,NA,NA
2026-08-21,BE,NA,NA,7,49,-13,NA,NA,NA,NA
2026-08-22,BERZ,0.052424,1,NA,NA,NA,NA,NA,NA,NA
2026-08-22,BETA,NA,NA,NA,NA,NA,0,0,1203,NA
2026-08-21,BG,0.644286,1,NA,NA,NA,NA,NA,NA,NA
2026-08-22,BHVN,-0.233232,1,NA,NA,NA,NA,NA,NA,NA
2026-08-22,BIIB,0.270377,1,NA,NA,NA,NA,NA,NA,NA
2026-08-21,BTC.X,NA,NA,NA,NA,NA,5,0,676558,1
2026-08-22,BTC.X,NA,NA,NA,NA,NA,6,2,676811,0.75
2026-08-21,BULL,NA,NA,18,29,-24,NA,NA,NA,NA
2026-08-21,CCJ,NA,NA,NA,NA,NA,0,0,17351,NA
2026-08-22,CELC,NA,NA,NA,NA,NA,0,0,2221,NA
2026-08-21,CIFR,NA,NA,NA,NA,NA,0,0,23250,NA
2026-08-21,CINF,0.48109,1,NA,NA,NA,NA,NA,NA,NA
2026-08-22,CLX,-0.101839,1,NA,NA,NA,NA,NA,NA,NA
2026-08-21,CMII,0.483614,1,NA,NA,NA,NA,NA,NA,NA
2026-08-22,CNS,0.018485,1,NA,NA,NA,NA,NA,NA,NA
2026-08-22,CRCL,NA,NA,4,31,43,NA,NA,NA,NA
2026-08-21,CRDD,0.137763,1,NA,NA,NA,NA,NA,NA,NA
2026-08-22,CRM,NA,NA,7,21,203,NA,NA,NA,NA
2026-08-22,CRO.X,NA,NA,NA,NA,NA,0,0,37139,NA
2026-08-21,CRWD,NA,NA,7,48,291,NA,NA,NA,NA
2026-08-22,CSCO,0.271844,1,NA,NA,NA,NA,NA,NA,NA
2026-08-22,CSX,0.00488,1,NA,NA,NA,NA,NA,NA,NA
2026-08-21,CZR,-0.39578,1,NA,NA,NA,NA,NA,NA,NA
2026-08-21,DAL,0.422845,1,NA,NA,NA,NA,NA,NA,NA
2026-08-22,DAL,0.2549495,2,NA,NA,NA,NA,NA,NA,NA
2026-08-21,DE,NA,NA,NA,NA,NA,0,0,13487,NA
2026-08-22,DK,0.705395,1,NA,NA,NA,NA,NA,NA,NA
2026-08-21,DOGE.X,NA,NA,NA,NA,NA,4,0,349527,1
2026-08-22,DOGE.X,NA,NA,NA,NA,NA,2,0,349638,1
2026-08-21,DTE,NA,NA,62,10,5,NA,NA,NA,NA
2026-08-22,DTE,NA,NA,23,6,8,NA,NA,NA,NA
2026-08-22,DULL,0.036203,1,NA,NA,NA,NA,NA,NA,NA
2026-08-22,DV,NA,NA,3,44,-44,NA,NA,NA,NA
2026-08-22,EG,0.120165,1,NA,NA,NA,NA,NA,NA,NA
2026-08-22,EHLS,0.110754,1,NA,NA,NA,NA,NA,NA,NA
2026-08-21,EIX,-0.39545400000000003,1,NA,NA,NA,NA,NA,NA,NA
2026-08-21,ES,NA,NA,7,46,51,NA,NA,NA,NA
2026-08-22,ES,NA,NA,2,50,17,NA,NA,NA,NA
2026-08-21,ETH.X,NA,NA,NA,NA,NA,0,0,335232,NA
2026-08-22,ETH.X,NA,NA,NA,NA,NA,0,0,335349,NA
2026-08-22,EU,NA,NA,5,24,117,NA,NA,NA,NA
2026-08-22,EVEX,0.027741,1,NA,NA,NA,NA,NA,NA,NA
2026-08-21,EXK,NA,NA,NA,NA,NA,0,0,5575,NA
2026-08-21,EXR,0.176328,1,NA,NA,NA,NA,NA,NA,NA
2026-08-21,F,0.453925,1,NA,NA,NA,NA,NA,NA,NA
2026-08-21,FE,-0.42331,1,NA,NA,NA,NA,NA,NA,NA
2026-08-22,FMCC,NA,NA,NA,NA,NA,0,0,6713,NA
2026-08-22,FN,0.308754,1,NA,NA,NA,NA,NA,NA,NA
2026-08-22,FNMA,NA,NA,NA,NA,NA,1,0,17807,1
2026-08-22,FOR,NA,NA,3,42,39,NA,NA,NA,NA
2026-08-22,FORR,0.301434,1,NA,NA,NA,NA,NA,NA,NA
2026-08-21,GDX,NA,NA,7,50,415,0,0,30091,NA
2026-08-22,GDX,NA,NA,3,40,37,NA,NA,NA,NA
2026-08-22,GDYN,0.090821,1,NA,NA,NA,NA,NA,NA,NA
2026-08-22,GE,0.193609,1,NA,NA,NA,NA,NA,NA,NA
2026-08-21,GLD,NA,NA,28,18,9,0,0,96084,NA
2026-08-22,GLD,NA,NA,8,20,6,NA,NA,NA,NA
2026-08-21,GLW,-0.388766,1,NA,NA,NA,NA,NA,NA,NA
2026-08-21,GOF,NA,NA,NA,NA,NA,0,0,1357,NA
2026-08-21,GOOG,NA,NA,25,19,-3,NA,NA,NA,NA
2026-08-22,GOOG,NA,NA,4,27,-11,NA,NA,NA,NA
2026-08-21,GOOGL,NA,NA,24,20,-2,NA,NA,NA,NA
2026-08-22,GOOGL,NA,NA,3,46,-27,NA,NA,NA,NA
2026-08-21,GORO,0.448648,1,NA,NA,NA,NA,NA,NA,NA
2026-08-22,HLIT,0.192888,1,NA,NA,NA,NA,NA,NA,NA
2026-08-22,HMC,-0.3061125,2,NA,NA,NA,NA,NA,NA,NA
2026-08-21,HOOD,NA,NA,69,8,14,NA,NA,NA,NA
2026-08-22,HOOD,NA,NA,15,11,0,NA,NA,NA,NA
2026-08-22,HPE,0.077157,1,NA,NA,NA,NA,NA,NA,NA
2026-08-21,HTZ,NA,NA,36,15,6,NA,NA,NA,NA
2026-08-22,HUM,0.400921,1,NA,NA,NA,NA,NA,NA,NA
2026-08-21,HUT,NA,NA,NA,NA,NA,0,0,29640,NA
2026-08-22,HYDB,0.547984,1,NA,NA,NA,NA,NA,NA,NA
2026-08-22,HYLB,0.096952,1,NA,NA,NA,NA,NA,NA,NA
2026-08-21,IBB,NA,NA,NA,NA,NA,0,0,23650,NA
2026-08-21,ICE,0.034671,1,NA,NA,NA,NA,NA,NA,NA
2026-08-21,IEX,0.016544,1,NA,NA,NA,NA,NA,NA,NA
2026-08-22,INCY,0.262012,1,NA,NA,NA,NA,NA,NA,NA
2026-08-22,INFQ,NA,NA,5,26,679,NA,NA,NA,NA
2026-08-21,INTC,NA,NA,14,32,3,NA,NA,NA,NA
2026-08-22,INTC,NA,NA,3,33,15,NA,NA,NA,NA
2026-08-22,IQ,NA,NA,3,37,23,NA,NA,NA,NA
2026-08-21,IQV,0.004379,1,NA,NA,NA,NA,NA,NA,NA
2026-08-22,IR,0.126202,1,NA,NA,NA,NA,NA,NA,NA
2026-08-21,IREN,NA,NA,20,24,31,NA,NA,NA,NA
2026-08-22,IREN,NA,NA,18,9,24,NA,NA,NA,NA
2026-08-21,IT,0.265248,1,12,34,6,NA,NA,NA,NA
2026-08-22,IT,NA,NA,3,36,11,NA,NA,NA,NA
2026-08-21,JASMY.X,NA,NA,NA,NA,NA,0,0,25246,NA
2026-08-22,JASMY.X,NA,NA,NA,NA,NA,0,0,25251,NA
2026-08-22,JJM,-0.046564,1,NA,NA,NA,NA,NA,NA,NA
2026-08-22,JNUG,NA,NA,NA,NA,NA,0,0,78769,NA
2026-08-22,JOYT,0.030702,1,NA,NA,NA,NA,NA,NA,NA
2026-08-22,JPM,-0.1930845,2,NA,NA,NA,NA,NA,NA,NA
2026-08-22,JUST,NA,NA,3,39,382,NA,NA,NA,NA
2026-08-22,KDP,0.222575,1,NA,NA,NA,NA,NA,NA,NA
2026-08-21,KEEL,NA,NA,10,39,83,NA,NA,NA,NA
2026-08-22,KEYS,0.016477,1,NA,NA,NA,NA,NA,NA,NA
2026-08-21,KHC,0.361337,1,NA,NA,NA,NA,NA,NA,NA
2026-08-22,KHC,0.111964,1,NA,NA,NA,NA,NA,NA,NA
2026-08-21,KTA.X,NA,NA,NA,NA,NA,0,0,2514,NA
2026-08-22,KTA.X,NA,NA,NA,NA,NA,0,0,2520,NA
2026-08-21,LH,-0.104199,1,NA,NA,NA,NA,NA,NA,NA
2026-08-21,LII,0.177689,1,NA,NA,NA,NA,NA,NA,NA
2026-08-21,LNT,0.413464,1,NA,NA,NA,NA,NA,NA,NA
2026-08-22,LYFT,NA,NA,NA,NA,NA,0,0,42510,NA
2026-08-21,MEGX,0.064565,1,NA,NA,NA,NA,NA,NA,NA
2026-08-21,META,NA,NA,68,9,2,NA,NA,NA,NA
2026-08-22,META,NA,NA,12,15,-7,NA,NA,NA,NA
2026-08-21,MO,-0.165307,1,NA,NA,NA,NA,NA,NA,NA
2026-08-22,MO,NA,NA,3,34,129,NA,NA,NA,NA
2026-08-21,MOS,0.375445,1,NA,NA,NA,NA,NA,NA,NA
2026-08-21,MRNA,NA,NA,125,4,-3,NA,NA,NA,NA
2026-08-22,MRNA,NA,NA,31,3,-1,NA,NA,NA,NA
2026-08-21,MRVL,NA,NA,20,23,10,NA,NA,NA,NA
2026-08-22,MRVL,NA,NA,8,19,9,NA,NA,NA,NA
2026-08-21,MSCI,0.230099,1,NA,NA,NA,NA,NA,NA,NA
2026-08-21,MSFT,NA,NA,15,31,-1,NA,NA,NA,NA
2026-08-22,MSFT,0.317783,1,3,32,-10,NA,NA,NA,NA
2026-08-21,MSTR,NA,NA,60,11,1,2,0,82297,1
2026-08-22,MSTR,NA,NA,9,18,-8,NA,NA,NA,NA
2026-08-22,MSTY,NA,NA,NA,NA,NA,0,0,9257,NA
2026-08-21,MU,NA,NA,131,3,1,NA,NA,NA,NA
2026-08-22,MU,NA,NA,24,5,-2,NA,NA,NA,NA
2026-08-21,NBIS,NA,NA,19,25,-8,NA,NA,NA,NA
2026-08-22,NBIS,NA,NA,3,48,-30,NA,NA,NA,NA
2026-08-21,NFLX,NA,NA,7,45,-13,NA,NA,NA,NA
2026-08-21,NOW,NA,NA,7,47,3,NA,NA,NA,NA
2026-08-22,NOW,NA,NA,9,16,53,NA,NA,NA,NA
2026-08-21,NTRS,0.471975,1,NA,NA,NA,NA,NA,NA,NA
2026-08-22,NTRS,0.396163,1,NA,NA,NA,NA,NA,NA,NA
2026-08-21,NUVB,NA,NA,NA,NA,NA,0,0,3464,NA
2026-08-21,NVDA,NA,NA,132,2,8,NA,NA,NA,NA
2026-08-22,NVDA,NA,NA,76,2,4,NA,NA,NA,NA
2026-08-22,OI,NA,NA,5,23,335,NA,NA,NA,NA
2026-08-21,ON,0.185902,1,NA,NA,NA,NA,NA,NA,NA
2026-08-21,ONDO.X,NA,NA,NA,NA,NA,0,0,6892,NA
2026-08-21,ONDS,NA,NA,18,28,20,NA,NA,NA,NA
2026-08-22,ORCL,-0.2281275,2,NA,NA,NA,NA,NA,NA,NA
2026-08-21,PAYC,0.419198,1,NA,NA,NA,NA,NA,NA,NA
2026-08-21,PEG,-0.231934,1,NA,NA,NA,NA,NA,NA,NA
2026-08-22,PFG,0.333415,1,NA,NA,NA,NA,NA,NA,NA
2026-08-22,PG,NA,NA,NA,NA,NA,0,0,23514,NA
2026-08-21,PH,1.79e-4,1,NA,NA,NA,NA,NA,NA,NA
2026-08-21,PKG,0.118886,1,NA,NA,NA,NA,NA,NA,NA
2026-08-21,PLTR,NA,NA,28,17,26,NA,NA,NA,NA
2026-08-21,PM,-0.429832,1,NA,NA,NA,NA,NA,NA,NA
2026-08-22,PNR,-0.631787,1,NA,NA,NA,NA,NA,NA,NA
2026-08-21,PPL,-0.229224,1,NA,NA,NA,NA,NA,NA,NA
2026-08-21,QCOM,0.267692,1,NA,NA,NA,NA,NA,NA,NA
2026-08-21,QQQ,NA,NA,85,6,3,NA,NA,NA,NA
2026-08-22,QQQ,NA,NA,17,10,-5,NA,NA,NA,NA
2026-08-22,RAM,NA,NA,NA,NA,NA,0,0,1177,NA
2026-08-21,RDDT,NA,NA,57,13,-10,NA,NA,NA,NA
2026-08-22,RDDT,NA,NA,5,25,-21,NA,NA,NA,NA
2026-08-21,RIVN,NA,NA,8,43,25,NA,NA,NA,NA
2026-08-21,RJF,0.118563,1,NA,NA,NA,NA,NA,NA,NA
2026-08-21,RKLB,NA,NA,10,38,-14,NA,NA,NA,NA
2026-08-21,RNA,NA,NA,18,27,-19,NA,NA,NA,NA
2026-08-22,RNA,NA,NA,3,43,-26,NA,NA,NA,NA
2026-08-22,ROKU,NA,NA,NA,NA,NA,0,0,133997,NA
2026-08-21,ROST,0.411384,1,NA,NA,NA,NA,NA,NA,NA
2026-08-22,SAP,NA,NA,2,49,105,NA,NA,NA,NA
2026-08-22,SHW,0.450836,1,NA,NA,NA,NA,NA,NA,NA
2026-08-21,SLS,NA,NA,59,12,2,1,0,60760,1
2026-08-22,SLS,NA,NA,23,7,22,NA,NA,NA,NA
2026-08-21,SNDK,NA,NA,91,5,2,NA,NA,NA,NA
2026-08-22,SNDK,NA,NA,27,4,3,NA,NA,NA,NA
2026-08-22,SNOW,NA,NA,3,38,372,NA,NA,NA,NA
2026-08-21,SOFI,NA,NA,13,33,29,NA,NA,NA,NA
2026-08-21,SOL.X,NA,NA,NA,NA,NA,0,0,80599,NA
2026-08-21,SOXL,NA,NA,11,35,3,NA,NA,NA,NA
2026-08-21,SPCX,NA,NA,30,16,-3,NA,NA,NA,NA
2026-08-22,SPCX,NA,NA,9,17,-5,NA,NA,NA,NA
2026-08-21,SPGI,0.338783,1,NA,NA,NA,NA,NA,NA,NA
2026-08-21,SPY,NA,NA,213,1,1,NA,NA,NA,NA
2026-08-22,SPY,NA,NA,77,1,0,NA,NA,NA,NA
2026-08-21,SRE,-0.357644,2,NA,NA,NA,NA,NA,NA,NA
2026-08-21,SYF,0.006045,1,NA,NA,NA,NA,NA,NA,NA
2026-08-22,TECL,NA,NA,NA,NA,NA,0,0,4882,NA
2026-08-22,TEM,NA,NA,4,30,36,NA,NA,NA,NA
2026-08-21,TLT,NA,NA,9,41,-7,NA,NA,NA,NA
2026-08-22,TLT,NA,NA,3,41,3,NA,NA,NA,NA
2026-08-21,TMO,0.041515,1,NA,NA,NA,NA,NA,NA,NA
2026-08-22,TOSHI.X,NA,NA,NA,NA,NA,0,0,5626,NA
2026-08-21,TPL,0.521853,1,NA,NA,NA,NA,NA,NA,NA
2026-08-21,TRLV,NA,NA,NA,NA,NA,0,0,7715,NA
2026-08-22,TRUMP.X,NA,NA,NA,NA,NA,1,0,12651,1
2026-08-21,TSLA,NA,NA,80,7,13,NA,NA,NA,NA
2026-08-22,TSLA,NA,NA,13,13,0,NA,NA,NA,NA
2026-08-22,TTWO,NA,NA,3,35,178,NA,NA,NA,NA
2026-08-22,TWST,NA,NA,NA,NA,NA,0,0,4255,NA
2026-08-21,ULTA,-0.226477,1,NA,NA,NA,NA,NA,NA,NA
2026-08-22,ULTA,-0.033537,1,NA,NA,NA,NA,NA,NA,NA
2026-08-21,USMX,0.003695,1,NA,NA,NA,NA,NA,NA,NA
2026-08-21,USO,NA,NA,9,40,-3,NA,NA,NA,NA
2026-08-22,USO,NA,NA,12,14,27,NA,NA,NA,NA
2026-08-22,VLTO,0.410245,1,NA,NA,NA,NA,NA,NA,NA
2026-08-21,VMC,0.035026,1,NA,NA,NA,NA,NA,NA,NA
2026-08-22,VOO,NA,NA,14,12,31,NA,NA,NA,NA
2026-08-21,VZ,0.187403,1,NA,NA,NA,NA,NA,NA,NA
2026-08-22,WFC,-0.293303,1,NA,NA,NA,NA,NA,NA,NA
2026-08-21,WMT,NA,NA,39,14,-8,NA,NA,NA,NA
2026-08-22,WMT,NA,NA,6,22,-13,NA,NA,NA,NA
2026-08-21,WTW,0.428992,1,NA,NA,NA,NA,NA,NA,NA
2026-08-21,WULF,NA,NA,NA,NA,NA,0,0,31134,NA
2026-08-22,XAGUSD,NA,NA,NA,NA,NA,0,0,3623,NA
2026-08-21,XCN.X,NA,NA,NA,NA,NA,0,0,8014,NA
2026-08-22,XNDU,NA,NA,NA,NA,NA,0,0,6426,NA
2026-08-22,XRP.X,NA,NA,NA,NA,NA,0,0,236460,NA
2026-08-22,YUM,0.101262,1,NA,NA,NA,NA,NA,NA,NA
2026-08-21,ZBCN.X,NA,NA,NA,NA,NA,0,0,5700,NA
2026-08-22,ZBCN.X,NA,NA,NA,NA,NA,0,0,5702,NA
2026-08-21,ZEC.X,NA,NA,NA,NA,NA,0,0,10702,NA
2026-08-22,ZEC.X,NA,NA,NA,NA,NA,0,0,10833,NA
