rank,ticker,name,mentions,upvotes,rank_24h_ago,mentions_24h_ago,mentions_chg,rank_chg,momentum
1,SPY,SPDR S&amp;P 500 ETF Trust,332,1419,1,204,128,0,Steady
2,MU,Micron Technology,234,762,2,173,61,0,Steady
3,AMD,AMD,138,2844,32,12,126,29,Surging
4,QQQ,Invesco QQQ ETF,119,264,4,103,16,0,Steady
5,NVDA,NVIDIA,105,569,5,100,5,0,Steady
6,SPCX,SpaceX,103,388,3,176,-73,-3,Fading
7,HTZ,Hertz,81,77,123,4,77,116,Surging
8,SNDK,Sandisk,65,209,13,31,34,5,Surging
9,MRVL,Marvell Technology Group,46,72,42,8,38,33,Surging
10,WDC,Western Digital,43,71,17,21,22,7,Surging
11,VST,Vistra,43,74,9,36,7,-2,Fading
12,DTE,DTE Energy,41,124,6,57,-16,-6,Falling
13,TSLA,Tesla,34,42,10,43,-9,-3,Fading
14,AVGO,Broadcom,33,77,27,15,18,13,Surging
15,PENG,Penguin Solutions,31,54,517,1,30,502,Surging
16,MSFT,Microsoft,30,154,8,45,-15,-8,Falling
17,INTC,Intel,30,43,24,16,14,7,Surging
18,RKLB,Rocket Lab USA,29,43,40,11,18,22,Surging
19,APLD,Applied Blockchain,27,56,14,24,3,-5,Falling
20,NKE,Nike,26,32,12,32,-6,-8,Falling
21,GOOG,Alphabet (Google),25,49,16,21,4,-5,Falling
22,NFLX,Netflix,25,35,20,22,3,-2,Fading
23,ASTS,AST SpaceMobile,24,40,47,9,15,24,Surging
24,AAPL,Apple,23,38,26,14,9,2,Rising
25,LULU,lululemon athletica,22,44,38,10,12,13,Surging
26,AMZN,Amazon,21,42,11,31,-10,-15,Falling
27,CEG,Constellation Energy,21,32,468,1,20,441,Surging
28,NBIS,Nebius Group,21,38,19,13,8,-9,Falling
29,STX,Seagate Technology,20,42,52,7,13,23,Surging
30,GOOGL,Alphabet (Google),20,44,34,12,8,4,Rising
31,ET,Energy Transfer Partners,19,31,30,12,7,-1,Steady
32,VOO,Vanguard S&amp;P 500 ETF,19,99,46,8,11,14,Surging
33,RDDT,Reddit,18,500,25,16,2,-8,Falling
34,SOXL,Direxion Shares ETF Trust - Direxion Daily Semiconductor Bull 3X Share,17,29,28,13,4,-6,Falling
35,MRNA,Moderna,15,14,33,13,2,-2,Fading
36,INFQ,Infleqtion,15,62,69,7,8,33,Surging
37,MSTR,MicroStrategy,14,225,62,6,8,25,Surging
38,OKLO,Oklo,14,16,67,5,9,29,Surging
39,META,Meta Platforms (Facebook),12,19,15,19,-7,-24,Falling
40,IT,Gartner,11,31,36,11,0,-4,Fading
41,AM,Antero Midstream,11,26,21,20,-9,-20,Falling
42,IWM,BlackRock Institutional Trust Company N.A. - BTC iShares Russell 2000,11,12,39,11,0,-3,Fading
43,YOU,CLEAR Secure,10,16,18,17,-7,-25,Falling
44,IQ,iQIYI,9,48,76,4,5,32,Surging
45,CC,Chemours,9,35,104,6,3,59,Surging
46,NOK,Nokia,9,13,109,2,7,63,Surging
47,HOOD,Robinhood,9,14,55,7,2,8,Surging
48,UP,Wheels Up,9,12,64,4,5,16,Surging
49,ORCL,Oracle,8,17,48,8,0,-1,Steady
50,ALL,Allstate,8,12,45,10,-2,-5,Falling
